cells,samples,cell.types,treatment.group,Cohort,no.of.genes,no.of.reads,genes_detected_counts,n_counts
cy04.3_CD45pos_S35,Mel04.3,T.CD8,post.treatment,New,5796,288722,5675,12981.156215902567
CY89A_CD45_POS_6_F03_S159_comb,Mel89,Macrophage,treatment.naive,Tirosh,3406,111052,3183,9080.866198977796
cy102_CD45pos_S190,Mel102,T.CD4,post.treatment,New,5052,498828,4894,11125.874680386954
CY75_1_CD45_CD8_7__S264_comb_BCD8,Mel75,T.CD8,post.treatment,Tirosh,2254,17198,2172,9288.39504115564
cy79_p3_CD45_pos_PD1_pos_AS_C2_R1_D02_S422_comb,Mel79,T.CD8,treatment.naive,Tirosh,2861,33520,2715,9569.031366957799
cy129PB_CD45pos_S280,Mel129pb,T.CD8,treatment.naive,New,3249,275878,3065,8152.578260664122
cy126_CD45pos_2_S175,Mel126,T.CD8,post.treatment,New,3787,509907,3599,8307.729035706569
cy80_Cd45_pos_Pd1_neg_S252_C12_S252_comb,Mel80,B.cell,treatment.naive,Tirosh,4242,107473,4009,10820.80401905793
CY75_1_CD45_CD8_8__S323_comb_BCD8,Mel75,T.CD8,post.treatment,Tirosh,3497,192160,3314,8718.078847402972
merck_cd45pos_PL3_S315,Mel194,T.CD8,post.treatment,New,4131,310823,3928,9266.015643976767
merck_cd45pos_PL3_S312,Mel194,T.CD8,post.treatment,New,4834,1085726,4689,8946.326081322237
Cy72_CD45_F06_S738_comb,Mel72,?,post.treatment,Tirosh,3780,121104,3560,9043.230946242962
cy129PA_CD45pos_S22,Mel129pa,T.CD8,treatment.naive,New,3658,457350,3472,6608.3802862956745
cy121.1_CD45pos_S344,Mel121.1,T.CD4,post.treatment,New,4693,400398,4526,9297.255621553631
CY88CD45_150813_E11_S347_comb,Mel88,T.CD4,post.treatment,Tirosh,3761,204904,3536,8600.59813360016
CY75_1_CD45_CD8_7__S220_comb_BCD8,Mel75,T.CD8,post.treatment,Tirosh,4619,255290,4433,11285.759352904162
CY89FNA_H07_S283_comb,Mel89,?,treatment.naive,Tirosh,2671,46701,2527,8164.389809331016
CY58_1_CD45_B01_S973_comb,Mel58,T.cell,post.treatment,Tirosh,3149,114935,2930,7340.363400342294
cy58_1_CD45_pos_B05_S593_comb,Mel58,T.cell,post.treatment,Tirosh,2999,33823,2796,9176.13114633154
cy53_1_CD45_pos_1_B01_S13_comb,Mel53,NK,treatment.naive,Tirosh,4412,166958,4163,10727.466119442295
MGH00478_CD45pos_1_S277,Mel478,B.cell,treatment.naive,New,4337,721996,4152,7903.234589180642
cy80_Cd45_pos_Pd1_neg_S293_E05_S293_comb,Mel80,NK,treatment.naive,Tirosh,6021,149275,5819,15411.618386295488
cy112_CD45pos_S1,Mel112,B.cell,treatment.naive,New,5983,3315657,5873,10450.69561763285
cy126_CD45pos_1_S70,Mel126,?,post.treatment,New,2374,638257,2181,5235.887132140326
cy129PA_CD45pos_S91,Mel129pa,T.CD8,treatment.naive,New,4072,556833,3864,9195.31990767282
cy94_cd45pos_4_C06_S30_comb,Mel94,B.cell,post.treatment,Tirosh,4148,141039,3926,11149.065808864527
cy129PA_CD45pos_S36,Mel129pa,T.CD4,treatment.naive,New,3921,502566,3725,7068.753276427951
cy84_Met_CD45_pos_H05_S953_comb,Mel84,B.cell,treatment.naive,Tirosh,2397,60684,2225,7752.398283802343
cy79_p1_CD45_pos_PD1_neg_AS_C1_R2_H08_S572_comb,Mel79,T.CD8,treatment.naive,Tirosh,3507,63564,3269,9615.455434078602
cy126_CD45pos_2_S155,Mel126,T.CD4,post.treatment,New,3798,328217,3619,6758.452947234572
cy80_CD45_pos_PD1_pos_H12_S192_comb,Mel80,T.cell,treatment.naive,Tirosh,8208,62425,8063,18171.769139682812
cy94_cd45pos_4_G02_S74_comb,Mel94,B.cell,post.treatment,Tirosh,6196,451654,6025,12395.316002714379
cy129PB_CD45pos_S202,Mel129pb,Macrophage,treatment.naive,New,5854,1516785,5709,11251.697404073699
cy94_cd45pos_F05_S161_comb,Mel94,B.cell,post.treatment,Tirosh,4502,222904,4303,10368.981138596886
CY88CD45_150813_G06_S366_comb,Mel88,Macrophage,post.treatment,Tirosh,6333,690531,6161,12071.706662254212
cy79_p4_CD45_pos_PD1_pos_G02_S362_comb,Mel79,T.CD8,treatment.naive,Tirosh,4091,270618,3872,8906.105857262382
cy80_CD45_pos_PD1_pos_G12_S180_comb,Mel80,T.CD4,treatment.naive,Tirosh,4078,99341,3867,11104.51067152786
cy80_CD45_neg_D03_S423_comb,Mel80,T.cell,treatment.naive,Tirosh,4558,206106,4343,11515.305845622008
cy94_cd45pos_4_G07_S79_comb,Mel94,T.CD4,post.treatment,Tirosh,4241,170708,4029,10062.642367943401
cy58_1_CD45_pos_F01_S637_comb,Mel58,T.CD8,post.treatment,Tirosh,3845,115603,3633,9576.730761247769
CY89COREQ1_F11_S359_comb,Mel89,T.CD8,treatment.naive,Tirosh,3968,203212,3726,9293.78782849503
cy80_CD45_pos_PD1_pos_H04_S184_comb,Mel80,T.CD4,treatment.naive,Tirosh,3893,89962,3718,11013.703246605004
cy103_CD45pos_S119,Mel103,T.CD8,treatment.naive,New,4536,371900,4326,9313.178852265819
cy75_1CORE_CD45pos_S86,Mel75,T.cell,post.treatment,New,4198,334048,4027,8277.749410381533
cy60_1_cd_45_pos_3_F04_S352_comb,Mel60,T.cell,post.treatment,Tirosh,3324,97721,3104,9878.688561425452
CY89COREQ1_D12_S336_comb,Mel89,T.cell,treatment.naive,Tirosh,3830,124765,3567,9435.351904834146
CY89COREQ1_E03_S339_comb,Mel89,B.cell,treatment.naive,Tirosh,3398,92647,3172,8601.329547356061
cy110_CD45pos_S345,Mel110,Macrophage,post.treatment,New,5790,690129,5579,10681.668786801554
cy79_p5_CD45_pos_PD1_pos_E04_S628_comb,Mel79,T.CD8,treatment.naive,Tirosh,4540,102455,4354,10388.89452921956
MGH00478_CD45pos_2_S371,Mel478,T.cell,treatment.naive,New,3046,315167,2838,5418.729901810464
cy103_CD45pos_S209,Mel103,T.cell,treatment.naive,New,4104,261710,3897,9331.22629964014
merck_cd45pos_PL3_S355,Mel194,T.CD4,post.treatment,New,4607,668640,4472,9558.071217041748
cy105_Zombineg_CD45neg_CD90neg_S119,Mel105,?,treatment.naive,New,5611,411982,5417,11669.130226728717
cy79_p1_CD45_pos_PD1_neg_AS_C1_R2_C07_S511_comb,Mel79,B.cell,treatment.naive,Tirosh,2609,31418,2391,8648.125689358178
CY75_1_CD45_CD8_7__S231_comb_BCD8,Mel75,T.CD8,post.treatment,Tirosh,5047,448988,4877,11292.050337792793
cy60_1_cd_45_pos_HC_pos_HLDAR_pos_G08_S1040_comb,Mel60,B.cell,post.treatment,Tirosh,2724,91456,2522,7471.19124643043
cy75_1CORE_CD45pos_S68,Mel75,T.CD4,post.treatment,New,4313,316307,4097,8815.300210385862
cy80_CD45_neg_D05_S905_comb,Mel80,Endo.,treatment.naive,Tirosh,4231,15090,4165,15274.144565663328
CY89A_CD45_POS_6_A04_S100_comb,Mel89,Macrophage,treatment.naive,Tirosh,5688,300414,5457,12317.355187650399
cy79_p4_CD45_pos_PD1_pos_F04_S352_comb,Mel79,T.CD8,treatment.naive,Tirosh,3170,117520,2964,8801.53624858729
cy112_CD45pos_S355,Mel112,B.cell,treatment.naive,New,5239,1333136,5117,8770.103230279909
cy102_CD45pos_S124,Mel102,T.CD8,post.treatment,New,4910,654893,4758,10360.130063839884
CY89A_Core_15_B02_S14_comb,Mel89,Macrophage,treatment.naive,Tirosh,4679,187749,4448,11488.543686390887
cy80_CD45_neg_F05_S449_comb,Mel80,T.CD8,treatment.naive,Tirosh,3482,58413,3301,11043.343059547009
CY89A_CD45_POS_6_G11_S179_comb,Mel89,T.CD8,treatment.naive,Tirosh,2182,32020,2001,7610.345165751517
cy110_CD45neg_CD90neg_S273,Mel110,?,post.treatment,New,2875,1183905,2655,3413.8346577425573
cy53_1_CD45_pos_2_H09_S1053_comb,Mel53,T.CD8,treatment.naive,Tirosh,5080,232926,4863,11815.620573443182
cy103_CD45pos_S223,Mel103,B.cell,treatment.naive,New,5843,635809,5666,11401.19310269577
cy126_CD45pos_1_S36,Mel126,T.CD4,post.treatment,New,4104,418506,3915,8393.99687266976
cy102_CD45pos_S128,Mel102,T.cell,post.treatment,New,5772,732052,5586,12220.327172426107
CY75_1_CD45_CD8_7__S242_comb_BCD8,Mel75,T.CD8,post.treatment,Tirosh,3927,242617,3722,9572.875560290357
cy121.1_CD45pos_S207,Mel121.1,NK,post.treatment,New,3843,1070785,3676,6631.84792629445
monika_F7_S150_comb_BCD8_3,Mel75,T.CD8,post.treatment,Tirosh,5767,1132051,5663,10786.727704105739
cy72_CD45_pos_G08_S944_comb,Mel72,T.CD4,post.treatment,Tirosh,3861,92073,3645,9674.207713508655
CY88CD45POS_7_E01_S241_comb,Mel88,T.CD4,post.treatment,Tirosh,3192,280846,2974,5504.341165564144
cy126_CD45pos_2_S177,Mel126,T.CD8,post.treatment,New,4537,692423,4313,9502.138048586618
MGH00478_CD45pos_2_S336,Mel478,T.CD8,treatment.naive,New,3983,663426,3800,7774.595678706257
cy75_1B_CD45pos_S59,Mel75,T.CD8,post.treatment,New,4333,308042,4128,8813.056027306673
cy116_CD45pos_S321,Mel116,T.CD8,treatment.naive,New,4345,384137,4138,9259.475655576267
cy79_p4_CD45_pos_PD1_pos_G08_S368_comb,Mel79,T.CD8,treatment.naive,Tirosh,4051,181353,3837,9221.753766636215
cy79_p1_CD45_pos_PD1_neg_AS_C1_R2_C02_S506_comb,Mel79,T.CD8,treatment.naive,Tirosh,3768,63063,3571,10620.129615022786
CY94CD45POS_1_B06_S114_comb,Mel94,B.cell,post.treatment,Tirosh,5287,218841,5140,12438.929283197907
cy105_CD45neg_S277,Mel105,Endo.,treatment.naive,New,6631,766591,6494,13119.048553745746
cy102_CD45pos_S211,Mel102,T.cell,post.treatment,New,5175,543097,4996,10077.26930181375
merck_cd45pos_PL3_S331,Mel194,T.CD8,post.treatment,New,4597,707463,4420,9279.338527690385
cy75_1CORE_CD45pos_S72,Mel75,T.cell,post.treatment,New,3763,139386,3565,8555.584702804252
CY75_1_CD45_CD8_1__S96_comb_BCD8,Mel75,T.CD8,post.treatment,Tirosh,4704,319728,4521,11322.599111221336
cy102_CD45pos_S97,Mel102,Macrophage,post.treatment,New,9049,1151281,8908,16622.628651221792
cy84_Met_CD45_pos_C07_S895_comb,Mel84,T.CD4,treatment.naive,Tirosh,2478,97936,2272,7222.399937517909
cy74_CD45_pos_F02_S734_comb,Mel74,B.cell,post.treatment,Tirosh,2486,39967,2284,7797.705384566647
cy84_Met_CD45_pos_A04_S868_comb,Mel84,T.CD8,treatment.naive,Tirosh,2354,90547,2151,6322.793645260481
cy79_p3_CD45_pos_PD1_pos_AS_C2_R1_E07_S439_comb,Mel79,T.CD8,treatment.naive,Tirosh,2178,29954,2015,8033.260100547897
cy80_CD45_neg_A07_S391_comb,Mel80,T.CD4,treatment.naive,Tirosh,3645,138271,3451,10269.108928805765
cy82_CD45_neg_3_C08_S800_comb,Mel82,CAF,treatment.naive,Tirosh,2253,337671,2146,7419.063494965467
cy102_CD45pos_S105,Mel102,T.cell,post.treatment,New,5252,366508,5071,11195.42834643467
cy112_CD45pos_S322,Mel112,T.cell,treatment.naive,New,5764,1043736,5630,9087.358983257178
cy88_cd45pos_5_D05_S233_comb,Mel88,T.CD4,post.treatment,Tirosh,5280,939624,5114,8928.41655463658
cy105_CD45pos_S205,Mel105,T.cell,treatment.naive,New,4384,309218,4202,9233.68673957705
cy116_CD45pos_S354,Mel116,T.CD8,treatment.naive,New,5460,547071,5242,12111.700093585438
CY89COREQ1_G09_S369_comb,Mel89,B.cell,treatment.naive,Tirosh,2670,41063,2465,8082.954726044018
cy79_p3_CD45_pos_PD1_pos_AS_C2_R1_B08_S404_comb,Mel79,T.CD8,treatment.naive,Tirosh,3624,57635,3410,10333.60773474701
cy74_CD45_pos_D05_S713_comb,Mel74,T.CD8,post.treatment,Tirosh,2426,14279,2320,9833.128983267085
CY89COREQ1_G06_S366_comb,Mel89,B.cell,treatment.naive,Tirosh,3187,60176,2990,8889.043078389781
cy75_1CORE_CD45pos_S42,Mel75,T.CD4,post.treatment,New,4774,494641,4602,9125.909483689476
cy53_1_CD45_pos_2_C12_S996_comb,Mel53,Macrophage,treatment.naive,Tirosh,4444,134916,4212,10742.312372780725
Cy74_CD45_H02_S470_comb,Mel74,T.CD8,post.treatment,Tirosh,3263,123948,3053,9479.77105650138
CY88CD45POS_7_E09_S249_comb,Mel88,Macrophage,post.treatment,Tirosh,5948,984981,5770,11238.498681798887
cy121.1_CD45pos_S204,Mel121.1,B.cell,post.treatment,New,4706,1182683,4564,7691.866941247312
cy53_1_CD45_pos_2_A04_S964_comb,Mel53,NK,treatment.naive,Tirosh,4053,84121,3840,11710.422063389899
Cy81_Bulk_CD45_D06_S138_comb,Mel81,?,treatment.naive,Tirosh,7171,437386,6996,16035.987064684079
cy74_CD45_pos_D10_S718_comb,Mel74,T.CD8,post.treatment,Tirosh,2543,25013,2431,9532.350663865387
cy75_1B_CD45pos_S81,Mel75,T.CD8,post.treatment,New,4407,364436,4207,8247.224941184832
CY58_1_CD45_D11_S1007_comb,Mel58,T.cell,post.treatment,Tirosh,3084,134508,2899,8061.68053960089
CY58_1_CD45_C12_S996_comb,Mel58,?,post.treatment,Tirosh,3209,166323,2991,7725.234438411633
cy79_p4_CD45_pos_PD1_pos_G12_S372_comb,Mel79,T.CD8,treatment.naive,Tirosh,3367,71978,3146,9813.941211501406
cy105_CD45neg_S216,Mel105,Endo.,treatment.naive,New,6819,1198540,6691,12833.405407945747
cy80_Cd45_pos_PD1_pos_C10_S70_comb,Mel80,T.cell,treatment.naive,Tirosh,4476,138406,4231,11371.544150258449
cy98_CD45pos_2_S298,Mel98,Macrophage,post.treatment,New,3806,326545,3601,8709.577721869173
cy75_1B_CD45pos_S40,Mel75,T.cell,post.treatment,New,4320,518116,4167,7895.982681957615
CY89COREQ1_D02_S326_comb,Mel89,T.CD8,treatment.naive,Tirosh,3285,110714,3062,8899.84478532695
cy79_p3_CD45_pos_PD1_neg_B12_S120_comb,Mel79,B.cell,treatment.naive,Tirosh,2464,32276,2287,8092.928154444949
cy74_CD45_pos_C09_S705_comb,Mel74,T.CD8,post.treatment,Tirosh,3030,59220,2846,9383.482652666127
CY94CD45POS_1_F02_S158_comb,Mel94,T.cell,post.treatment,Tirosh,5024,401501,4855,9578.845741475649
CY88CD45_150813_E05_S341_comb,Mel88,B.cell,post.treatment,Tirosh,5114,824773,4911,10292.198875455844
cy128_CD45pos_S179,Mel128,T.CD8,treatment.naive,New,4078,1064761,3906,6358.1812378781715
CY75_1_CD45_CD8_8__S322_comb_BCD8,Mel75,T.CD8,post.treatment,Tirosh,7225,468704,7066,16422.006342822613
cy105_CD45pos_S286,Mel105,T.CD8,treatment.naive,New,3878,312475,3689,8072.029949673952
cy98_CD45pos_CD8pos_S31,Mel98,T.CD8,post.treatment,New,5188,216571,5016,12394.470951092713
cy75_1B_CORE_CD45neg_S177,Mel75,CAF,post.treatment,New,9241,1690585,9077,13959.049731273462
cy105_CD45pos_S255,Mel105,T.cell,treatment.naive,New,4746,632697,4572,9370.929619467612
cy60_1_cd_45_pos_3_A09_S297_comb,Mel60,B.cell,post.treatment,Tirosh,5008,55678,4803,14468.611167003617
cy79_p3_CD45_pos_PD1_pos_AS_C2_R1_A02_S386_comb,Mel79,T.CD8,treatment.naive,Tirosh,4295,388078,4053,9467.539974190913
cy79_p4_CD45_pos_PD1_pos_C09_S321_comb,Mel79,T.CD8,treatment.naive,Tirosh,3424,162231,3186,8544.272251115875
cy80_CD_90_pos_B06_S882_comb,Mel80,CAF,treatment.naive,Tirosh,7929,169145,7755,19563.468388821042
cy98_CD45pos_2_S313,Mel98,T.cell,post.treatment,New,3745,633617,3528,6598.55795686805
cy105_CD45pos_S243,Mel105,Macrophage,treatment.naive,New,5758,1149867,5614,11180.94251731869
CY89A_CD45_POS_10_G06_S270_comb,Mel89,T.CD8,treatment.naive,Tirosh,3338,50600,3118,9110.687084277059
cy79_p1_CD45_pos_PD1_neg_AS_C1_R2_G10_S562_comb,Mel79,B.cell,treatment.naive,Tirosh,2619,23191,2407,8722.097757324002
cy79_p3_CD45_pos_PD1_pos_AS_C2_R1_A12_S396_comb,Mel79,T.CD8,treatment.naive,Tirosh,2584,46233,2384,8691.949573589814
cy102_CD45pos_S264,Mel102,T.CD8,post.treatment,New,3615,244379,3405,8250.763828445703
cy98_CD45pos_1_S213,Mel98,T.CD8,post.treatment,New,4428,888284,4225,8262.270390102593
MGH00478_CD45pos_1_S282,Mel478,T.CD8,treatment.naive,New,3657,411410,3475,6767.819122998119
cy94_cd45neg_cd90pos_E05_S341_comb,Mel94,?,post.treatment,Tirosh,2732,153911,2653,3479.697152423576
cy74_CD45_pos_D03_S711_comb,Mel74,B.cell,post.treatment,Tirosh,3087,72607,2866,8463.888473572915
cy60_1_cd_45_pos_4_C08_S32_comb,Mel60,Macrophage,post.treatment,Tirosh,4110,123784,3928,11730.831050779676
cy80_CD_90_pos_F09_S933_comb,Mel80,CAF,treatment.naive,Tirosh,3061,8235,3002,12083.796719671853
Cy72_CD45_D03_S711_comb,Mel72,B.cell,post.treatment,Tirosh,4044,247031,3843,10349.707168993806
CY75_1_CD45_CD8_7__S217_comb_BCD8,Mel75,T.CD8,post.treatment,Tirosh,5827,441701,5645,12559.10485544938
cy79_p1_CD45_pos_PD1_neg_AS_C1_R2_H10_S574_comb,Mel79,T.CD8,treatment.naive,Tirosh,3188,37048,2963,9823.66212392266
cy60_1_cd_45_pos_HC_pos_HLDAR_pos_A10_S970_comb,Mel60,B.cell,post.treatment,Tirosh,3376,81230,3155,10065.826881048355
cy103_CD45pos_S143,Mel103,T.CD8,treatment.naive,New,4439,269221,4224,9856.326930472202
CY75_1_CD45_CD8_7__S202_comb_BCD8,Mel75,T.CD8,post.treatment,Tirosh,5480,475461,5319,12139.372098513246
cy72_CD45_pos_A12_S876_comb,Mel72,T.cell,post.treatment,Tirosh,2896,32860,2734,9872.686770759112
CY58_1_CD45_B06_S978_comb,Mel58,?,post.treatment,Tirosh,4381,192321,4156,11513.041096357741
MGH00478_CD45pos_2_S303,Mel478,T.CD8,treatment.naive,New,3163,441470,2962,5652.602165320859
cy103_CD45pos_S230,Mel103,B.cell,treatment.naive,New,4540,362877,4357,9515.381392380163
cy98_CD45pos_CD8pos_S25,Mel98,T.CD8,post.treatment,New,4375,832128,4228,8112.427108663663
CY88CD45_150813_B01_S301_comb,Mel88,T.cell,post.treatment,Tirosh,3178,629040,2982,4817.421620007872
CY94CD45POS_1_H12_S192_comb,Mel94,T.cell,post.treatment,Tirosh,2344,51424,2162,6707.529218481532
CY88CD45_150813_B05_S305_comb_7,Mel88,T.CD8,post.treatment,Tirosh,7434,1019709,7263,16315.240303688302
cy110_CD45pos_S350,Mel110,Macrophage,post.treatment,New,7432,1753265,7255,13291.109014415902
cy102_CD45pos_S178,Mel102,T.CD4,post.treatment,New,4754,568796,4593,9799.120082191934
Cy74_CD45_G09_S465_comb,Mel74,T.CD8,post.treatment,Tirosh,2336,89910,2135,6314.983300609003
cy74_CD45_pos_F03_S735_comb,Mel74,T.CD8,post.treatment,Tirosh,4148,82355,3950,11778.913897775214
cy79_p1_CD45_pos_PD1_neg_AS_C1_R2_B01_S493_comb,Mel79,T.CD4,treatment.naive,Tirosh,2066,13126,1922,8296.454151336642
cy106_CD45pos_S289,Mel106,B.cell,post.treatment,New,6391,1630889,6270,11416.087479551847
cy53_1_CD45_pos_2_G09_S1041_comb,Mel53,NK,treatment.naive,Tirosh,2804,20467,2669,10192.179480376264
CY88CD45_150813_E03_S339_comb,Mel88,T.CD8,post.treatment,Tirosh,4419,611094,4213,8468.394538819495
cy102_CD45pos_S244,Mel102,B.cell,post.treatment,New,5275,868195,5124,9569.921748438268
cy60_1_cd_45_pos_3_F08_S356_comb,Mel60,T.cell,post.treatment,Tirosh,2792,69505,2601,9226.240613158516
cy79_p4_CD45_pos_PD1_pos_A08_S296_comb,Mel79,T.cell,treatment.naive,Tirosh,3474,80733,3241,9096.548863452628
Cy72_CD45_A01_S673_comb,Mel72,?,post.treatment,Tirosh,8625,67400,8430,18191.060137642948
cy98_CD45pos_1_S198,Mel98,T.CD8,post.treatment,New,4305,799123,4133,7590.456663321264
cy60_1_cd_45_pos_4_H02_S86_comb,Mel60,T.CD4,post.treatment,Tirosh,2749,61683,2563,8992.095757466494
cy94_cd45neg_cd90pos_E12_S348_comb,Mel94,CAF,post.treatment,Tirosh,4976,124188,4790,12124.689621100788
cy98_CD45pos_CD8pos_S54,Mel98,T.CD8,post.treatment,New,4067,289296,3857,9499.31171976851
CY84_PRIM_POS_ALL_6_A07_S391_comb,Mel84,T.CD8,treatment.naive,Tirosh,4432,451295,4225,9034.026926459286
CY88CD45POS_2_F05_S449_comb,Mel88,T.CD4,post.treatment,Tirosh,4538,624019,4353,9707.165154940558
cy74_CD45_pos_B08_S692_comb,Mel74,T.CD8,post.treatment,Tirosh,3747,23865,3543,12685.324673960895
cy60_1_cd_45_pos_3_A02_S290_comb,Mel60,T.CD8,post.treatment,Tirosh,3326,112019,3134,10112.807969691112
Cy81_FNA_CD45_F05_S353_comb,Mel81,CAF,treatment.naive,Tirosh,4244,152863,4025,11764.98313727458
cy53_1_CD45_pos_1_C09_S33_comb,Mel53,T.CD8,treatment.naive,Tirosh,4651,165726,4457,11103.90242278371
cy129PA_CD45pos_S27,Mel129pa,T.CD8,treatment.naive,New,3879,551059,3726,7505.264018838137
Merck_CD45pos_pl4_S65,Mel194,T.CD8,post.treatment,New,4854,523133,4710,10714.860890972079
cy110_CD45pos_S291,Mel110,Macrophage,post.treatment,New,6849,1556424,6687,12212.374933505753
CY75_1_CD45_CD8_7__S279_comb_BCD8,Mel75,T.CD8,post.treatment,Tirosh,5273,361689,5123,12248.341661220122
cy04.3_CD45pos_S27,Mel04.3,T.CD8,post.treatment,New,3224,984302,3059,4373.807003382259
cy98_CD45pos_2_S366,Mel98,T.CD4,post.treatment,New,3795,288268,3602,8212.79364870801
cy79_p5_CD45_pos_PD1_pos_C08_S608_comb,Mel79,T.CD8,treatment.naive,Tirosh,5707,429302,5517,12959.38167186597
cy94_cd45pos_4_G06_S78_comb,Mel94,B.cell,post.treatment,Tirosh,4113,343199,3902,8420.018127170348
CY89A_Core_15_A11_S11_comb,Mel89,T.CD8,treatment.naive,Tirosh,2343,35804,2169,8281.770255551011
CY75_1_CD45_CD8_8__S382_comb_BCD8,Mel75,T.cell,post.treatment,Tirosh,5348,218718,5181,13768.244638549697
CY88CD45POS_2_G01_S457_comb,Mel88,?,post.treatment,Tirosh,2574,131762,2354,3929.269547340559
cy80_Cd45_pos_Pd1_neg_S224_B08_S224_comb,Mel80,T.CD8,treatment.naive,Tirosh,4464,119550,4237,11726.254831960447
cy80_Cd45_pos_PD1_pos_D12_S96_comb,Mel80,B.cell,treatment.naive,Tirosh,4978,72184,4784,13013.555521154827
cy79_p3_CD45_neg_PDL1_neg_A12_S204_comb,Mel79,Endo.,treatment.naive,Tirosh,4635,189560,4430,11881.37194910729
MGH00478_CD45pos_2_S369,Mel478,T.CD4,treatment.naive,New,3696,433138,3482,6970.270497422657
cy04.3_CD45pos_S1,Mel04.3,T.cell,post.treatment,New,8327,1421661,8232,15038.723945517238
cy53_1_CD45_pos_2_B10_S982_comb,Mel53,T.CD4,treatment.naive,Tirosh,4329,105099,4107,10059.36980909891
cy105_CD45pos_calceinpos_S60,Mel105,T.CD4,treatment.naive,New,4227,330818,4014,8704.026403379816
cy60_1_cd_45_pos_3_B01_S301_comb,Mel60,NK,post.treatment,Tirosh,2981,103161,2768,8968.710123047513
cy105_Zombineg_CD45neg_CD90neg_S97,Mel105,Endo.,treatment.naive,New,5424,718158,5284,10450.430681591057
merck_cd45pos_PL3_S383,Mel194,T.CD4,post.treatment,New,4617,795825,4438,9406.124341157687
cy75_1CORE_CD45pos_S52,Mel75,T.CD8,post.treatment,New,4436,380818,4255,8870.619560899702
cy110_CD45pos_S374,Mel110,T.CD4,post.treatment,New,4888,850065,4701,9669.421283422289
CY75_1_CD45_CD8_7__S254_comb_BCD8,Mel75,T.CD8,post.treatment,Tirosh,5606,516365,5438,12979.575114737178
cy129PA_CD45pos_S76,Mel129pa,T.CD4,treatment.naive,New,3655,444029,3436,6600.376113257191
CY89A_CD45_POS_10_A11_S203_comb,Mel89,B.cell,treatment.naive,Tirosh,2832,100831,2591,6801.606781685571
cy105_CD45pos_S200,Mel105,T.CD4,treatment.naive,New,4796,252809,4601,10999.274541625473
CY88CD45POS_2_F06_S450_comb,Mel88,Macrophage,post.treatment,Tirosh,3533,917642,3347,7916.19645131198
CY89A_Core_15_F11_S71_comb,Mel89,T.CD8,treatment.naive,Tirosh,2957,56994,2757,9457.475938907839
cy103_CD45pos_S138,Mel103,B.cell,treatment.naive,New,4756,518430,4546,9282.67528921624
cy79_p3_CD45_pos_PD1_pos_AS_C2_R1_B02_S398_comb,Mel79,T.CD8,treatment.naive,Tirosh,4093,106550,3855,10255.503226201108
cy105_Zombineg_CD45neg_CD90neg_S191,Mel105,?,treatment.naive,New,4878,418810,4687,10184.988502259046
Cy74_CD45_A06_S390_comb,Mel74,Macrophage,post.treatment,Tirosh,2494,98110,2341,7848.857996285382
cy98_CD45pos_1_S233,Mel98,Macrophage,post.treatment,New,3859,617449,3658,7730.573225878998
cy53_1_CD45_pos_2_H08_S1052_comb,Mel53,T.CD8,treatment.naive,Tirosh,4181,213607,3967,8578.63532602158
cy106_CD45neg_CD90neg_S337,Mel106,?,post.treatment,New,4658,470490,4591,11624.370866928633
cy75_1B_CD45pos_S50,Mel75,T.CD4,post.treatment,New,4378,349474,4205,8229.515673388509
cy116_CD45pos_S333,Mel116,T.cell,treatment.naive,New,3850,169498,3641,8353.655410583662
cy75_1B_CD45pos_S72,Mel75,T.CD4,post.treatment,New,5115,979223,4976,8926.267532856713
CY58_1_CD45_C05_S989_comb,Mel58,?,post.treatment,Tirosh,2546,48279,2344,8582.12163355858
cy94_cd45pos_4_G12_S84_comb,Mel94,T.CD4,post.treatment,Tirosh,4611,356170,4404,8648.96646086931
cy80_Cd45_pos_PD1_pos_B09_S45_comb,Mel80,T.CD4,treatment.naive,Tirosh,4625,126286,4371,12007.014749605538
cy126_CD45pos_2_S120,Mel126,T.cell,post.treatment,New,3036,978037,2852,4980.6823961832415
cy94_cd45neg_cd90pos_A06_S294_comb,Mel94,?,post.treatment,Tirosh,2769,108109,2563,7858.108790131829
Cy72_CD45_F10_S742_comb,Mel72,B.cell,post.treatment,Tirosh,3601,238447,3383,8108.6373084940005
cy53_1_CD45_pos_1_D11_S47_comb,Mel53,T.CD4,treatment.naive,Tirosh,4541,147168,4319,11077.74371603835
cy80_CD45_pos_PD1_pos_F11_S167_comb,Mel80,T.cell,treatment.naive,Tirosh,3748,89277,3534,10613.778913642873
cy116_CD45pos_S300,Mel116,T.CD4,treatment.naive,New,4265,383224,4082,7752.436926716215
CY89COREQ1_E02_S338_comb,Mel89,T.CD8,treatment.naive,Tirosh,3340,91002,3118,9391.43788815442
cy98_CD45pos_2_S333,Mel98,T.CD8,post.treatment,New,3828,452773,3671,7388.213349633412
cy79_p1_CD45_pos_PD1_pos_AS_C5_R1_G02_S266_comb,Mel79,T.CD8,treatment.naive,Tirosh,4141,54121,3942,12346.48700558168
CY88CD45POS_2_C05_S413_comb,Mel88,T.CD4,post.treatment,Tirosh,4552,731350,4367,8884.850164936068
cy129PB_CD45pos_S193,Mel129pb,Macrophage,treatment.naive,New,7986,665927,7813,14888.709972932069
CY88CD45_150813_B07_S307_comb,Mel88,T.CD4,post.treatment,Tirosh,3784,247411,3586,9417.103931121223
cy103_CD45pos_S240,Mel103,Macrophage,treatment.naive,New,8509,143582,8349,18620.8172089572
cy102_CD45pos_S270,Mel102,Macrophage,post.treatment,New,5186,583298,5003,10399.657372391788
cy79_p3_CD45_pos_PD1_pos_AS_C2_R1_B11_S407_comb,Mel79,T.CD8,treatment.naive,Tirosh,3472,90167,3239,9436.374039421606
cy94_cd45neg_cd90pos_C05_S317_comb,Mel94,?,post.treatment,Tirosh,3859,134435,3630,11063.098384036135
cy128_CD45pos_S156,Mel128,B.cell,treatment.naive,New,3022,344027,2845,5835.141851447952
cy75_1B_CD45pos_S61,Mel75,T.CD4,post.treatment,New,4361,689638,4187,7919.895334058131
CY89A_Core_15_B05_S17_comb,Mel89,T.CD4,treatment.naive,Tirosh,6964,582263,6740,14328.473524587871
cy79_p1_CD45_pos_PD1_pos_AS_C5_R1_G12_S276_comb,Mel79,T.CD8,treatment.naive,Tirosh,3128,31416,2984,10430.205250240819
cy98_CD45pos_2_S317,Mel98,T.CD8,post.treatment,New,3563,408924,3372,7442.520649608535
cy60_1_cd_45_pos_HC_pos_HLDAR_pos_H10_S1054_comb,Mel60,B.cell,post.treatment,Tirosh,2178,134659,1985,5229.1467362169315
cy60_1_cd_45_pos_HC_pos_HLDAR_pos_G04_S1036_comb,Mel60,B.cell,post.treatment,Tirosh,2310,105534,2106,6216.51755923299
cy129PA_CD45pos_S89,Mel129pa,Macrophage,treatment.naive,New,6090,732775,5913,11830.100517813287
cy102_CD45pos_S186,Mel102,B.cell,post.treatment,New,4936,768970,4761,8890.221649700385
cy79_p4_CD45_pos_PD1_pos_E09_S345_comb,Mel79,T.cell,treatment.naive,Tirosh,3561,159010,3358,9110.002925666166
Merck_CD45pos_pl4_S81,Mel194,T.CD8,post.treatment,New,4366,837336,4230,8964.869350409535
CY88CD45_150813_A01_S289_comb,Mel88,?,post.treatment,Tirosh,3822,529574,3645,5586.088884188275
cy126_CD45pos_1_S53,Mel126,Macrophage,post.treatment,New,4481,97890,4342,12339.004296216728
merck_cd45pos_PL3_S323,Mel194,T.CD8,post.treatment,New,5248,1615248,5107,10357.033331936587
cy80_Cd45_pos_PD1_pos_D09_S93_comb,Mel80,T.cell,treatment.naive,Tirosh,4541,41412,4305,12908.8703708554
Cy72_CD45_C06_S702_comb,Mel72,B.cell,post.treatment,Tirosh,3439,231243,3249,7279.512668405409
cy129PA_CD45neg_CD90neg_S167,Mel129pa,?,treatment.naive,New,2859,1325942,2684,3985.883625040934
CY88CD45_150813_F08_S356_comb,Mel88,?,post.treatment,Tirosh,3391,252680,3171,5978.137217057583
MGH00478_CD45pos_2_S377,Mel478,T.CD8,treatment.naive,New,4883,766587,4706,9893.057783529932
CY94CD45POS_1_F11_S167_comb,Mel94,B.cell,post.treatment,Tirosh,3555,75904,3356,10185.133966246929
cy105_CD45pos_calceinpos_S64,Mel105,T.CD8,treatment.naive,New,3884,562059,3692,7334.19643592666
cy105_CD45pos_calceinpos_S20,Mel105,B.cell,treatment.naive,New,1964,19004,1893,7615.228974838435
cy84_Primary_CD45_pos_G03_S459_comb,Mel84,T.CD8,treatment.naive,Tirosh,4258,288249,4048,10359.257058082447
cy79_p1_CD45_pos_PD1_neg_AS_C1_R2_B10_S502_comb,Mel79,B.cell,treatment.naive,Tirosh,2873,31843,2659,9345.381631548618
Cy81_Bulk_CD45_F08_S164_comb,Mel81,?,treatment.naive,Tirosh,2414,118395,2208,6003.4718385974875
cy75_1B_CD45pos_S78,Mel75,T.CD8,post.treatment,New,4366,348396,4209,8683.656900285672
cy81_Bulk_CD45_neg_E03_S147_comb,Mel81,Endo.,treatment.naive,Tirosh,3588,692042,3375,9120.783921711996
cy116_CD45pos_S319,Mel116,T.CD4,treatment.naive,New,3700,340041,3492,7125.129838694102
cy102_CD45pos_S148,Mel102,Macrophage,post.treatment,New,4052,72841,3877,12088.76270227812
cy60_1_cd_45_pos_3_E09_S345_comb,Mel60,T.cell,post.treatment,Tirosh,2498,61584,2308,8105.168025953791
cy79_p4_CD45_pos_PD1_pos_G09_S369_comb,Mel79,T.CD8,treatment.naive,Tirosh,3754,244133,3530,9018.474609781346
cy60_1_cd_45_pos_HC_pos_HLDAR_pos_H02_S1046_comb,Mel60,B.cell,post.treatment,Tirosh,2259,47840,2076,7873.379073170916
cy129PA_CD45pos_S39,Mel129pa,T.CD8,treatment.naive,New,3897,635765,3693,6935.845046005179
cy80_Cd45_pos_Pd1_neg_S196_A04_S196_comb,Mel80,T.CD8,treatment.naive,Tirosh,3121,42252,2888,9670.495668841957
CY94CD45POS_1_A02_S98_comb,Mel94,T.cell,post.treatment,Tirosh,2607,43861,2381,8013.095405646893
CY75_1_CD45_CD8_8__S351_comb_BCD8,Mel75,T.CD8,post.treatment,Tirosh,3859,222239,3667,9639.476905296924
cy80_CD45_pos_PD1_pos_E06_S150_comb,Mel80,T.CD4,treatment.naive,Tirosh,5594,167235,5394,13957.168619078922
CY88CD45_150813_H12_S384_comb,Mel88,?,post.treatment,Tirosh,10296,784469,10155,17492.333354797447
CY89FNA_G11_S275_comb,Mel89,T.CD8,treatment.naive,Tirosh,3139,152278,2928,7989.7274411134895
cy102_CD45pos_S188,Mel102,Macrophage,post.treatment,New,6606,827492,6417,12987.255271085402
cy79_p4_CD45_pos_PD1_pos_D11_S335_comb,Mel79,T.CD8,treatment.naive,Tirosh,3626,178130,3443,9440.28305908933
cy121.1_CD45pos_S300,Mel121.1,Macrophage,post.treatment,New,4099,487706,3941,7748.581162560903
cy82_CD45_pos_3_B08_S20_comb,Mel82,NK,treatment.naive,Tirosh,2724,31094,2552,9611.863408953466
cy121.1_CD45pos_S264,Mel121.1,T.cell,post.treatment,New,3394,555808,3227,6396.152563295633
cy53_1_CD45_neg_G10_S370_comb,Mel53,CAF,treatment.naive,Tirosh,4085,93225,3905,11568.58162495007
cy74_CD45_pos_A09_S681_comb,Mel74,T.CD8,post.treatment,Tirosh,4560,136030,4347,11376.670569454367
Cy74_CD45_B08_S404_comb,Mel74,B.cell,post.treatment,Tirosh,2364,138818,2158,5538.405191603089
cy79_p1_CD45_pos_PD1_neg_AS_C1_R2_F08_S548_comb,Mel79,B.cell,treatment.naive,Tirosh,2477,21189,2332,9053.99382016186
cy75_1B_CD45pos_S5,Mel75,T.CD8,post.treatment,New,3994,292506,3799,8078.656596617655
cy126_CD45pos_1_S35,Mel126,T.CD8,post.treatment,New,4497,529731,4315,9047.956292047991
cy88_cd_45_pos_H10_S478_comb,Mel88,T.cell,post.treatment,Tirosh,3161,68605,2962,10060.504618628976
Merck_CD45pos_pl4_S24,Mel194,T.CD8,post.treatment,New,5106,948643,4956,10873.17049371698
cy74_CD45_pos_C03_S699_comb,Mel74,T.CD8,post.treatment,Tirosh,1965,12896,1822,7975.506729854631
CY94CD45POS_1_E10_S154_comb,Mel94,B.cell,post.treatment,Tirosh,4139,127265,3889,10422.705719947788
cy84_Primary_CD45_pos_D10_S430_comb,Mel84,T.CD8,treatment.naive,Tirosh,3909,94575,3709,11535.2712980123
CY58_1_CD45_D06_S1002_comb,Mel58,T.CD8,post.treatment,Tirosh,2814,102796,2590,6625.914902602701
cy79_p1_CD45_pos_PD1_neg_AS_C1_R2_G11_S563_comb,Mel79,B.cell,treatment.naive,Tirosh,3324,46794,3109,10268.874967278774
cy53_1_CD45_pos_2_D08_S1004_comb,Mel53,T.CD4,treatment.naive,Tirosh,4788,214948,4584,11346.775588785124
cy105_CD45pos_S284,Mel105,T.cell,treatment.naive,New,3750,246696,3542,8011.618151549403
cy75_1CORE_CD45pos_S36,Mel75,T.cell,post.treatment,New,4631,409318,4444,9139.119862365684
cy129PB_CD45pos_S243,Mel129pb,Macrophage,treatment.naive,New,3162,56486,3002,9511.051310500286
cy75_1B_CD45pos_S64,Mel75,T.CD4,post.treatment,New,4864,780476,4716,8644.192755570708
CY94CD45POS_1_H10_S190_comb,Mel94,T.CD4,post.treatment,Tirosh,2543,58782,2341,7982.507031580615
cy80_CD45_pos_PD1_pos_B11_S119_comb,Mel80,T.cell,treatment.naive,Tirosh,4772,104338,4580,13246.952700377162
cy94_cd45neg_cd90pos_H12_S384_comb,Mel94,?,post.treatment,Tirosh,8305,1309180,8133,14956.513939050204
cy72_CD45_pos_C01_S889_comb,Mel72,T.cell,post.treatment,Tirosh,3354,92447,3115,8349.65470356043
cy128_CD45pos_S125,Mel128,T.cell,treatment.naive,New,4004,801396,3819,7012.62020168932
cy74_CD45_pos_G05_S749_comb,Mel74,T.CD8,post.treatment,Tirosh,2864,33100,2719,10071.526666021371
merck_cd45pos_PL3_S290,Mel194,T.CD8,post.treatment,New,5315,924049,5167,11314.633481686578
monika_A8_S107_comb_BCD8_3,Mel75,T.CD8,post.treatment,Tirosh,5719,992681,5573,10440.581737221646
cy74_CD45_pos_E11_S731_comb,Mel74,T.CD4,post.treatment,Tirosh,2121,27270,1981,7590.630671774445
cy80_Cd45_pos_Pd1_neg_S364_H04_S364_comb,Mel80,T.CD4,treatment.naive,Tirosh,3951,83917,3734,10791.011363129712
cy102_CD45pos_S101,Mel102,B.cell,post.treatment,New,4844,699208,4714,9147.153445819235
cy82_CD45_neg_2_E02_S242_comb,Mel82,CAF,treatment.naive,Tirosh,6486,312111,6275,14269.458490121764
cy80_Cd45_pos_PD1_pos_A06_S18_comb,Mel80,T.CD4,treatment.naive,Tirosh,5019,183829,4820,12378.207361903787
CY88CD45POS_7_G05_S269_comb,Mel88,T.CD4,post.treatment,Tirosh,9469,215730,9326,22231.664211818646
Merck_CD45pos_pl4_S77,Mel194,T.CD8,post.treatment,New,4399,516112,4250,9677.473952749126
CY75_1FNA_B01_S493_comb,Mel75,T.CD8,post.treatment,Tirosh,3298,73901,3092,9933.043370163476
CY58_1_CD45_F07_S1027_comb,Mel58,T.CD8,post.treatment,Tirosh,3298,133821,3095,8863.863718274188
cy128_CD45pos_S109,Mel128,T.cell,treatment.naive,New,4244,600041,4063,6896.884148556169
cy110_CD45pos_S317,Mel110,Macrophage,post.treatment,New,5692,492671,5493,11032.353627258013
cy103_CD45neg_CD90neg_S25,Mel103,?,treatment.naive,New,1916,1046868,1773,4713.932492754007
cy94_cd45pos_F12_S168_comb,Mel94,B.cell,post.treatment,Tirosh,3656,280242,3437,7372.59346219733
Cy71_CD45_H09_S573_comb,Mel71,T.CD4,treatment.naive,Tirosh,2817,113902,2599,7422.499895633145
CY94CD45POS_1_D09_S141_comb,Mel94,T.cell,post.treatment,Tirosh,4370,167035,4127,10213.474811736032
CY88CD45POS_7_D07_S235_comb,Mel88,T.cell,post.treatment,Tirosh,5145,482039,4942,10590.94495471402
CY75_1_CD45_CD8_7__S274_comb_BCD8,Mel75,T.CD8,post.treatment,Tirosh,5256,343117,5094,12377.68665013166
CY75_1_CD45_CD8_8__S365_comb_BCD8,Mel75,T.CD8,post.treatment,Tirosh,3651,197377,3443,8987.867079114589
cy60_1_cd_45_pos_3_H02_S374_comb,Mel60,T.CD8,post.treatment,Tirosh,3335,106961,3134,9409.99161214555
cy75_1CORE_CD45pos_S30,Mel75,T.cell,post.treatment,New,4613,359373,4440,9315.800143695396
CY75_1_CD45_CD8_8__S307_comb_BCD8,Mel75,T.CD8,post.treatment,Tirosh,3739,143184,3517,9788.818939199722
Cy81_FNA_CD45_C04_S220_comb,Mel81,T.CD8,treatment.naive,Tirosh,3399,239458,3203,7341.823513251206
cy94_cd45pos_F10_S166_comb,Mel94,T.CD8,post.treatment,Tirosh,3824,205622,3604,8558.597603226253
cy58_1_CD45_pos_E10_S634_comb,Mel58,T.CD4,post.treatment,Tirosh,3889,84594,3689,9917.776008636763
Cy71_CD45_G10_S562_comb,Mel71,T.CD8,treatment.naive,Tirosh,3080,108897,2896,9410.567184545405
CY58_1_CD45_B03_S975_comb,Mel58,T.CD8,post.treatment,Tirosh,3545,199583,3314,8132.812658043688
cy98_CD45pos_2_S350,Mel98,Macrophage,post.treatment,New,5225,311432,5040,11301.828816101173
cy116_CD45pos_S365,Mel116,B.cell,treatment.naive,New,4220,493769,4020,7874.946332561186
Cy81_Bulk_CD45_C07_S127_comb,Mel81,?,treatment.naive,Tirosh,5967,135890,5744,14695.708805015778
CY88CD45POS_2_D03_S423_comb,Mel88,T.CD4,post.treatment,Tirosh,4131,562193,3935,7898.938013071809
Cy74_CD45_A02_S386_comb,Mel74,?,post.treatment,Tirosh,2457,143086,2244,6324.323798962603
CY94CD45POS_1_G01_S169_comb,Mel94,T.CD8,post.treatment,Tirosh,4683,511071,4490,8950.652379282772
CY75_1FNA_G12_S564_comb,Mel75,T.CD8,post.treatment,Tirosh,3675,115762,3448,9747.990855586913
cy129PA_CD45pos_S60,Mel129pa,B.cell,treatment.naive,New,3931,610979,3759,6351.030927057824
cy79_p4_CD45_pos_PD1_pos_F02_S350_comb,Mel79,T.CD8,treatment.naive,Tirosh,3580,98388,3373,8676.961143544986
CY75_1_CD45_CD8_8__S341_comb_BCD8,Mel75,T.CD8,post.treatment,Tirosh,4565,205694,4396,11785.742298451423
cy126_CD45pos_2_S153,Mel126,Macrophage,post.treatment,New,4431,883671,4231,9661.458081724526
cy60_1_cd_45_pos_HC_pos_HLDAR_pos_A05_S965_comb,Mel60,B.cell,post.treatment,Tirosh,2636,56557,2455,8695.785485228009
cy75_1CORE_CD45pos_S43,Mel75,T.cell,post.treatment,New,4468,359681,4298,8898.334311874141
cy58_1_CD45_pos_A08_S584_comb,Mel58,T.CD8,post.treatment,Tirosh,4018,66649,3812,11170.36692954327
cy110_CD45pos_S277,Mel110,Macrophage,post.treatment,New,6559,1295816,6404,11466.0501265879
cy128_CD45pos_S112,Mel128,T.cell,treatment.naive,New,4394,1500214,4203,7179.081332978493
cy94_cd45pos_4_H08_S92_comb,Mel94,T.CD4,post.treatment,Tirosh,4186,397154,3960,8299.275522204265
cy112_CD45neg_CD90neg_S337,Mel112,CAF,treatment.naive,New,1912,1455404,1778,4081.0104658209034
cy129PA_CD45pos_S11,Mel129pa,T.CD8,treatment.naive,New,5676,1086345,5529,10774.505902791992
cy04.3_CD45pos_S78,Mel04.3,T.CD4,post.treatment,New,4065,731635,3875,8191.612089699608
CY75_1FNA_G09_S561_comb,Mel75,T.CD4,post.treatment,Tirosh,3653,106058,3439,9911.89893575091
cy105_CD45pos_calceinpos_S6,Mel105,T.cell,treatment.naive,New,3998,461685,3820,7971.126287047873
CY75_1_CD45_CD8_3__S181_comb_BCD8,Mel75,T.CD8,post.treatment,Tirosh,5892,277297,5755,14243.656310342963
CY75_1_CD45_CD8_3__S139_comb_BCD8,Mel75,T.CD8,post.treatment,Tirosh,3231,74327,3077,10222.32049129697
CY75_1_CD45_CD8_7__S270_comb_BCD8,Mel75,T.CD8,post.treatment,Tirosh,3535,215672,3310,8403.397820056827
MGH00478_CD45pos_2_S292,Mel478,T.CD4,treatment.naive,New,3233,526839,3035,5216.2125166974465
cy121.1_CD45pos_S331,Mel121.1,T.cell,post.treatment,New,4629,670270,4451,8649.99246465605
monika_C12_S120_comb_BCD8_3,Mel75,T.CD8,post.treatment,Tirosh,4790,956927,4653,8470.948561555775
cy79_p3_CD45_pos_PD1_neg_F12_S168_comb,Mel79,T.cell,treatment.naive,Tirosh,2579,58715,2394,7419.343765304713
cy126_CD45pos_2_S172,Mel126,T.CD8,post.treatment,New,4356,645948,4174,8550.319660114765
cy72_CD45_pos_C10_S898_comb,Mel72,B.cell,post.treatment,Tirosh,4212,146264,3975,9799.671086787734
cy80_Cd45_pos_PD1_pos_S138_F06_S138_comb,Mel80,T.CD4,treatment.naive,Tirosh,4522,119679,4321,12208.656200854108
cy112_CD45neg_CD90neg_S121,Mel112,CAF,treatment.naive,New,2408,3232491,2260,5860.718915321158
cy98_CD45pos_2_S323,Mel98,T.cell,post.treatment,New,3311,548216,3084,5003.793294662289
cy82_CD45_pos_3_C01_S25_comb,Mel82,?,treatment.naive,Tirosh,3945,131985,3873,9859.19545132485
CY75_1_CD45_CD8_7__S258_comb_BCD8,Mel75,T.CD8,post.treatment,Tirosh,5863,481906,5727,12793.7390762768
merck_cd45pos_PL3_S379,Mel194,T.CD8,post.treatment,New,4364,655629,4199,8943.92885955541
CY84_PRIM_POS_ALL_7_A07_S199_comb,Mel84,Macrophage,treatment.naive,Tirosh,8427,384345,8250,15234.036086895852
cy72_CD45_pos_C03_S891_comb,Mel72,T.CD4,post.treatment,Tirosh,4114,140151,3895,10294.248523355745
cy126_CD45pos_1_S48,Mel126,T.CD8,post.treatment,New,4830,663128,4671,9285.514765752534
cy80_Cd45_pos_PD1_pos_C01_S61_comb,Mel80,T.CD4,treatment.naive,Tirosh,4706,125981,4507,10832.458193793896
cy74_CD45_pos_G06_S750_comb,Mel74,T.CD8,post.treatment,Tirosh,3216,72232,2990,9215.184133208826
cy60_1_cd_45_pos_4_B02_S14_comb,Mel60,B.cell,post.treatment,Tirosh,3662,55530,3433,11369.318320266599
Cy72_CD45_G09_S753_comb,Mel72,?,post.treatment,Tirosh,3495,153408,3272,7673.395805630651
CY75_1_CD45_CD8_7__S226_comb_BCD8,Mel75,T.CD8,post.treatment,Tirosh,4324,163731,4114,11050.679417283036
Cy72_CD45_D01_S709_comb,Mel72,T.cell,post.treatment,Tirosh,2851,56806,2648,8197.165565906485
CY89FNA_A02_S194_comb,Mel89,T.CD4,treatment.naive,Tirosh,3562,160580,3320,8970.854067880306
CY75_1_CD45_CD8_8__S289_comb_BCD8,Mel75,T.CD8,post.treatment,Tirosh,4614,140903,4450,12351.591505215674
cy98_CD45pos_2_S302,Mel98,T.CD8,post.treatment,New,4010,509077,3854,7934.358592170032
cy53_1_CD45_neg_E02_S338_comb,Mel53,Endo.,treatment.naive,Tirosh,4511,27932,4433,14414.735966325488
monika_E1_S134_comb_BCD8_3,Mel75,T.CD8,post.treatment,Tirosh,5982,1362769,5871,10033.13322864022
Cy74_CD45_H10_S478_comb,Mel74,?,post.treatment,Tirosh,2805,21986,2563,10131.968409664405
cy103_CD45pos_S159,Mel103,T.cell,treatment.naive,New,5786,798194,5601,11675.848442621616
CY89A_Core_15_B01_S13_comb,Mel89,B.cell,treatment.naive,Tirosh,2687,65057,2486,7767.9621820892235
cy103_CD45neg_CD90neg_S14,Mel103,?,treatment.naive,New,2244,1403330,2120,5952.146683212432
cy112_CD45pos_S333,Mel112,T.CD8,treatment.naive,New,5358,1001136,5230,10130.535392425398
CY75_1_CD45_CD8_3__S106_comb_BCD8,Mel75,T.CD8,post.treatment,Tirosh,4438,315708,4228,10516.752753399312
cy79_p1_CD45_pos_PD1_pos_AS_C5_R1_C11_S227_comb,Mel79,T.CD8,treatment.naive,Tirosh,5148,86841,4955,14616.352006490084
cy72_CD45_pos_A05_S869_comb,Mel72,T.CD4,post.treatment,Tirosh,3371,86325,3177,9421.805806437751
cy58_1_CD45_pos_B01_S589_comb,Mel58,T.CD4,post.treatment,Tirosh,2984,53709,2787,9055.618145128828
Cy81_FNA_CD45_B12_S216_comb,Mel81,T.cell,treatment.naive,Tirosh,3380,349614,3166,6747.926419488565
CY94CD45POS_1_B10_S118_comb,Mel94,T.CD4,post.treatment,Tirosh,4407,246369,4204,10149.630252185369
cy75_1CORE_CD45pos_S48,Mel75,T.CD8,post.treatment,New,5110,472193,4912,10048.052041376875
cy129PB_CD45pos_S254,Mel129pb,Macrophage,treatment.naive,New,1856,11559,1822,7564.100931974144
cy116_CD45pos_S374,Mel116,B.cell,treatment.naive,New,3375,261288,3127,6506.552603558348
cy98_CD45neg_CD90neg_S39,Mel98,?,post.treatment,New,5577,496890,5363,9838.14689278981
cy105_CD45pos_S276,Mel105,B.cell,treatment.naive,New,5269,731758,5100,10062.79675233409
cy126_CD45pos_1_S58,Mel126,T.CD8,post.treatment,New,4331,606857,4151,8590.56869849998
cy80_Cd45_pos_Pd1_neg_S290_E02_S290_comb,Mel80,T.CD4,treatment.naive,Tirosh,3126,36781,2928,10181.27166748056
cy98_CD45pos_CD8pos_S43,Mel98,T.CD8,post.treatment,New,6024,226808,5854,12816.14525840895
cy105_CD45pos_S193,Mel105,T.CD8,treatment.naive,New,4144,262357,3956,9064.807463158559
cy102_CD45pos_S217,Mel102,Macrophage,post.treatment,New,6094,993796,5936,11209.28180895848
cy79_p1_CD45_pos_PD1_neg_AS_C1_R2_B03_S495_comb,Mel79,B.cell,treatment.naive,Tirosh,2872,28734,2700,9313.800383427953
cy53_1_CD45_pos_1_C12_S36_comb,Mel53,T.CD4,treatment.naive,Tirosh,4353,173537,4135,9851.682254814
cy105_CD45pos_S245,Mel105,NK,treatment.naive,New,4801,542600,4639,9957.472016292322
cy94_cd45pos_4_C03_S27_comb,Mel94,B.cell,post.treatment,Tirosh,3052,84305,2830,8512.62906369067
Cy74_CD45_D08_S428_comb,Mel74,B.cell,post.treatment,Tirosh,2872,104578,2654,7710.615952119608
cy72_CD45_pos_A07_S871_comb,Mel72,T.cell,post.treatment,Tirosh,3756,116362,3536,9658.216830628287
cy60_1_cd_45_pos_4_H06_S90_comb,Mel60,B.cell,post.treatment,Tirosh,4405,164240,4187,10452.887647013406
cy128_CD45pos_S145,Mel128,T.CD8,treatment.naive,New,4166,871952,4015,6725.972668487829
cy58_1_CD45_pos_G07_S655_comb,Mel58,T.CD8,post.treatment,Tirosh,3144,37688,2947,9879.89804008247
cy129PB_CD45pos_S194,Mel129pb,T.CD4,treatment.naive,New,3851,1776285,3718,5277.076830215803
cy121.1_CD45pos_S323,Mel121.1,B.cell,post.treatment,New,4725,684118,4534,8706.527126347984
CY89A_CD45_POS_6_B12_S120_comb,Mel89,T.CD8,treatment.naive,Tirosh,2125,27808,1933,7932.02513015475
cy80_Cd45_pos_PD1_pos_S164_G08_S164_comb,Mel80,T.CD8,treatment.naive,Tirosh,3541,49818,3316,11337.71684012518
CY75_1_CD45_CD8_8__S364_comb_BCD8,Mel75,T.CD8,post.treatment,Tirosh,3942,216861,3772,9879.624788987323
cy103_CD45neg_CD90neg_S174,Mel103,?,treatment.naive,New,2949,194504,2742,6288.575305963658
CY89A_CD45_POS_6_G02_S170_comb,Mel89,T.CD4,treatment.naive,Tirosh,3646,152557,3433,8431.83758495211
cy88_cd45pos_5_G02_S266_comb,Mel88,T.CD4,post.treatment,Tirosh,5954,1336883,5823,8963.196346487151
merck_cd45pos_PL3_S377,Mel194,T.CD8,post.treatment,New,4374,369192,4222,10117.131777298764
CY75_1_CD45_CD8_7__S228_comb_BCD8,Mel75,T.CD8,post.treatment,Tirosh,5357,440129,5169,12483.435309727189
cy53_1_CD45_pos_1_E12_S60_comb,Mel53,T.CD4,treatment.naive,Tirosh,3463,43142,3269,11005.343134674884
cy80_Cd45_pos_PD1_pos_S167_G11_S167_comb,Mel80,T.CD4,treatment.naive,Tirosh,5176,134065,4942,13583.907123169056
cy98_CD45pos_CD8pos_S80,Mel98,T.CD8,post.treatment,New,2599,201726,2411,6134.440826313193
cy53_1_CD45_pos_2_G05_S1037_comb,Mel53,T.CD4,treatment.naive,Tirosh,3569,95778,3325,9652.125508150351
cy110_CD45pos_S354,Mel110,Macrophage,post.treatment,New,5205,244129,5047,10793.756137662509
cy110_CD45pos_S250,Mel110,T.CD4,post.treatment,New,6204,1012576,6056,11960.971449335704
cy79_p4_CD45_pos_PD1_pos_C05_S317_comb,Mel79,T.CD8,treatment.naive,Tirosh,3977,67570,3730,11022.195841162586
CY88CD45_150813_A12_S300_comb,Mel88,?,post.treatment,Tirosh,2566,264195,2339,4358.308171543283
cy98_CD45pos_2_S342,Mel98,T.CD8,post.treatment,New,3409,310131,3189,7573.01136925496
cy75_1B_CD45pos_S43,Mel75,T.CD4,post.treatment,New,4554,483426,4366,8938.844204856041
cy102_CD45pos_S214,Mel102,B.cell,post.treatment,New,4041,321898,3810,7355.3185158762235
merck_cd45pos_PL3_S356,Mel194,T.CD4,post.treatment,New,4928,917171,4790,10112.608569060967
cy106_CD45pos_S239,Mel106,B.cell,post.treatment,New,4369,795888,4207,6812.21360393676
cy79_p5_CD45_pos_PD1_pos_G07_S655_comb,Mel79,T.CD8,treatment.naive,Tirosh,2495,47749,2350,8563.436598784796
Cy74_CD45_D06_S426_comb,Mel74,T.CD8,post.treatment,Tirosh,2645,107218,2465,7642.821636033697
CY94CD45POS_1_C07_S127_comb,Mel94,T.CD4,post.treatment,Tirosh,2906,85085,2676,7659.050931894182
CY89COREQ1_C02_S314_comb,Mel89,B.cell,treatment.naive,Tirosh,4434,251789,4208,9374.505365584253
CY89A_CD45_POS_10_C11_S227_comb,Mel89,Macrophage,treatment.naive,Tirosh,5072,182909,4834,11802.793191351486
cy103_CD45pos_S207,Mel103,B.cell,treatment.naive,New,5778,855560,5588,11411.987690989157
Cy72_CD45_C08_S704_comb,Mel72,?,post.treatment,Tirosh,3337,250558,3151,7268.704453146401
cy79_p3_CD45_pos_PD1_neg_C07_S127_comb,Mel79,B.cell,treatment.naive,Tirosh,3305,171549,3097,7433.374087119073
cy75_1CORE_CD45pos_S73,Mel75,T.CD8,post.treatment,New,4187,302602,3981,8293.26256161009
cy60_1_cd_45_pos_4_B09_S21_comb,Mel60,T.cell,post.treatment,Tirosh,3018,59246,2775,9301.783232399535
cy53_1_CD45_pos_2_B01_S973_comb,Mel53,T.CD8,treatment.naive,Tirosh,4895,193254,4679,11543.208814382246
cy79_p1_CD45_pos_PD1_pos_AS_C5_R1_H02_S278_comb,Mel79,T.CD8,treatment.naive,Tirosh,3301,36730,3111,10410.190591888419
CY75_1_CD45_CD8_3__S180_comb_BCD8,Mel75,T.CD8,post.treatment,Tirosh,2720,292871,2542,7344.67050970839
cy60_1_cd_45_pos_HC_pos_HLDAR_pos_C09_S993_comb,Mel60,B.cell,post.treatment,Tirosh,2306,34050,2125,8255.485226257239
cy102_CD45pos_S260,Mel102,T.CD4,post.treatment,New,4473,697991,4295,8102.281106313756
cy80_CD45_pos_PD1_pos_B05_S113_comb,Mel80,T.CD8,treatment.naive,Tirosh,2205,16034,2096,8931.007705361357
cy128_CD45pos_S150,Mel128,T.CD4,treatment.naive,New,3684,670331,3491,6280.483478751547
cy74_CD45_pos_D08_S716_comb,Mel74,T.CD8,post.treatment,Tirosh,2686,31904,2569,9768.051720005913
CY75_1_CD45_CD8_8__S379_comb_BCD8,Mel75,T.CD8,post.treatment,Tirosh,3395,164640,3199,8118.683690869821
CY75_1FNA_G11_S563_comb,Mel75,T.cell,post.treatment,Tirosh,3391,58603,3156,10137.478297047412
cy82_CD45_pos_2_H12_S576_comb,Mel82,Macrophage,treatment.naive,Tirosh,4431,12102,4345,13827.827424164814
Cy74_CD45_G07_S463_comb,Mel74,T.CD8,post.treatment,Tirosh,2512,94009,2315,7221.260374883229
Cy74_CD45_D03_S423_comb,Mel74,T.CD4,post.treatment,Tirosh,2593,98008,2410,7652.314134154176
cy103_CD45pos_S211,Mel103,B.cell,treatment.naive,New,7067,558649,6876,13614.387933117861
CY88CD45POS_7_F01_S253_comb,Mel88,T.CD8,post.treatment,Tirosh,4871,169054,4642,12174.820353029045
cy98_CD45pos_1_S236,Mel98,T.cell,post.treatment,New,3345,553606,3156,5378.899822390118
CY75_1_CD45_CD8_7__S280_comb_BCD8,Mel75,T.CD8,post.treatment,Tirosh,3023,346888,2942,10268.218225017998
cy04.3_CD45pos_S52,Mel04.3,T.CD8,post.treatment,New,4187,522820,4017,8527.88350941197
cy80_Cd45_pos_PD1_pos_S190_H10_S190_comb,Mel80,T.CD8,treatment.naive,Tirosh,4209,103949,3990,11654.210208905084
cy74_CD45_pos_G03_S747_comb,Mel74,T.CD8,post.treatment,Tirosh,3837,115109,3634,10420.797287078316
CY88CD45_150813_B05_S305_comb_3,Mel88,T.CD8,post.treatment,Tirosh,7434,1019709,7263,16315.240303688302
cy80_CD_90_pos_A04_S868_comb,Mel80,CAF,treatment.naive,Tirosh,7835,145634,7692,18642.061034854494
cy103_CD45pos_S266,Mel103,T.CD4,treatment.naive,New,3804,305939,3595,8117.601767590304
cy105_CD45pos_calceinpos_S69,Mel105,T.CD8,treatment.naive,New,4654,373637,4512,9610.72158757522
cy79_p3_CD45_neg_PDL1_neg_F07_S259_comb,Mel79,Endo.,treatment.naive,Tirosh,4665,136780,4461,11584.232636098508
cy94_cd45pos_B04_S112_comb,Mel94,B.cell,post.treatment,Tirosh,6119,295775,5928,12894.72123354079
cy80_Cd45_pos_PD1_pos_S113_E05_S113_comb,Mel80,T.cell,treatment.naive,Tirosh,3507,50294,3288,10329.378321863638
CY88CD45POS_2_D02_S422_comb,Mel88,T.CD4,post.treatment,Tirosh,2224,196473,2013,3696.92402483933
MGH00478_CD45pos_2_S359,Mel478,T.CD8,treatment.naive,New,3848,693092,3657,6483.65653087747
cy75_1CORE_CD45pos_S11,Mel75,T.CD8,post.treatment,New,4244,152989,4054,10016.197437917552
CY89COREQ1_B12_S312_comb,Mel89,T.CD4,treatment.naive,Tirosh,3915,136231,3705,9979.58281672336
Merck_CD45pos_pl4_S6,Mel194,T.CD8,post.treatment,New,4722,1086323,4592,9237.920718238996
cy75_1B_CD45pos_S42,Mel75,T.cell,post.treatment,New,4373,500865,4181,8047.0857442614215
Cy72_CD45_D10_S718_comb,Mel72,T.CD4,post.treatment,Tirosh,3536,137537,3332,8509.606838340638
cy80_Cd45_pos_PD1_pos_C09_S69_comb,Mel80,T.cell,treatment.naive,Tirosh,4068,103398,3828,11243.911384370793
cy94_cd45pos_4_B07_S19_comb,Mel94,T.CD4,post.treatment,Tirosh,2520,29124,2334,8941.326389965196
cy58_1_CD45_pos_A07_S583_comb,Mel58,T.CD8,post.treatment,Tirosh,3867,81199,3652,10512.718401053182
CY89A_CD45_POS_6_C08_S128_comb,Mel89,T.CD8,treatment.naive,Tirosh,2624,48555,2432,7971.724072323106
cy53_1_CD45_pos_2_A08_S968_comb,Mel53,T.CD8,treatment.naive,Tirosh,4916,440033,4735,9995.604035484695
cy79_p5_CD45_pos_PD1_pos_F07_S643_comb,Mel79,T.CD8,treatment.naive,Tirosh,3677,144023,3425,9737.334087008574
cy04.3_CD45pos_S42,Mel04.3,T.CD8,post.treatment,New,3756,453641,3586,6934.438898353606
cy129PA_CD45pos_S41,Mel129pa,T.CD4,treatment.naive,New,3452,518205,3270,5805.951801777043
cy88_cd_45_pos_D11_S431_comb,Mel88,T.cell,post.treatment,Tirosh,2323,23321,2217,9620.307330183357
cy79_p1_CD45_pos_PD1_pos_AS_C5_R1_C08_S224_comb,Mel79,T.CD8,treatment.naive,Tirosh,3127,30286,2959,10808.334685724332
Cy81_FNA_CD45_B04_S208_comb,Mel81,T.CD8,treatment.naive,Tirosh,2776,182104,2556,7121.707057750881
cy116_CD45pos_S343,Mel116,T.CD4,treatment.naive,New,4336,470911,4146,9543.000979173914
cy75_1CORE_CD45pos_S35,Mel75,T.cell,post.treatment,New,4345,428256,4167,8282.804231308062
cy75_1B_CD45pos_S26,Mel75,T.cell,post.treatment,New,4629,564455,4453,8317.142651653689
cy106_CD45pos_S349,Mel106,T.CD4,post.treatment,New,5173,1672409,5048,8899.325756063434
cy72_CD45_pos_G04_S940_comb,Mel72,B.cell,post.treatment,Tirosh,3942,114020,3728,9501.574912433825
cy84_Primary_CD45_pos_E01_S433_comb,Mel84,Macrophage,treatment.naive,Tirosh,4347,259176,4146,10952.46712960949
cy60_1_cd_45_pos_HC_pos_HLDAR_pos_D12_S1008_comb,Mel60,T.CD8,post.treatment,Tirosh,2605,93761,2430,7870.999807890438
cy88_cd_45_pos_3_F05_S641_comb,Mel88,NK,post.treatment,Tirosh,2854,23954,2715,10832.334614730331
cy79_p5_CD45_neg_PDL1_neg_C04_S796_comb,Mel79,Endo.,treatment.naive,Tirosh,4378,119939,4172,11190.131145148709
cy103_CD45pos_S212,Mel103,T.CD8,treatment.naive,New,4998,594558,4833,10639.678376803946
CY58_1_CD45_G04_S1036_comb,Mel58,T.CD8,post.treatment,Tirosh,2830,77402,2627,8573.574826566404
cy105_CD45pos_S225,Mel105,B.cell,treatment.naive,New,4633,783149,4477,8535.65203648637
cy79_p4_CD45_pos_PD1_pos_G07_S367_comb,Mel79,T.CD8,treatment.naive,Tirosh,3591,187510,3364,8810.40386164776
cy129PA_CD45pos_S6,Mel129pa,Macrophage,treatment.naive,New,6136,1373801,5963,11400.39148785075
cy121.1_CD45pos_S374,Mel121.1,B.cell,post.treatment,New,3722,494230,3546,6194.660583848308
CY88CD45POS_2_F01_S445_comb,Mel88,T.CD4,post.treatment,Tirosh,2541,108501,2335,3750.5472564450383
cy106_CD45pos_S231,Mel106,T.cell,post.treatment,New,3037,791868,2868,4650.7708708302525
cy102_CD45pos_S103,Mel102,T.cell,post.treatment,New,7859,1253259,7683,14817.071701381366
MGH00478_CD45pos_1_S242,Mel478,T.CD8,treatment.naive,New,4450,636721,4226,9373.168424645375
MGH00478_CD45pos_2_S332,Mel478,T.cell,treatment.naive,New,4278,684935,4087,8915.73491024596
CY88CD45POS_7_D01_S229_comb,Mel88,T.cell,post.treatment,Tirosh,5096,543395,4923,9538.300420073585
CY88CD45POS_2_C11_S419_comb,Mel88,T.CD4,post.treatment,Tirosh,4710,364150,4481,9680.656068039898
merck_cd45pos_PL3_S374,Mel194,T.CD8,post.treatment,New,4374,404904,4213,10085.854746338311
cy102_CD45pos_S123,Mel102,T.CD4,post.treatment,New,4724,785287,4572,9941.814546485795
CY75_1FNA_F01_S541_comb,Mel75,T.CD4,post.treatment,Tirosh,3472,72082,3268,10341.917979463255
cy79_p1_CD45_pos_PD1_neg_AS_C1_R2_B07_S499_comb,Mel79,B.cell,treatment.naive,Tirosh,2808,49576,2580,8381.007371772776
cy102_CD45pos_S275,Mel102,T.CD4,post.treatment,New,4024,283269,3810,8585.863274505336
cy126_CD45pos_1_S79,Mel126,T.CD8,post.treatment,New,4450,350709,4266,8707.330561102544
CY89COREQ1_F05_S353_comb,Mel89,B.cell,treatment.naive,Tirosh,3982,171803,3750,8652.212461919326
CY88CD45POS_2_H10_S478_comb,Mel88,T.cell,post.treatment,Tirosh,2388,157944,2163,3680.209932471083
CY89A_Core_15_D12_S48_comb,Mel89,T.CD8,treatment.naive,Tirosh,3003,95506,2799,8128.670946781267
cy58_1_CD45_pos_B10_S598_comb,Mel58,Macrophage,post.treatment,Tirosh,4614,79335,4409,11985.39749758991
cy112_CD45pos_S291,Mel112,B.cell,treatment.naive,New,5490,1637117,5376,8929.81072728543
cy94_cd45neg_cd90pos_D08_S332_comb,Mel94,Endo.,post.treatment,Tirosh,7917,680380,7732,16547.583668768246
Merck_CD45pos_pl4_S88,Mel194,T.cell,post.treatment,New,4798,641222,4648,9099.234294225382
cy105_Zombineg_CD45neg_CD90neg_S121,Mel105,Endo.,treatment.naive,New,6539,795930,6361,11661.787423582697
cy128_CD45pos_S173,Mel128,T.cell,treatment.naive,New,3516,598556,3362,5162.439340191508
CY75_1_CD45_CD8_8__S360_comb_BCD8,Mel75,T.CD8,post.treatment,Tirosh,5545,515205,5404,12154.166368767615
cy110_CD45pos_S297,Mel110,Macrophage,post.treatment,New,5708,761294,5522,11323.759998896783
MGH00478_CD45pos_1_S265,Mel478,T.CD8,treatment.naive,New,3799,484609,3589,7596.560002836404
cy53_1_CD45_pos_1_A02_S2_comb,Mel53,NK,treatment.naive,Tirosh,4992,338932,4791,10734.497492549457
cy88_cd_45_pos_3_B07_S595_comb,Mel88,T.CD4,post.treatment,Tirosh,3419,92034,3204,10379.606277435978
MGH00478_CD45pos_2_S291,Mel478,T.CD4,treatment.naive,New,2942,480130,2793,4588.690977227847
MGH00478_CD45pos_1_S197,Mel478,T.CD4,treatment.naive,New,4207,690359,4038,7451.474428948381
cy72_CD45_pos_D01_S901_comb,Mel72,T.CD8,post.treatment,Tirosh,3738,120083,3525,9444.000006980586
cy98_CD45pos_2_S352,Mel98,T.CD8,post.treatment,New,4117,717815,3931,8292.790914970805
CY75_1FNA_F07_S547_comb_1,Mel75,T.cell,post.treatment,Tirosh,2897,45278,2657,9180.587052124181
CY94CD45POS_1_H02_S182_comb,Mel94,T.CD4,post.treatment,Tirosh,4253,246735,4052,8198.5127603897
Merck_CD45pos_pl4_S57,Mel194,T.CD8,post.treatment,New,4603,755268,4457,9797.147319947337
CY75_1FNA_H03_S567_comb,Mel75,T.CD8,post.treatment,Tirosh,2965,49542,2748,9207.20114499885
cy80_CD_90_pos_B04_S880_comb,Mel80,CAF,treatment.naive,Tirosh,8167,137997,8045,19316.615418106026
cy98_CD45pos_CD8pos_S21,Mel98,T.CD8,post.treatment,New,5228,359803,5052,11771.073421053223
Cy74_CD45_F06_S450_comb,Mel74,T.CD8,post.treatment,Tirosh,3011,126024,2802,8863.483662408591
cy98_CD45pos_CD8pos_S70,Mel98,T.CD8,post.treatment,New,4886,368721,4724,9995.085163322532
cy103_CD45pos_S225,Mel103,B.cell,treatment.naive,New,4872,837709,4731,8995.297287234214
CY88CD45POS_7_H03_S279_comb,Mel88,T.CD8,post.treatment,Tirosh,6093,493362,5959,14036.147473675715
cy126_CD45pos_2_S123,Mel126,T.CD8,post.treatment,New,5008,527161,4834,10327.309522800388
Cy81_FNA_CD45_A09_S201_comb,Mel81,T.CD8,treatment.naive,Tirosh,2851,205703,2639,6303.168811110083
Merck_CD45pos_pl4_S38,Mel194,T.CD8,post.treatment,New,4605,796532,4475,9151.016626695713
cy112_CD45pos_S64,Mel112,B.cell,treatment.naive,New,3640,1326027,3507,5361.804354823498
cy60_1_cd_45_pos_HC_pos_HLDAR_pos_C10_S994_comb,Mel60,T.CD8,post.treatment,Tirosh,2180,49753,2023,7240.803420742709
cy102_CD45pos_S197,Mel102,T.cell,post.treatment,New,3951,91795,3730,8894.61087153456
Cy80_II_CD45_C03_S891_comb,Mel80,Endo.,treatment.naive,Tirosh,4165,150267,3968,11097.09003719112
cy94_cd45pos_4_H10_S94_comb,Mel94,T.cell,post.treatment,Tirosh,5104,882862,4943,9223.172596530203
MGH00478_CD45pos_1_S286,Mel478,T.CD8,treatment.naive,New,3823,479727,3631,7341.101834019121
cy129PB_CD45pos_S229,Mel129pb,T.CD8,treatment.naive,New,2178,17862,2070,8347.099484214694
cy80_Cd45_pos_Pd1_neg_S341_G05_S341_comb,Mel80,B.cell,treatment.naive,Tirosh,6264,57940,6066,16101.288654942528
cy60_1_cd_45_pos_3_D06_S330_comb,Mel60,T.CD8,post.treatment,Tirosh,3188,82151,3006,10157.363210394878
cy116_CD45pos_S371,Mel116,Macrophage,treatment.naive,New,5584,538313,5413,11811.718827667926
cy53_1_CD45_pos_2_H12_S1056_comb,Mel53,Macrophage,treatment.naive,Tirosh,7567,44673,7345,17512.119498743778
cy84_Primary_CD45_pos_D02_S422_comb,Mel84,B.cell,treatment.naive,Tirosh,3578,108121,3332,9275.83570601925
cy04.3_CD45pos_S93,Mel04.3,T.CD8,post.treatment,New,4630,792818,4476,8524.946808820445
cy88_cd_45_pos_3_C01_S601_comb,Mel88,T.CD8,post.treatment,Tirosh,3345,141316,3128,8994.375045921592
cy04.3_CD45pos_S58,Mel04.3,B.cell,post.treatment,New,4491,955365,4319,6753.757468843946
cy102_CD45pos_S106,Mel102,Macrophage,post.treatment,New,6512,1097578,6367,12924.815990129538
cy60_1_cd_45_pos_4_B04_S16_comb,Mel60,T.cell,post.treatment,Tirosh,2788,45094,2579,9694.428363706096
cy80_Cd45_pos_Pd1_neg_S370_H10_S370_comb,Mel80,B.cell,treatment.naive,Tirosh,4523,114415,4274,10994.385268251033
cy53_1_CD45_neg_D06_S330_comb,Mel53,?,treatment.naive,Tirosh,1995,53186,1975,7655.344067413242
cy105_CD45pos_calceinpos_S75,Mel105,T.CD8,treatment.naive,New,4428,747244,4277,8702.671630750909
cy98_CD45pos_CD8pos_S10,Mel98,T.CD8,post.treatment,New,5480,286469,5303,12564.694139238549
CY89A_CD45_POS_6_B01_S109_comb,Mel89,T.CD4,treatment.naive,Tirosh,3617,156845,3396,8151.641691584322
cy80_Cd45_pos_Pd1_neg_S247_C07_S247_comb,Mel80,B.cell,treatment.naive,Tirosh,3937,89626,3716,10313.047320532423
cy105_CD45pos_S246,Mel105,T.CD8,treatment.naive,New,4094,328878,3914,8497.628869174105
cy110_CD45pos_S213,Mel110,Macrophage,post.treatment,New,7214,1541963,7067,12160.809599708558
cy105_CD45pos_calceinpos_S31,Mel105,NK,treatment.naive,New,3922,416133,3737,9149.488438482065
cy105_Zombineg_CD45neg_CD90neg_S145,Mel105,Endo.,treatment.naive,New,5651,932328,5491,10631.99638531785
cy79_p4_CD45_pos_PD1_pos_G10_S370_comb,Mel79,T.CD8,treatment.naive,Tirosh,3471,129244,3248,9227.799821456247
cy103_CD45pos_S245,Mel103,T.CD4,treatment.naive,New,3835,139368,3622,10160.823471247253
CY75_1_CD45_CD8_7__S194_comb_BCD8,Mel75,NK,post.treatment,Tirosh,5216,241716,5033,13074.254407703775
cy75_1B_CD45pos_S14,Mel75,T.CD8,post.treatment,New,4055,384742,3888,7794.381575757005
cy94_cd45pos_4_H07_S91_comb,Mel94,T.CD4,post.treatment,Tirosh,4658,236540,4450,11344.696532279566
cy129PA_CD45pos_S83,Mel129pa,T.CD8,treatment.naive,New,4311,811168,4131,8226.034523391609
CY75_1_CD45_CD8_7__S225_comb_BCD8,Mel75,T.CD8,post.treatment,Tirosh,5603,485868,5424,12783.78592769169
cy94_cd45pos_H03_S183_comb,Mel94,T.CD4,post.treatment,Tirosh,5432,478865,5276,10539.96751124295
MGH00478_CD45pos_2_S381,Mel478,B.cell,treatment.naive,New,4182,581810,4006,7710.275746542624
cy79_p1_CD45_pos_PD1_pos_AS_C5_R1_H10_S286_comb,Mel79,T.CD8,treatment.naive,Tirosh,2996,40381,2801,9912.779803235391
cy102_CD45pos_S253,Mel102,T.cell,post.treatment,New,3892,680729,3719,6834.7735950882325
cy94_cd45pos_4_A04_S4_comb,Mel94,T.CD8,post.treatment,Tirosh,2822,30028,2648,9826.099767345931
cy105_CD45pos_calceinpos_S37,Mel105,T.CD8,treatment.naive,New,4614,697018,4430,9628.139453172791
cy98_CD45pos_CD8pos_S51,Mel98,T.CD8,post.treatment,New,4515,530742,4354,8554.975097374847
cy80_Cd45_pos_PD1_pos_B11_S47_comb,Mel80,T.cell,treatment.naive,Tirosh,4512,141574,4303,11369.452544220567
cy80_Cd45_pos_PD1_pos_S159_G03_S159_comb,Mel80,NK,treatment.naive,Tirosh,4265,95472,4073,11983.19679680347
CY89A_Core_15_F07_S67_comb,Mel89,T.CD8,treatment.naive,Tirosh,2599,40595,2410,9178.832966750877
cy53_1_CD45_pos_1_G08_S80_comb,Mel53,Macrophage,treatment.naive,Tirosh,5973,393253,5780,12259.280429880335
cy60_1_cd_45_pos_HC_pos_HLDAR_pos_G12_S1044_comb,Mel60,T.cell,post.treatment,Tirosh,2023,58687,1923,7035.043593241156
MGH00478_CD45pos_1_S231,Mel478,T.CD8,treatment.naive,New,4168,689187,3992,7873.453170041845
cy103_CD45pos_S126,Mel103,T.CD8,treatment.naive,New,4509,356593,4320,9937.011367979701
cy60_1_cd_45_pos_HC_pos_HLDAR_pos_H12_S1056_comb,Mel60,T.CD8,post.treatment,Tirosh,3665,139812,3463,11014.650319713799
cy129PA_CD45pos_S111,Mel129pa,?,treatment.naive,New,3490,1544673,3369,9316.010395729229
cy74_CD45_pos_E02_S722_comb,Mel74,T.CD8,post.treatment,Tirosh,3167,67535,3006,9411.34346618719
CY89A_Core_15_G02_S74_comb,Mel89,B.cell,treatment.naive,Tirosh,3314,150453,3092,7471.352968978712
cy112_CD45pos_S359,Mel112,T.CD8,treatment.naive,New,4988,1608516,4879,8493.020733993235
cy75_1B_CORE_CD45neg_S164,Mel75,?,post.treatment,New,7042,1295812,6863,13142.650719691068
CY88CD45_150813_F09_S357_comb,Mel88,T.CD8,post.treatment,Tirosh,6188,571619,6020,13644.741750151345
CY94CD45POS_1_G04_S172_comb,Mel94,T.cell,post.treatment,Tirosh,4486,392887,4311,8757.456626092819
cy98_CD45pos_CD8pos_S8,Mel98,T.CD8,post.treatment,New,3894,748167,3697,7099.181322502987
CY58_1_CD45_F03_S1023_comb,Mel58,T.CD4,post.treatment,Tirosh,3434,157720,3217,8698.288498278402
CY89A_CD45_POS_10_A10_S202_comb,Mel89,T.cell,treatment.naive,Tirosh,2058,19277,1918,7233.130843069997
cy121.1_CD45pos_S370,Mel121.1,T.CD4,post.treatment,New,3900,249108,3677,7946.311947078571
cy82_CD45_pos_1_D06_S522_comb,Mel82,?,treatment.naive,Tirosh,2149,471864,2073,6905.705367887842
cy79_p4_CD45_pos_PD1_pos_F11_S359_comb,Mel79,T.cell,treatment.naive,Tirosh,3747,158526,3511,8752.017456264917
cy98_CD45pos_2_S372,Mel98,T.cell,post.treatment,New,3962,313091,3736,8958.467856344256
cy110_CD45pos_S329,Mel110,Macrophage,post.treatment,New,5449,468947,5256,10480.767851380553
cy79_p1_CD45_pos_PD1_neg_AS_C1_R2_E10_S538_comb,Mel79,T.CD4,treatment.naive,Tirosh,2583,20911,2448,9485.022089373566
cy103_CD45pos_S200,Mel103,B.cell,treatment.naive,New,4181,295954,3998,8268.189153569892
CY89FNA_F03_S255_comb,Mel89,B.cell,treatment.naive,Tirosh,2176,57141,1994,6496.730512569169
CY88CD45_150813_E06_S342_comb,Mel88,T.cell,post.treatment,Tirosh,2839,176792,2624,5465.65145216985
CY75_1_CD45_CD8_7__S223_comb_BCD8,Mel75,T.CD8,post.treatment,Tirosh,4738,196814,4543,11566.550611584793
cy80_Cd45_pos_PD1_pos_B05_S41_comb,Mel80,T.CD8,treatment.naive,Tirosh,4023,105494,3776,10897.448480496081
cy80_CD45_neg_G01_S457_comb,Mel80,T.CD8,treatment.naive,Tirosh,2966,102669,2751,8712.794213407993
CY89FNA_A03_S195_comb,Mel89,T.CD8,treatment.naive,Tirosh,2938,96579,2733,8083.359782804859
cy79_p3_CD45_pos_PD1_pos_AS_C2_R1_A08_S392_comb,Mel79,T.CD8,treatment.naive,Tirosh,2354,55430,2186,7605.7695452600965
cy106_CD45pos_S357,Mel106,T.CD4,post.treatment,New,4859,1275649,4712,8126.907109263048
cy105_CD45pos_calceinpos_S49,Mel105,T.CD8,treatment.naive,New,2843,139546,2661,7872.188730866108
cy84_Primary_CD45_pos_H06_S474_comb,Mel84,B.cell,treatment.naive,Tirosh,5157,345971,4931,10651.450850248195
cy102_CD45pos_S233,Mel102,T.cell,post.treatment,New,4254,341016,4069,8728.923950719201
cy80_CD45_neg_H05_S953_comb,Mel80,?,treatment.naive,Tirosh,3456,12735,3336,12666.562587666165
cy82_CD45_pos_2_G12_S564_comb,Mel82,?,treatment.naive,Tirosh,3326,76896,3194,9216.833820076128
cy53_1_CD45_neg_F09_S357_comb,Mel53,CAF,treatment.naive,Tirosh,2699,171921,2636,9759.377968020595
cy98_CD45pos_2_S339,Mel98,Macrophage,post.treatment,New,5738,839247,5566,11727.529016814839
cy80_CD45_neg_A10_S394_comb,Mel80,?,treatment.naive,Tirosh,7052,208943,6848,15267.06213636706
cy129PA_CD45pos_S86,Mel129pa,T.CD4,treatment.naive,New,3734,591392,3562,6409.61282654665
Cy72_CD45_B06_S690_comb,Mel72,T.cell,post.treatment,Tirosh,3037,152265,2860,7010.464671666972
CY94CD45POS_1_F06_S162_comb,Mel94,T.cell,post.treatment,Tirosh,4169,211012,3913,9069.085348864268
cy94_cd45pos_D12_S144_comb,Mel94,T.cell,post.treatment,Tirosh,5279,597003,5116,9808.520718181477
cy72_CD45_pos_G10_S946_comb,Mel72,T.CD8,post.treatment,Tirosh,2830,53783,2583,8247.615056244838
cy94_cd45pos_H01_S181_comb,Mel94,B.cell,post.treatment,Tirosh,7392,805722,7264,14247.783024079621
Cy74_CD45_F07_S451_comb,Mel74,T.CD8,post.treatment,Tirosh,2994,115090,2810,8347.289142825342
cy80_CD45_neg_A04_S868_comb,Mel80,Endo.,treatment.naive,Tirosh,5125,127315,4922,12722.835035751723
cy98_CD45pos_CD8pos_S82,Mel98,T.CD8,post.treatment,New,5967,374468,5820,13538.32274610218
cy79_p3_CD45_pos_PD1_neg_F09_S165_comb,Mel79,T.CD4,treatment.naive,Tirosh,2426,23198,2283,8205.578876467716
Cy74_CD45_C02_S410_comb,Mel74,T.CD8,post.treatment,Tirosh,3181,164459,2972,8811.109023270554
cy105_CD45pos_calceinpos_S14,Mel105,T.CD4,treatment.naive,New,4456,375909,4268,9422.66183663836
cy94_cd45pos_D10_S142_comb,Mel94,B.cell,post.treatment,Tirosh,7274,350717,7106,15121.63850257185
cy84_Primary_CD45_pos_A06_S390_comb,Mel84,T.CD4,treatment.naive,Tirosh,3140,87684,2903,9191.371112157343
cy80_CD45_pos_PD1_pos_D01_S133_comb,Mel80,T.cell,treatment.naive,Tirosh,3889,95779,3673,10163.475213814563
cy79_p5_CD45_pos_PD1_pos_B02_S590_comb,Mel79,T.CD8,treatment.naive,Tirosh,3179,94332,2974,9046.009065599963
cy110_CD45pos_S209,Mel110,Macrophage,post.treatment,New,7356,1278687,7205,12191.87479957709
CY89COREQ1_E05_S341_comb,Mel89,B.cell,treatment.naive,Tirosh,2965,71319,2756,8056.835401175413
CY75_1_CD45_CD8_7__S205_comb_BCD8,Mel75,T.CD4,post.treatment,Tirosh,6332,478281,6189,13443.382406628643
CY89COREQ1_A04_S292_comb,Mel89,T.CD4,treatment.naive,Tirosh,4049,155264,3822,10290.661352080295
monika_C6_S124_comb_BCD8_3,Mel75,T.CD8,post.treatment,Tirosh,5614,991071,5486,10240.003626300528
cy121.1_CD45pos_S198,Mel121.1,T.CD8,post.treatment,New,3613,1227514,3470,5380.922761123843
cy79_p3_CD45_pos_PD1_neg_G09_S177_comb,Mel79,B.cell,treatment.naive,Tirosh,3759,134444,3530,8732.159143503406
cy121.1_CD45pos_S193,Mel121.1,Macrophage,post.treatment,New,6259,2234169,6138,11608.573294406822
cy126_CD45pos_2_S108,Mel126,T.CD8,post.treatment,New,4496,556102,4292,9832.462810059247
cy112_CD45pos_S27,Mel112,B.cell,treatment.naive,New,3398,2183513,3242,4465.489774705082
CY88CD45POS_7_E07_S247_comb,Mel88,T.CD8,post.treatment,Tirosh,4942,396334,4747,10416.359995893441
cy75_1B_CD45pos_S95,Mel75,T.CD8,post.treatment,New,3836,332535,3663,7263.470014249578
cy94_cd45pos_A05_S101_comb,Mel94,T.cell,post.treatment,Tirosh,3371,145922,3161,8246.975174785259
cy58_1_CD45_pos_A05_S581_comb,Mel58,T.CD8,post.treatment,Tirosh,3795,130286,3560,9177.102847142125
Cy71_CD45_D03_S519_comb,Mel71,T.CD8,treatment.naive,Tirosh,2965,127653,2760,7705.631245991817
CY58_1_CD45_B10_S982_comb,Mel58,?,post.treatment,Tirosh,3454,257927,3245,7391.316063982754
cy75_1B_CD45pos_S93,Mel75,NK,post.treatment,New,3927,283617,3749,8075.349914392769
cy60_1_cd_45_pos_4_A01_S1_comb,Mel60,T.CD8,post.treatment,Tirosh,2493,31807,2344,9607.757180425622
cy94_cd45pos_F04_S160_comb,Mel94,T.cell,post.treatment,Tirosh,2992,61807,2784,8726.965187575055
cy129PB_CD45pos_S253,Mel129pb,Macrophage,treatment.naive,New,6237,1151998,6053,11033.274013555845
cy79_p3_CD45_pos_PD1_neg_E09_S153_comb,Mel79,NK,treatment.naive,Tirosh,2331,18863,2198,9164.153471102214
cy112_CD45pos_S347,Mel112,B.cell,treatment.naive,New,4755,909463,4643,8633.426496941476
cy84_Met_CD45_pos_B04_S880_comb,Mel84,T.CD8,treatment.naive,Tirosh,2631,126153,2436,7857.513165254917
CY88CD45POS_7_C03_S219_comb,Mel88,B.cell,post.treatment,Tirosh,4974,245250,4751,11771.100459171907
CY58_1_CD45_C08_S992_comb,Mel58,T.CD8,post.treatment,Tirosh,3275,180873,3078,8405.050937763626
CY89A_Core_15_G03_S75_comb,Mel89,T.CD8,treatment.naive,Tirosh,3114,104592,2874,8455.108341836698
CY89A_CD45_POS_6_A05_S101_comb,Mel89,Macrophage,treatment.naive,Tirosh,4741,229184,4565,11752.48286179686
merck_cd45pos_PL3_S316,Mel194,T.CD4,post.treatment,New,5117,772262,4989,10139.169102845606
cy79_p1_CD45_pos_PD1_pos_AS_C5_R1_B06_S210_comb,Mel79,T.CD8,treatment.naive,Tirosh,2332,10169,2192,9724.688507467785
cy81_Bulk_CD45_neg_F05_S161_comb,Mel81,?,treatment.naive,Tirosh,4387,34204,4295,13491.747379527958
cy84_Met_CD45_pos_G05_S941_comb,Mel84,T.CD8,treatment.naive,Tirosh,3062,124999,2847,8192.357877324455
cy116_CD45pos_S309,Mel116,B.cell,treatment.naive,New,5277,556466,5088,10505.80880443191
CY94CD45POS_1_H07_S187_comb,Mel94,T.cell,post.treatment,Tirosh,6430,258564,6206,14233.880264091476
cy121.1_CD45pos_S383,Mel121.1,T.CD4,post.treatment,New,3811,680138,3616,6789.8849410723005
cy110_CD45pos_S311,Mel110,Macrophage,post.treatment,New,6327,1729702,6188,10729.568373731267
Cy74_CD45_A11_S395_comb,Mel74,T.CD8,post.treatment,Tirosh,2980,142442,2798,8496.989765735725
Merck_CD45pos_pl4_S9,Mel194,T.CD8,post.treatment,New,4793,1060342,4669,9470.759693000098
cy04.3_CD45pos_S47,Mel04.3,T.CD8,post.treatment,New,5564,311249,5441,12669.275633436024
cy58_1_CD45_pos_B02_S590_comb,Mel58,T.CD4,post.treatment,Tirosh,4104,114853,3905,9742.49271594713
cy102_CD45pos_S284,Mel102,Macrophage,post.treatment,New,5668,809176,5471,11761.770746428676
Cy71_CD45_C08_S512_comb,Mel71,T.CD8,treatment.naive,Tirosh,2380,44902,2187,7312.445653282575
MGH00478_CD45pos_2_S322,Mel478,T.CD8,treatment.naive,New,3688,548755,3515,7068.199685635721
cy04.3_CD45pos_S53,Mel04.3,T.CD8,post.treatment,New,3918,1300486,3745,6821.779391030401
cy121.1_CD45pos_S196,Mel121.1,B.cell,post.treatment,New,4575,733996,4457,7700.529243734276
Cy72_CD45_H12_S864_comb,Mel72,?,post.treatment,Tirosh,2189,1998777,2013,2595.126155787744
cy98_CD45pos_2_S307,Mel98,T.cell,post.treatment,New,5240,724929,5075,11210.36759224194
monika_A10_S98_comb_BCD8_3,Mel75,T.CD8,post.treatment,Tirosh,4764,993083,4637,8197.070786102491
cy94_cd45pos_G04_S172_comb,Mel94,B.cell,post.treatment,Tirosh,3502,62120,3293,10180.462825224502
CY75_1_CD45_CD8_3__S161_comb_BCD8,Mel75,T.CD8,post.treatment,Tirosh,4076,320028,3869,8893.610296190098
cy81_Bulk_CD45_neg_E12_S156_comb,Mel81,CAF,treatment.naive,Tirosh,2865,10389,2745,9762.166539005808
cy105_CD45neg_S219,Mel105,Endo.,treatment.naive,New,6080,557531,5927,12515.308605112716
cy84_Primary_CD45_pos_C01_S409_comb,Mel84,T.CD8,treatment.naive,Tirosh,4640,135532,4411,12874.516336400466
cy103_CD45pos_S260,Mel103,B.cell,treatment.naive,New,3596,249162,3406,7142.577897495338
cy102_CD45pos_S250,Mel102,Macrophage,post.treatment,New,2626,957279,2498,7295.400297578726
CY58_1_CD45_B09_S981_comb,Mel58,T.CD8,post.treatment,Tirosh,3598,197043,3384,8670.885904943585
cy110_CD45pos_S242,Mel110,Macrophage,post.treatment,New,7359,1447618,7170,12686.697562739377
cy75_1CORE_CD45pos_S83,Mel75,T.CD8,post.treatment,New,4371,368224,4184,8811.700302585146
cy75_1B_CD45pos_S54,Mel75,T.CD8,post.treatment,New,5272,619173,5087,10033.946144736861
CY94CD45POS_1_A10_S106_comb,Mel94,B.cell,post.treatment,Tirosh,2097,30985,1935,7403.361847618479
cy79_p1_CD45_pos_PD1_pos_AS_C5_R1_F03_S255_comb,Mel79,T.CD4,treatment.naive,Tirosh,3448,31876,3255,11648.61730601272
cy105_CD45pos_S274,Mel105,T.CD8,treatment.naive,New,4108,332471,3906,8557.38652762063
CY94CD45POS_1_A06_S102_comb,Mel94,B.cell,post.treatment,Tirosh,2595,48421,2373,7616.657263375356
cy75_1CORE_CD45pos_S90,Mel75,T.cell,post.treatment,New,4299,234559,4086,9325.197099586398
cy72_CD45_pos_G02_S938_comb,Mel72,T.CD8,post.treatment,Tirosh,3778,74894,3576,11128.249050760722
cy103_CD45pos_S206,Mel103,B.cell,treatment.naive,New,4609,391983,4418,10185.565212750284
cy128_CD45pos_S152,Mel128,T.CD4,treatment.naive,New,3484,473851,3269,6038.895120728315
cy94_cd45pos_4_D11_S47_comb,Mel94,T.cell,post.treatment,Tirosh,4780,1183118,4634,7929.287365535296
cy105_CD45pos_calceinpos_S91,Mel105,B.cell,treatment.naive,New,3978,464112,3790,7750.575563878427
monika_C3_S122_comb_BCD8_3,Mel75,T.CD8,post.treatment,Tirosh,4949,772202,4817,8692.508969963612
cy116_CD45pos_S331,Mel116,T.CD8,treatment.naive,New,4027,383033,3849,8150.964427711493
cy129PB_CD45pos_S278,Mel129pb,T.CD8,treatment.naive,New,2330,16985,2267,8668.325697271273
cy72_CD45_pos_F06_S930_comb,Mel72,T.CD4,post.treatment,Tirosh,2874,41216,2638,8944.120086542036
cy53_1_CD45_pos_2_G01_S1033_comb,Mel53,T.CD4,treatment.naive,Tirosh,4267,169663,4054,9949.345071074087
cy103_CD45pos_S109,Mel103,T.cell,treatment.naive,New,4536,264293,4318,9182.298719326467
cy88_cd_45_pos_3_F07_S643_comb,Mel88,T.CD4,post.treatment,Tirosh,2803,64966,2593,8842.540095474464
cy04.3_CD45pos_S31,Mel04.3,T.CD4,post.treatment,New,3139,221797,2941,7487.012891265998
cy79_p1_CD45_pos_PD1_pos_AS_C5_R1_D10_S238_comb,Mel79,T.CD8,treatment.naive,Tirosh,3507,58604,3308,10755.944635552465
cy110_CD45pos_S308,Mel110,T.CD4,post.treatment,New,4507,375374,4296,10702.817100903374
cy129PB_CD45pos_S201,Mel129pb,T.CD8,treatment.naive,New,3182,184846,2978,6861.724353743182
cy106_CD45pos_S211,Mel106,T.CD4,post.treatment,New,3904,699107,3750,5942.357158345341
cy103_CD45pos_S249,Mel103,T.CD8,treatment.naive,New,5839,820757,5675,12008.231896591122
Cy74_CD45_E02_S434_comb,Mel74,T.CD8,post.treatment,Tirosh,2779,113412,2561,7467.598382624379
cy105_CD45pos_calceinpos_S70,Mel105,T.cell,treatment.naive,New,3363,179992,3136,7817.572771837473
cy94_cd45pos_4_E11_S59_comb,Mel94,T.CD4,post.treatment,Tirosh,5855,757770,5696,11055.185360898638
cy105_CD45neg_calceinpos_S191,Mel105,Endo.,treatment.naive,New,5465,609827,5310,10801.759966005782
Merck_CD45pos_pl4_S3,Mel194,T.CD8,post.treatment,New,4895,1104030,4763,9344.443501605718
cy79_p5_CD45_pos_PD1_pos_F12_S648_comb,Mel79,T.CD8,treatment.naive,Tirosh,2063,19580,1953,8396.805875977854
cy94_cd45pos_B10_S118_comb,Mel94,B.cell,post.treatment,Tirosh,3985,130246,3777,9408.821539001878
cy94_cd45pos_4_A02_S2_comb,Mel94,T.CD8,post.treatment,Tirosh,2146,23956,1995,7948.896208058093
cy94_cd45pos_A07_S103_comb,Mel94,B.cell,post.treatment,Tirosh,3810,184182,3587,8912.942691089587
cy80_Cd45_pos_PD1_pos_S157_G01_S157_comb,Mel80,T.CD8,treatment.naive,Tirosh,5804,107083,5579,14151.648979594345
cy75_1B_CD45pos_S80,Mel75,T.CD8,post.treatment,New,4228,356303,4085,8514.50077991829
cy129PA_CD45pos_S87,Mel129pa,T.CD8,treatment.naive,New,4269,810056,4078,8242.794620671177
CY75_1_CD45_CD8_3__S179_comb_BCD8,Mel75,T.CD8,post.treatment,Tirosh,5598,558024,5417,13434.011153504274
cy105_CD45pos_calceinpos_S86,Mel105,T.CD4,treatment.naive,New,4502,345439,4328,10109.163891868473
CY89A_CD45_POS_6_G03_S171_comb,Mel89,T.cell,treatment.naive,Tirosh,3404,111836,3169,8532.135513682688
cy110_CD45pos_S269,Mel110,Macrophage,post.treatment,New,6983,1142626,6832,12690.031592812336
cy58_1_CD45_pos_D08_S620_comb,Mel58,T.CD8,post.treatment,Tirosh,3177,29315,2947,10286.900547551155
cy72_CD45_pos_C05_S893_comb,Mel72,B.cell,post.treatment,Tirosh,4086,130125,3861,9397.991366157874
cy75_1B_CORE_CD45neg_S139,Mel75,CAF,post.treatment,New,7935,671518,7747,13969.458103468614
cy53_1_CD45_pos_1_F04_S64_comb,Mel53,NK,treatment.naive,Tirosh,4466,190108,4261,10703.457921368437
cy98_CD45pos_1_S222,Mel98,T.CD8,post.treatment,New,4324,1001761,4130,7794.143376996926
CY84_PRIM_POS_ALL_6_C05_S413_comb,Mel84,Macrophage,treatment.naive,Tirosh,5617,655239,5449,11667.593831850767
merck_cd45pos_PL3_S292,Mel194,T.CD4,post.treatment,New,5254,968843,5117,10129.130753417247
CY84_PRIM_POS_ALL_8_D04_S136_comb,Mel84,Macrophage,treatment.naive,Tirosh,3799,287543,3565,7985.729310401008
cy105_CD45pos_calceinpos_S90,Mel105,T.CD4,treatment.naive,New,3880,592269,3701,7974.871515642305
CY89A_CD45_POS_6_C10_S130_comb,Mel89,Macrophage,treatment.naive,Tirosh,4254,324649,4041,9568.661382731723
CY89A_Core_15_D02_S38_comb,Mel89,B.cell,treatment.naive,Tirosh,3161,139490,2936,7678.260794742758
cy58_1_CD45_pos_A06_S582_comb,Mel58,T.CD8,post.treatment,Tirosh,3648,90977,3427,9248.803054699052
CY94CD45POS_1_A09_S105_comb,Mel94,T.CD4,post.treatment,Tirosh,2983,75125,2760,8224.413240478316
cy60_1_cd_45_pos_HC_pos_HLDAR_pos_E04_S1012_comb,Mel60,B.cell,post.treatment,Tirosh,2829,70201,2634,8637.20618284624
cy102_CD45pos_S165,Mel102,Macrophage,post.treatment,New,8969,712007,8816,17081.655697517104
cy105_CD45pos_calceinpos_S18,Mel105,T.CD8,treatment.naive,New,5201,912998,5011,11227.324720177452
cy53_1_CD45_neg_A10_S298_comb,Mel53,Endo.,treatment.naive,Tirosh,5830,757521,5631,12609.095510188637
cy79_p4_CD45_pos_PD1_pos_G05_S365_comb,Mel79,T.CD8,treatment.naive,Tirosh,3374,196514,3145,8079.353019436838
cy60_1_cd_45_pos_4_E09_S57_comb,Mel60,T.CD4,post.treatment,Tirosh,3517,122500,3294,9770.864189178246
cy80_CD45_neg_H03_S471_comb,Mel80,T.CD4,treatment.naive,Tirosh,4114,191176,3901,9586.815868874124
cy80_CD45_pos_PD1_pos_H01_S181_comb,Mel80,NK,treatment.naive,Tirosh,4881,285148,4654,11337.363501990034
CY75_1_CD45_CD8_3__S134_comb_BCD8,Mel75,T.CD8,post.treatment,Tirosh,3780,92513,3564,11029.876145948832
cy105_CD45pos_S228,Mel105,T.cell,treatment.naive,New,3859,194151,3671,8212.084661429715
CY89FNA_E07_S247_comb,Mel89,B.cell,treatment.naive,Tirosh,3248,73560,3008,8845.30796863812
cy53_1_CD45_pos_2_C06_S990_comb,Mel53,T.CD8,treatment.naive,Tirosh,4161,93741,3946,11300.661170946787
CY75_1FNA_H08_S572_comb,Mel75,T.CD8,post.treatment,Tirosh,3921,111217,3708,10872.631457073487
Merck_CD45pos_pl4_S70,Mel194,T.CD8,post.treatment,New,4987,1423655,4869,9721.754686935308
Cy74_CD45_C03_S411_comb,Mel74,B.cell,post.treatment,Tirosh,2662,97564,2451,7106.953965182764
Cy74_CD45_D02_S422_comb,Mel74,T.cell,post.treatment,Tirosh,2461,78119,2270,6983.623037487153
Cy74_CD45_F01_S445_comb,Mel74,T.CD8,post.treatment,Tirosh,2823,99752,2620,8460.777448560992
cy106_CD45pos_S282,Mel106,T.cell,post.treatment,New,4043,1041586,3897,5891.753513281939
Cy74_CD45_C10_S418_comb,Mel74,?,post.treatment,Tirosh,3196,135606,3005,9230.879128744195
CY88CD45_150813_F06_S354_comb,Mel88,Macrophage,post.treatment,Tirosh,6277,1109398,6045,12218.797008328364
Merck_CD45pos_pl4_S14,Mel194,T.CD8,post.treatment,New,4309,543603,4139,8895.659014452802
Cy81_FNA_CD45_H02_S278_comb,Mel81,T.cell,treatment.naive,Tirosh,2969,208313,2751,7177.357482945304
Merck_CD45pos_pl4_S10,Mel194,T.CD8,post.treatment,New,4802,1300244,4680,9231.719327348728
cy98_CD45pos_1_S223,Mel98,Macrophage,post.treatment,New,5744,1433613,5579,11248.772599529319
cy103_CD45pos_S99,Mel103,T.CD8,treatment.naive,New,4049,228938,3841,9105.655619123201
cy129PA_CD45pos_S1,Mel129pa,Macrophage,treatment.naive,New,8555,254760,8406,14965.176477957699
cy105_CD45pos_S275,Mel105,B.cell,treatment.naive,New,5672,621074,5496,11756.832213878393
cy103_CD45pos_S220,Mel103,T.CD8,treatment.naive,New,6052,372681,5881,12691.82242115855
cy121.1_CD45pos_S373,Mel121.1,T.cell,post.treatment,New,3886,726544,3723,6528.122838254826
CY89A_CD45_POS_6_B04_S112_comb,Mel89,Macrophage,treatment.naive,Tirosh,5844,403794,5658,11970.2847385333
cy58_1_CD45_pos_C05_S605_comb,Mel58,B.cell,post.treatment,Tirosh,3555,69412,3310,9727.811612054033
Cy81_FNA_CD45_A05_S197_comb,Mel81,T.CD4,treatment.naive,Tirosh,3011,299150,2817,6284.6673704240475
cy106_CD45pos_S249,Mel106,T.CD4,post.treatment,New,4972,572626,4836,7886.495731181969
cy80_Cd45_pos_Pd1_neg_S295_E07_S295_comb,Mel80,T.CD4,treatment.naive,Tirosh,3843,58623,3608,11187.987334730715
CY75_1_CD45_CD8_3__S178_comb_BCD8,Mel75,T.CD8,post.treatment,Tirosh,3752,172851,3536,9809.871892791816
cy04.3_CD45pos_S21,Mel04.3,?,post.treatment,New,4114,196844,3972,8250.429699849228
cy129PA_CD45pos_S34,Mel129pa,T.CD8,treatment.naive,New,4371,718345,4210,8153.064150152422
CY75_1_CD45_CD8_8__S371_comb_BCD8,Mel75,T.CD8,post.treatment,Tirosh,1930,100333,1744,4657.099026540351
CY88CD45POS_2_G07_S463_comb,Mel88,B.cell,post.treatment,Tirosh,4264,755449,4054,7778.98009998365
cy106_CD45pos_S275,Mel106,T.CD4,post.treatment,New,3123,409269,2967,4766.875928836416
cy79_p1_CD45_pos_PD1_neg_AS_C1_R2_F07_S547_comb,Mel79,T.CD4,treatment.naive,Tirosh,2131,16157,2015,8341.210600677421
cy110_CD45pos_S195,Mel110,T.cell,post.treatment,New,4742,842977,4604,8296.993885980832
MGH00478_CD45pos_1_S257,Mel478,T.CD4,treatment.naive,New,4971,988572,4800,10186.308244315336
Merck_CD45pos_pl4_S42,Mel194,T.CD4,post.treatment,New,4926,893005,4753,10818.699590869439
cy79_p3_CD45_pos_PD1_neg_F05_S161_comb,Mel79,B.cell,treatment.naive,Tirosh,3330,122276,3122,7888.6171411194855
cy60_1_cd_45_pos_3_G12_S372_comb,Mel60,Macrophage,post.treatment,Tirosh,4031,186073,3819,10703.89373278399
cy84_Primary_CD45_pos_G02_S458_comb,Mel84,B.cell,treatment.naive,Tirosh,3884,159894,3659,9412.136120628824
cy94_cd45pos_4_E05_S53_comb,Mel94,T.cell,post.treatment,Tirosh,6869,326420,6692,14788.914169856194
cy79_p4_CD45_pos_PD1_pos_A03_S291_comb,Mel79,T.CD8,treatment.naive,Tirosh,2954,127137,2735,7792.720369842469
cy80_Cd45_pos_PD1_pos_C02_S62_comb,Mel80,T.CD4,treatment.naive,Tirosh,5060,188692,4816,12492.317102424
cy105_CD45pos_S287,Mel105,T.cell,treatment.naive,New,4057,226511,3864,9907.21973714402
MGH00478_CD45pos_2_S363,Mel478,T.CD4,treatment.naive,New,3844,355975,3649,7970.54607310108
CY75_1_CD45_CD8_8__S333_comb_BCD8,Mel75,?,post.treatment,Tirosh,5071,105072,4907,13730.596248112171
CY75_1_CD45_CD8_3__S159_comb_BCD8,Mel75,T.CD8,post.treatment,Tirosh,5331,507428,5149,11965.8988105309
cy129PB_CD45pos_S247,Mel129pb,T.cell,treatment.naive,New,3670,179710,3488,8715.818630562362
cy79_p4_CD45_pos_PD1_pos_H08_S380_comb,Mel79,T.CD8,treatment.naive,Tirosh,3762,186303,3533,9573.544348149224
cy88_cd_45_pos_E06_S438_comb,Mel88,Macrophage,post.treatment,Tirosh,4382,160910,4189,11540.382909851407
CY88CD45POS_2_E09_S441_comb,Mel88,NK,post.treatment,Tirosh,2111,36333,1982,8332.859849328823
CY75_1_CD45_CD8_3__S187_comb_BCD8,Mel75,T.CD8,post.treatment,Tirosh,4446,366677,4264,10039.521375938362
cy105_CD45pos_S268,Mel105,?,treatment.naive,New,3069,523828,2884,4525.157948520422
cy106_CD45neg_CD90neg_S348,Mel106,?,post.treatment,New,2271,898642,2100,4255.084858361652
cy79_p3_CD45_pos_PD1_neg_B11_S119_comb,Mel79,B.cell,treatment.naive,Tirosh,2219,36431,2031,7250.6772907738905
Cy81_FNA_CD45_C03_S219_comb,Mel81,T.CD8,treatment.naive,Tirosh,3492,335505,3282,7819.519973364141
cy126_CD45pos_2_S180,Mel126,T.CD8,post.treatment,New,4198,613787,4037,8254.005633781146
cy110_CD45pos_S294,Mel110,T.cell,post.treatment,New,4393,188024,4197,10344.868166981683
cy79_p4_CD45_pos_PD1_pos_B07_S307_comb,Mel79,T.cell,treatment.naive,Tirosh,3211,127185,2981,9060.006050110685
CY84_PRIM_POS_ALL_6_B03_S399_comb,Mel84,?,treatment.naive,Tirosh,4042,412880,3816,8527.947598207471
cy72_CD45_pos_G12_S948_comb,Mel72,T.cell,post.treatment,Tirosh,3012,72436,2789,8497.102107113962
cy79_p1_CD45_pos_PD1_neg_AS_C1_R2_C12_S516_comb,Mel79,B.cell,treatment.naive,Tirosh,2257,32506,2088,7546.680313926015
MGH00478_CD45pos_1_S193,Mel478,T.cell,treatment.naive,New,6812,169947,6621,15502.162350569582
cy75_1CORE_CD45pos_S88,Mel75,T.CD8,post.treatment,New,3941,241772,3765,7903.064890274196
cy72_CD45_pos_D11_S911_comb,Mel72,T.cell,post.treatment,Tirosh,3794,78083,3588,10650.226517474548
cy04.3_CD45pos_S9,Mel04.3,T.CD8,post.treatment,New,4251,400270,4067,7724.475795947328
cy126_CD45pos_1_S78,Mel126,T.CD4,post.treatment,New,4131,470132,3948,7670.0480197731495
cy103_CD45pos_S205,Mel103,B.cell,treatment.naive,New,3883,272140,3681,7790.472404128312
CY89COREQ1_H10_S382_comb,Mel89,B.cell,treatment.naive,Tirosh,2066,24649,1919,7234.704795350091
CY75_1_CD45_CD8_3__S110_comb_BCD8,Mel75,?,post.treatment,Tirosh,2724,82285,2521,7026.210113785766
cy79_p3_CD45_pos_PD1_pos_AS_C2_R1_F04_S448_comb,Mel79,T.CD8,treatment.naive,Tirosh,2560,33176,2377,9066.924003365439
cy72_CD45_pos_G03_S939_comb,Mel72,NK,post.treatment,Tirosh,4313,154884,4080,10511.306084889899
cy112_CD45pos_S79,Mel112,NK,treatment.naive,New,3645,795106,3465,6608.369223518173
CY89COREQ1_G10_S370_comb,Mel89,B.cell,treatment.naive,Tirosh,3444,78560,3216,9134.722027431373
cy98_CD45pos_1_S201,Mel98,T.cell,post.treatment,New,4225,542769,4025,8740.702394639691
MGH00478_CD45pos_2_S370,Mel478,T.CD8,treatment.naive,New,3522,386466,3328,7292.901519713983
cy103_CD45neg_CD90neg_S112,Mel103,?,treatment.naive,New,6202,521660,6052,13830.129792912809
cy103_CD45pos_S283,Mel103,T.CD8,treatment.naive,New,7689,235434,7520,15371.43741714116
cy126_CD45pos_2_S164,Mel126,T.CD8,post.treatment,New,4229,626899,4045,9147.735723159607
cy88_cd_45_pos_3_D03_S615_comb,Mel88,T.CD8,post.treatment,Tirosh,2330,40700,2164,8287.37489255275
cy110_CD45pos_S299,Mel110,T.cell,post.treatment,New,6545,920282,6373,11977.433878477288
CY89A_Core_15_H02_S86_comb,Mel89,B.cell,treatment.naive,Tirosh,3405,142997,3196,7757.970188109348
cy84_Primary_CD45_pos_G10_S466_comb,Mel84,T.CD8,treatment.naive,Tirosh,4696,316410,4500,12389.469762715822
cy94_cd45neg_cd90pos_B04_S304_comb,Mel94,Endo.,post.treatment,Tirosh,6052,239100,5832,13865.635097098882
MGH00478_CD45pos_1_S218,Mel478,T.CD4,treatment.naive,New,4611,558201,4444,9593.0848640699
cy98_CD45pos_1_S211,Mel98,T.CD8,post.treatment,New,7503,1909096,7318,14284.385040398492
cy79_p3_CD45_pos_PD1_neg_C09_S129_comb,Mel79,T.CD4,treatment.naive,Tirosh,3250,134323,3018,7938.000695414434
cy58_1_CD45_pos_B12_S600_comb,Mel58,T.CD8,post.treatment,Tirosh,3396,38368,3159,9917.353193345649
cy103_CD45pos_S197,Mel103,B.cell,treatment.naive,New,4015,161625,3801,9907.986133963634
cy82_CD45_pos_1_G08_S560_comb,Mel82,?,treatment.naive,Tirosh,3514,377544,3292,8072.574819715057
cy105_CD45pos_S241,Mel105,T.CD4,treatment.naive,New,4586,349289,4433,10381.608010834094
cy79_p1_CD45_pos_PD1_neg_AS_C1_R2_G09_S561_comb,Mel79,T.cell,treatment.naive,Tirosh,2638,27250,2451,8434.537113745871
cy84_Met_CD45_pos_H09_S957_comb,Mel84,Macrophage,treatment.naive,Tirosh,2627,65188,2467,9133.901113280283
cy79_p1_CD45_pos_PD1_pos_AS_C5_R1_D09_S237_comb,Mel79,T.CD4,treatment.naive,Tirosh,4977,94301,4748,13023.560266856728
cy102_CD45pos_S193,Mel102,Macrophage,post.treatment,New,9753,363157,9609,16607.734425492577
cy94_cd45pos_G07_S175_comb,Mel94,Macrophage,post.treatment,Tirosh,6304,335160,6078,13544.65923286225
cy80_Cd45_pos_PD1_pos_A11_S23_comb,Mel80,T.CD4,treatment.naive,Tirosh,5375,249017,5156,12310.717410750354
cy105_Zombineg_CD45neg_CD90neg_S124,Mel105,?,treatment.naive,New,1887,251132,1756,4737.280025914923
cy94_cd45neg_cd90pos_A09_S297_comb,Mel94,Endo.,post.treatment,Tirosh,4139,203837,3927,10254.180127826403
CY88CD45POS_2_D01_S421_comb,Mel88,Macrophage,post.treatment,Tirosh,6925,1401559,6754,13434.491449084682
Cy74_CD45_E06_S438_comb,Mel74,?,post.treatment,Tirosh,2628,113695,2446,7308.63492996733
cy84_Primary_CD45_pos_D01_S421_comb,Mel84,B.cell,treatment.naive,Tirosh,4239,197603,4011,10567.810737965185
cy84_Primary_CD45_pos_C10_S418_comb,Mel84,T.CD4,treatment.naive,Tirosh,3464,106109,3220,9434.581675111593
cy80_Cd45_pos_PD1_pos_S141_F09_S141_comb,Mel80,T.CD8,treatment.naive,Tirosh,4652,152068,4416,12128.79025990376
cy102_CD45pos_S261,Mel102,T.cell,post.treatment,New,3308,212276,3094,7658.09199192352
cy121.1_CD45pos_S294,Mel121.1,T.cell,post.treatment,New,3603,432338,3386,6810.573630234196
monika_D3_S128_comb_BCD8_3,Mel75,T.CD8,post.treatment,Tirosh,6072,1265225,5966,10237.404885083699
cy80_CD45_neg_E01_S433_comb,Mel80,?,treatment.naive,Tirosh,4744,267220,4511,10353.858314503646
CY94CD45POS_1_E06_S150_comb,Mel94,B.cell,post.treatment,Tirosh,5948,376004,5790,12454.778719196896
cy82_CD45_pos_2_D03_S519_comb,Mel82,?,treatment.naive,Tirosh,8873,365559,8663,16133.473182949901
cy103_CD45pos_S170,Mel103,B.cell,treatment.naive,New,5405,356611,5224,10628.923771117097
cy112_CD45pos_S48,Mel112,T.CD8,treatment.naive,New,4959,1567363,4812,8123.833118300192
cy75_1CORE_CD45pos_S40,Mel75,T.CD4,post.treatment,New,5072,637999,4911,8833.00622517383
CY89FNA_E03_S243_comb,Mel89,Macrophage,treatment.naive,Tirosh,4816,239541,4605,11982.62579562846
cy94_cd45pos_G09_S177_comb,Mel94,B.cell,post.treatment,Tirosh,2666,67139,2496,7906.325260679538
cy79_p3_CD45_pos_PD1_pos_AS_C2_R1_C01_S409_comb,Mel79,T.CD8,treatment.naive,Tirosh,3023,62100,2813,9684.720429288493
Merck_CD45pos_pl4_S50,Mel194,T.CD8,post.treatment,New,4947,1729597,4822,9026.498303728522
cy79_p4_CD45_pos_PD1_pos_D03_S327_comb,Mel79,T.CD8,treatment.naive,Tirosh,4151,118165,3933,9929.608135810322
cy126_CD45pos_2_S166,Mel126,T.CD4,post.treatment,New,4048,423356,3839,7995.251192333359
cy58_1_CD45_pos_G04_S652_comb,Mel58,T.CD4,post.treatment,Tirosh,2689,13342,2523,10324.913937815001
cy79_p3_CD45_neg_PD1_pos_AS_C3_R1_B11_S311_comb,Mel79,?,treatment.naive,Tirosh,2995,58625,2825,9500.99345731472
cy88_cd45pos_5_G03_S267_comb,Mel88,Macrophage,post.treatment,Tirosh,5609,1122555,5446,9791.404369196342
cy121.1_CD45pos_S337,Mel121.1,T.cell,post.treatment,New,3918,489915,3757,7023.119519624099
CY94CD45POS_1_H08_S188_comb,Mel94,T.CD4,post.treatment,Tirosh,2937,84741,2692,7768.021111470854
cy102_CD45pos_S168,Mel102,Macrophage,post.treatment,New,6985,1035890,6805,13386.000991385597
cy105_CD45neg_S200,Mel105,?,treatment.naive,New,1995,270570,1811,4399.138702747357
CY75_1_CD45_CD8_3__S112_comb_BCD8,Mel75,T.CD8,post.treatment,Tirosh,3761,242346,3557,9470.50072034154
cy58_1_CD45_pos_G08_S656_comb,Mel58,T.cell,post.treatment,Tirosh,6119,184208,5941,12169.906098295854
CY75_1_CD45_CD8_1__S92_comb_BCD8,Mel75,T.CD8,post.treatment,Tirosh,1966,88230,1803,5720.545581298183
Merck_CD45pos_pl4_S64,Mel194,T.CD8,post.treatment,New,4136,498355,3987,8952.444933074195
cy121.1_CD45pos_S378,Mel121.1,T.CD8,post.treatment,New,4004,592967,3848,7348.591633549603
CY89A_CD45_POS_6_B05_S113_comb,Mel89,B.cell,treatment.naive,Tirosh,3326,120245,3112,8174.569363978126
CY89A_CD45_POS_6_C11_S131_comb,Mel89,T.cell,treatment.naive,Tirosh,3356,162267,3127,7361.136752147179
merck_cd45pos_PL3_S305,Mel194,T.CD4,post.treatment,New,4170,306256,3993,10022.174280938121
cy116_CD45pos_S366,Mel116,T.cell,treatment.naive,New,4574,470268,4396,9338.651176792653
Cy72_CD45_A04_S676_comb,Mel72,B.cell,post.treatment,Tirosh,3303,249863,3117,6837.944215080273
cy79_p1_CD45_pos_PD1_pos_AS_C5_R1_D08_S236_comb,Mel79,T.CD8,treatment.naive,Tirosh,2820,34088,2615,9676.821737940609
cy79_p5_CD45_pos_PD1_pos_H03_S663_comb,Mel79,T.CD8,treatment.naive,Tirosh,3485,141126,3257,8664.785472035517
cy80_CD_90_pos_B02_S878_comb,Mel80,CAF,treatment.naive,Tirosh,8197,146141,8112,19338.415828141744
cy94_cd45neg_cd90pos_H02_S374_comb,Mel94,B.cell,post.treatment,Tirosh,5254,1464100,5090,8774.452317115809
cy53_1_CD45_pos_2_A09_S969_comb,Mel53,T.cell,treatment.naive,Tirosh,5673,524911,5517,12136.581242445207
CY94CD45POS_1_C02_S122_comb,Mel94,B.cell,post.treatment,Tirosh,6778,528853,6622,13916.601978917388
Cy81_FNA_CD45_B05_S209_comb,Mel81,T.CD8,treatment.naive,Tirosh,2903,221058,2685,6363.242627415579
CY75_1FNA_G06_S558_comb_4,Mel75,T.CD8,post.treatment,Tirosh,4184,84914,3931,11728.125097515047
cy80_CD45_pos_PD1_pos_D10_S142_comb,Mel80,T.CD4,treatment.naive,Tirosh,4454,138570,4233,11836.637494090115
CY89A_CD45_POS_6_B03_S111_comb,Mel89,T.cell,treatment.naive,Tirosh,2631,59347,2406,7029.250442401226
cy79_p3_CD45_pos_PD1_neg_A10_S106_comb,Mel79,T.cell,treatment.naive,Tirosh,2416,39845,2246,7652.431452129371
cy116_CD45pos_S332,Mel116,B.cell,treatment.naive,New,5753,540057,5572,11952.461594957389
cy80_Cd45_pos_PD1_pos_S135_F03_S135_comb,Mel80,T.CD8,treatment.naive,Tirosh,5400,195847,5179,13198.076063985816
cy98_CD45pos_2_S296,Mel98,T.CD8,post.treatment,New,5955,973956,5775,12873.850446047692
cy116_CD45pos_S326,Mel116,T.CD8,treatment.naive,New,3926,309232,3719,8050.664609788122
CY89A_Core_15_B11_S23_comb,Mel89,T.cell,treatment.naive,Tirosh,2781,66172,2585,7948.933191588382
cy80_CD45_pos_PD1_pos_D07_S139_comb,Mel80,T.CD8,treatment.naive,Tirosh,3605,100096,3402,9841.264817303745
cy58_1_CD45_pos_C11_S611_comb,Mel58,T.CD4,post.treatment,Tirosh,3061,30909,2827,9467.2982842104
CY89A_CD45_POS_6_B09_S117_comb,Mel89,B.cell,treatment.naive,Tirosh,3037,104569,2794,7395.150919881275
cy53_1_CD45_pos_1_F06_S66_comb,Mel53,T.CD8,treatment.naive,Tirosh,4106,91610,3896,11722.539144243925
CY75_1_CD45_CD8_7__S211_comb_BCD8,Mel75,T.CD8,post.treatment,Tirosh,5303,369502,5124,12107.918368726849
Cy72_CD45_C11_S707_comb,Mel72,T.cell,post.treatment,Tirosh,3228,204604,3027,6952.108694407932
cy60_1_cd_45_pos_3_H01_S373_comb,Mel60,T.CD4,post.treatment,Tirosh,3654,158871,3431,9988.237487714588
cy129PB_CD45pos_S277,Mel129pb,T.CD8,treatment.naive,New,5751,718498,5581,9779.959977544793
cy79_p1_CD45_pos_PD1_neg_AS_C1_R2_D02_S518_comb,Mel79,T.CD4,treatment.naive,Tirosh,2525,19040,2375,9270.204504006962
CY84_PRIM_POS_ALL_7_D01_S229_comb,Mel84,Macrophage,treatment.naive,Tirosh,4846,520029,4634,10666.413362208703
CY88CD45POS_7_F05_S257_comb,Mel88,B.cell,post.treatment,Tirosh,5120,300874,4882,11035.606129144222
cy82_CD45_pos_2_A05_S485_comb,Mel82,T.CD4,treatment.naive,Tirosh,4299,188177,4069,11466.506521350355
Merck_CD45pos_pl4_S46,Mel194,T.CD8,post.treatment,New,4502,863073,4342,8802.859783506497
CY75_1_CD45_CD8_8__S316_comb_BCD8,Mel75,T.CD8,post.treatment,Tirosh,4711,193049,4498,11814.2234322601
cy94_cd45pos_4_B03_S15_comb,Mel94,T.CD4,post.treatment,Tirosh,2511,43622,2292,8197.514292082007
CY94CD45POS_1_G07_S175_comb,Mel94,B.cell,post.treatment,Tirosh,7105,814871,6957,12907.828083902066
cy116_CD45pos_S334,Mel116,T.CD4,treatment.naive,New,3850,288805,3659,7411.989893007019
cy121.1_CD45pos_S362,Mel121.1,T.cell,post.treatment,New,4565,740000,4390,8420.030759597972
cy84_Met_CD45_pos_A02_S866_comb,Mel84,B.cell,treatment.naive,Tirosh,2538,114947,2336,6783.401567599985
cy121.1_CD45pos_S368,Mel121.1,T.CD4,post.treatment,New,4078,504547,3928,7955.201999503785
cy75_1B_CORE_CD45neg_S109,Mel75,CAF,post.treatment,New,7308,1445734,7131,12687.007383030574
CY89A_CD45_POS_6_G08_S176_comb,Mel89,B.cell,treatment.naive,Tirosh,2783,72434,2584,7391.858971427885
cy129PA_CD45pos_S140,Mel129pa,?,treatment.naive,New,4581,1541326,4421,7902.389777320777
cy94_cd45pos_4_A10_S10_comb,Mel94,T.cell,post.treatment,Tirosh,3359,255822,3136,6940.641478490633
cy75_1CORE_CD45pos_S16,Mel75,T.cell,post.treatment,New,4650,477873,4491,9183.915730225954
cy82_CD45_pos_2_E03_S531_comb,Mel82,?,treatment.naive,Tirosh,3705,53615,3674,11214.323341203768
CY88CD45_150813_B11_S311_comb,Mel88,B.cell,post.treatment,Tirosh,4158,237016,3918,9682.925402619254
Cy81_Bulk_CD45_D01_S133_comb,Mel81,?,treatment.naive,Tirosh,6992,750577,6794,14428.903856030174
CY75_1_CD45_CD8_3__S184_comb_BCD8,Mel75,T.CD8,post.treatment,Tirosh,4035,253418,3831,9481.70841263232
monika_B7_S115_comb_BCD8_3,Mel75,T.CD8,post.treatment,Tirosh,5477,994744,5345,9920.604386516548
monika_D11_S127_comb_BCD8_3,Mel75,T.CD8,post.treatment,Tirosh,4872,999725,4717,8288.297592555307
MGH00478_CD45pos_2_S308,Mel478,B.cell,treatment.naive,New,4241,574027,4063,8201.952979242265
cy105_CD45pos_S224,Mel105,T.CD8,treatment.naive,New,4553,685503,4404,9183.572911188294
CY89A_Core_15_A03_S3_comb,Mel89,B.cell,treatment.naive,Tirosh,3700,86103,3505,11071.618554671324
CY84_PRIM_POS_ALL_7_F10_S262_comb,Mel84,?,treatment.naive,Tirosh,2778,99062,2556,7413.192244285189
cy121.1_CD45pos_S354,Mel121.1,T.cell,post.treatment,New,3336,300272,3104,6685.450653608984
cy84_Primary_CD45_pos_D12_S432_comb,Mel84,B.cell,treatment.naive,Tirosh,3194,74461,2933,8912.111229261496
MGH00478_CD45pos_2_S334,Mel478,B.cell,treatment.naive,New,3843,500834,3651,7294.551203805371
cy128_CD45pos_S158,Mel128,B.cell,treatment.naive,New,4608,1015913,4431,8500.729531247734
cy129PA_CD45pos_S47,Mel129pa,T.CD8,treatment.naive,New,4213,645652,4004,8547.557127636974
MGH00478_CD45pos_2_S376,Mel478,T.CD4,treatment.naive,New,3424,511929,3250,6041.665869386537
cy79_p5_CD45_pos_PD1_pos_G12_S660_comb,Mel79,T.CD8,treatment.naive,Tirosh,2253,26170,2123,8308.748425785017
cy74_CD45_pos_B07_S691_comb,Mel74,T.CD8,post.treatment,Tirosh,2743,40151,2593,9506.035534722212
cy80_Cd45_pos_PD1_pos_S168_G12_S168_comb,Mel80,T.CD4,treatment.naive,Tirosh,4317,79614,4094,12481.48359373985
CY88CD45_150813_C01_S313_comb,Mel88,?,post.treatment,Tirosh,4244,816100,4081,6403.75925745338
cy80_Cd45_pos_PD1_pos_S182_H02_S182_comb,Mel80,T.cell,treatment.naive,Tirosh,3666,49035,3455,11618.468165827344
cy126_CD45pos_2_S173,Mel126,T.cell,post.treatment,New,4116,617930,3947,7368.686819706183
CY75_1_CD45_CD8_7__S245_comb_BCD8,Mel75,T.CD8,post.treatment,Tirosh,4859,379112,4669,11384.060501000638
cy129PB_CD45pos_S284,Mel129pb,Macrophage,treatment.naive,New,2412,20909,2322,9045.970816974099
cy53_1_CD45_pos_2_A12_S972_comb,Mel53,T.CD4,treatment.naive,Tirosh,6436,445048,6264,14333.244501669677
cy94_cd45neg_cd90pos_D07_S331_comb,Mel94,?,post.treatment,Tirosh,5078,150762,4878,13433.955980913894
cy94_cd45pos_F11_S167_comb,Mel94,B.cell,post.treatment,Tirosh,5308,481512,5130,10259.845292162423
cy116_CD45pos_S294,Mel116,T.cell,treatment.naive,New,3771,358406,3578,7011.589881272904
cy103_CD45pos_S218,Mel103,B.cell,treatment.naive,New,4974,457595,4787,9777.068316594068
CY58_1_CD45_A05_S965_comb,Mel58,T.cell,post.treatment,Tirosh,3539,131594,3335,10380.05448009948
cy121.1_CD45pos_S250,Mel121.1,T.cell,post.treatment,New,3707,1970261,3560,4926.207997961645
cy80_CD45_neg_E12_S924_comb,Mel80,Endo.,treatment.naive,Tirosh,5743,83566,5585,16230.565668008801
cy106_CD45pos_S208,Mel106,B.cell,post.treatment,New,3897,1410941,3735,4852.179210628699
cy79_p1_CD45_pos_PD1_neg_AS_C1_R2_G03_S555_comb,Mel79,B.cell,treatment.naive,Tirosh,3098,46642,2884,9610.100729541715
cy110_CD45pos_S240,Mel110,Macrophage,post.treatment,New,7242,1634958,7089,11942.628977208846
cy105_CD45neg_S233,Mel105,?,treatment.naive,New,2197,124643,1979,4533.817446643739
Cy72_CD45_A05_S677_comb,Mel72,B.cell,post.treatment,Tirosh,3181,176877,2966,7257.941042121352
cy80_CD45_neg_D01_S421_comb,Mel80,?,treatment.naive,Tirosh,4500,196771,4299,10621.64675020026
cy79_p1_CD45_pos_PD1_pos_AS_C5_R1_H11_S287_comb,Mel79,T.CD4,treatment.naive,Tirosh,5676,126477,5466,13871.957515145263
merck_cd45pos_PL3_S352,Mel194,T.CD4,post.treatment,New,5804,1222148,5657,12044.982067906416
MGH00478_CD45pos_1_S233,Mel478,T.CD8,treatment.naive,New,4427,703085,4256,8548.47321566604
CY75_1_CD45_CD8_3__S141_comb_BCD8,Mel75,T.CD8,post.treatment,Tirosh,3839,110202,3631,11117.071224641937
cy102_CD45pos_S256,Mel102,T.cell,post.treatment,New,4365,182888,4199,11228.442431369727
CY88CD45POS_2_C07_S415_comb,Mel88,T.cell,post.treatment,Tirosh,4663,515799,4462,9619.873379666991
CY75_1_CD45_CD8_1__S95_comb_BCD8,Mel75,T.CD8,post.treatment,Tirosh,4701,259382,4483,11445.718783018689
MGH00478_CD45pos_2_S310,Mel478,T.CD8,treatment.naive,New,3978,435346,3783,7984.868877172433
CY89A_CD45_POS_6_H05_S185_comb,Mel89,B.cell,treatment.naive,Tirosh,3140,82518,2905,8141.9985812941495
cy88_cd_45_pos_G03_S459_comb,Mel88,T.CD4,post.treatment,Tirosh,2241,26280,2125,8807.204634445028
cy82_CD45_pos_3_B12_S24_comb,Mel82,Macrophage,treatment.naive,Tirosh,5659,98615,5502,14242.426358074945
cy58_1_CD45_pos_G12_S660_comb,Mel58,T.CD8,post.treatment,Tirosh,3981,76633,3763,11041.386908972025
cy110_CD45neg_CD90neg_S162,Mel110,?,post.treatment,New,2853,856145,2677,5102.537363094229
cy80_CD45_neg_H12_S480_comb,Mel80,Macrophage,treatment.naive,Tirosh,8328,51091,8185,19441.36509804448
cy103_CD45pos_S98,Mel103,T.CD8,treatment.naive,New,6394,412691,6234,13571.884729612982
cy103_CD45pos_S224,Mel103,B.cell,treatment.naive,New,4254,425073,4072,7899.95972274376
CY89A_CD45_POS_6_F02_S158_comb,Mel89,T.CD8,treatment.naive,Tirosh,3430,101711,3211,9194.421970897398
cy79_p4_CD45_pos_PD1_pos_H03_S375_comb,Mel79,T.CD8,treatment.naive,Tirosh,3315,146281,3104,8750.82677820845
cy121.1_CD45pos_S330,Mel121.1,T.CD4,post.treatment,New,4062,532478,3872,7696.2570193848505
cy75_1B_CD45pos_S3,Mel75,T.CD8,post.treatment,New,3567,322516,3376,7514.11719617196
cy60_1_cd_45_pos_3_E02_S338_comb,Mel60,T.CD4,post.treatment,Tirosh,6648,152200,6465,17131.62706525117
MGH00478_CD45pos_2_S367,Mel478,T.CD4,treatment.naive,New,3159,333662,2941,6018.279651226229
cy79_p1_CD45_pos_PD1_neg_AS_C1_R2_H07_S571_comb,Mel79,B.cell,treatment.naive,Tirosh,3100,43066,2890,9193.510304069803
cy126_CD45pos_2_S169,Mel126,T.CD8,post.treatment,New,4795,1077094,4647,9202.531459761434
cy80_CD45_pos_PD1_pos_G05_S173_comb,Mel80,T.CD8,treatment.naive,Tirosh,2858,21020,2744,10713.744067332555
cy80_CD45_neg_G12_S468_comb,Mel80,T.CD4,treatment.naive,Tirosh,3658,127571,3428,10418.430381383792
cy58_1_CD45_pos_C04_S604_comb,Mel58,NK,post.treatment,Tirosh,4524,130788,4304,11353.767166574424
cy53_1_CD45_pos_2_B12_S984_comb,Mel53,Macrophage,treatment.naive,Tirosh,7241,256086,7046,15053.089685438163
cy80_CD45_neg_B08_S404_comb,Mel80,T.CD8,treatment.naive,Tirosh,3383,147092,3178,9508.735740286438
cy94_cd45pos_G02_S170_comb,Mel94,T.CD4,post.treatment,Tirosh,2432,33509,2290,8354.481961091205
MGH00478_CD45pos_1_S234,Mel478,T.CD4,treatment.naive,New,4132,560320,3969,8540.23538158594
cy60_1_cd_45_pos_3_F03_S351_comb,Mel60,B.cell,post.treatment,Tirosh,3946,141165,3715,10488.959662341782
cy105_CD45pos_S270,Mel105,T.cell,treatment.naive,New,4670,449031,4464,9229.161005474929
cy128_CD45pos_S168,Mel128,B.cell,treatment.naive,New,3573,449241,3394,5984.182401398594
cy129PA_CD45pos_S66,Mel129pa,Macrophage,treatment.naive,New,7108,1038409,6951,13106.059737040552
cy82_CD45_pos_3_D04_S40_comb,Mel82,?,treatment.naive,Tirosh,3575,254571,3502,10086.45173255753
cy126_CD45pos_2_S130,Mel126,T.CD8,post.treatment,New,4413,474114,4225,9154.282782240321
cy60_1_cd_45_pos_4_A12_S12_comb,Mel60,B.cell,post.treatment,Tirosh,2943,44136,2767,9759.974823450275
cy102_CD45pos_S241,Mel102,T.CD4,post.treatment,New,5067,721666,4902,8804.11084554491
CY89A_Core_15_G05_S77_comb,Mel89,T.CD8,treatment.naive,Tirosh,4948,320174,4745,11906.732463782413
cy75_1B_CORE_CD45neg_S152,Mel75,CAF,post.treatment,New,7821,1870228,7662,14428.94620967304
cy75_1B_CD45pos_S92,Mel75,T.cell,post.treatment,New,3866,338281,3673,7105.969604344185
CY89A_Core_15_G06_S78_comb,Mel89,T.CD8,treatment.naive,Tirosh,3923,176215,3658,9244.017200872053
cy116_CD45pos_S306,Mel116,Macrophage,treatment.naive,New,5514,713111,5304,11277.56279683899
cy103_CD45pos_S219,Mel103,T.CD8,treatment.naive,New,5159,533023,4973,10662.109082847914
cy129PA_CD45pos_S24,Mel129pa,Macrophage,treatment.naive,New,5528,610219,5286,10904.518003389425
cy53_1_CD45_pos_1_B02_S14_comb,Mel53,T.cell,treatment.naive,Tirosh,2551,16752,2406,9575.961177563433
cy79_p3_CD45_pos_PD1_neg_C11_S131_comb,Mel79,B.cell,treatment.naive,Tirosh,2474,174288,2246,5421.767135008183
merck_cd45pos_PL3_S341,Mel194,T.CD8,post.treatment,New,3663,159879,3473,9595.549119172298
CY84_PRIM_POS_ALL_8_E10_S154_comb,Mel84,NK,treatment.naive,Tirosh,3542,261834,3311,7666.21457375426
cy04.3_CD45pos_S28,Mel04.3,T.CD8,post.treatment,New,3957,511762,3777,7707.718374896569
cy04.3_CD45pos_S4,Mel04.3,T.CD8,post.treatment,New,4563,646697,4399,8909.386226803468
cy80_CD45_neg_A05_S389_comb,Mel80,T.CD4,treatment.naive,Tirosh,3335,31656,3197,11653.927470577768
cy112_CD45pos_S346,Mel112,T.cell,treatment.naive,New,4859,1210035,4743,8276.507309003155
cy78_CD45_neg_3_G01_S745_comb,Mel78,CAF,post.treatment,Tirosh,4013,58983,3801,11215.266733159675
cy98_CD45pos_2_S301,Mel98,T.CD8,post.treatment,New,4252,893643,4069,8014.593150335823
cy121.1_CD45pos_S293,Mel121.1,T.CD8,post.treatment,New,4543,671786,4383,8152.268959424446
cy129PB_CD45pos_S240,Mel129pb,T.CD4,treatment.naive,New,4078,1001448,3888,8177.7576374099635
Cy72_CD45_G12_S756_comb,Mel72,T.cell,post.treatment,Tirosh,3654,221911,3453,7387.541180927613
CY75_1_CD45_CD8_8__S298_comb_BCD8,Mel75,T.CD8,post.treatment,Tirosh,3631,187409,3408,8942.976405610634
cy112_CD45neg_CD90neg_S143,Mel112,CAF,treatment.naive,New,2704,4713048,2556,5711.032356543987
Merck_CD45pos_pl4_S25,Mel194,T.CD8,post.treatment,New,4843,1155277,4689,9598.935212407183
cy110_CD45pos_S246,Mel110,Macrophage,post.treatment,New,6635,1241427,6409,12666.015670278566
cy102_CD45pos_S258,Mel102,B.cell,post.treatment,New,3592,305486,3376,7709.587589957466
cy94_cd45pos_G12_S180_comb,Mel94,T.CD8,post.treatment,Tirosh,4101,348048,3895,7713.82055073547
cy79_p3_CD45_pos_PD1_neg_E08_S152_comb,Mel79,T.cell,treatment.naive,Tirosh,2383,30642,2232,7366.928546732988
cy60_1_cd_45_pos_3_C08_S320_comb,Mel60,T.cell,post.treatment,Tirosh,2183,27589,2042,8447.183576101073
CY89A_Core_15_C07_S31_comb,Mel89,T.CD4,treatment.naive,Tirosh,3133,101099,2903,8085.014530239042
cy94_cd45pos_4_D02_S38_comb,Mel94,T.CD4,post.treatment,Tirosh,3695,83372,3462,9467.10332031122
cy103_CD45pos_S167,Mel103,B.cell,treatment.naive,New,5053,413262,4873,9932.027804202651
cy112_CD45pos_S35,Mel112,B.cell,treatment.naive,New,4294,802883,4188,7235.068764189791
cy79_p3_CD45_pos_PD1_neg_G02_S170_comb,Mel79,B.cell,treatment.naive,Tirosh,6060,450123,5861,12305.784939264777
cy74_CD45_pos_F10_S742_comb,Mel74,T.CD8,post.treatment,Tirosh,3443,71667,3271,10680.322351207653
cy84_Met_CD45_pos_B03_S879_comb,Mel84,B.cell,treatment.naive,Tirosh,2393,75226,2196,7364.112504757631
CY89COREQ1_G02_S362_comb,Mel89,Macrophage,treatment.naive,Tirosh,5207,315465,4985,11280.099154786323
MGH00478_CD45pos_1_S221,Mel478,T.CD4,treatment.naive,New,5036,876105,4848,10249.90408269759
cy102_CD45pos_S254,Mel102,T.CD8,post.treatment,New,3942,812840,3753,8023.438628090852
cy94_cd45neg_cd90pos_H04_S376_comb,Mel94,Endo.,post.treatment,Tirosh,3401,63448,3240,11417.56562039064
CY75_1_CD45_CD8_8__S335_comb_BCD8,Mel75,T.cell,post.treatment,Tirosh,9711,178451,9561,23482.723193757505
Merck_CD45pos_pl4_S66,Mel194,T.CD8,post.treatment,New,4197,422501,4071,8950.851111927954
cy105_Zombineg_CD45neg_CD90neg_S188,Mel105,?,treatment.naive,New,2405,89958,2272,6317.474317883523
cy110_CD45pos_S226,Mel110,Macrophage,post.treatment,New,8493,1239764,8347,14477.451189257046
Cy81_FNA_CD45_B08_S212_comb,Mel81,T.cell,treatment.naive,Tirosh,2481,159816,2274,5420.374710345163
cy126_CD45pos_2_S134,Mel126,T.CD8,post.treatment,New,3461,1355024,3304,6409.968756138145
cy79_p3_CD45_pos_PD1_pos_AS_C2_R1_F12_S456_comb,Mel79,T.CD8,treatment.naive,Tirosh,2848,52059,2615,8849.82843975779
cy105_CD45pos_calceinpos_S89,Mel105,Macrophage,treatment.naive,New,5969,1384511,5814,11512.300781062391
MGH00478_CD45pos_2_S328,Mel478,T.cell,treatment.naive,New,3767,634615,3582,6742.435351714232
cy112_CD45pos_S75,Mel112,B.cell,treatment.naive,New,3766,2356944,3611,5845.343409303478
Cy81_Bulk_CD45_B04_S112_comb,Mel81,?,treatment.naive,Tirosh,8261,642401,8093,17102.41293658453
cy04.3_CD45pos_S15,Mel04.3,B.cell,post.treatment,New,4481,914028,4344,6863.478242029447
merck_cd45pos_PL3_S324,Mel194,T.CD8,post.treatment,New,4851,784537,4693,9689.070355124935
cy103_CD45pos_S141,Mel103,T.cell,treatment.naive,New,5859,603484,5676,12340.090646670313
cy84_Primary_CD45_pos_C09_S417_comb,Mel84,B.cell,treatment.naive,Tirosh,3570,101019,3334,9338.496493930987
cy110_CD45pos_S295,Mel110,Macrophage,post.treatment,New,6123,1254833,5961,11806.226886254048
cy103_CD45pos_S194,Mel103,T.CD8,treatment.naive,New,4194,328398,3979,9179.39078132257
cy75_1CORE_CD45pos_S1,Mel75,NK,post.treatment,New,4259,420139,4051,8141.642575231211
CY94CD45POS_1_E08_S152_comb,Mel94,B.cell,post.treatment,Tirosh,4131,205912,3899,9004.19809828958
cy80_CD45_neg_G07_S463_comb,Mel80,T.CD8,treatment.naive,Tirosh,3256,73319,3054,10465.840183288543
CY88CD45POS_7_D05_S233_comb,Mel88,T.CD4,post.treatment,Tirosh,4729,515968,4562,9451.543959150255
cy121.1_CD45pos_S320,Mel121.1,Macrophage,post.treatment,New,5719,948328,5555,10816.114401951998
cy53_1_CD45_pos_2_G02_S1034_comb,Mel53,T.CD4,treatment.naive,Tirosh,3865,92834,3656,10506.491585554573
cy75_1CORE_CD45pos_S76,Mel75,T.CD8,post.treatment,New,4039,252439,3878,7947.777839288458
cy79_p1_CD45_pos_PD1_neg_AS_C1_R2_D12_S528_comb,Mel79,T.CD8,treatment.naive,Tirosh,2590,20036,2415,9344.836803288621
cy74_CD45_pos_D06_S714_comb,Mel74,T.CD8,post.treatment,Tirosh,3206,48508,3029,10290.945676541103
cy53_1_CD45_pos_2_B09_S981_comb,Mel53,Macrophage,treatment.naive,Tirosh,3672,33158,3497,11268.991135306907
cy116_CD45pos_S325,Mel116,T.CD8,treatment.naive,New,4157,422116,3965,9059.98756450737
cy129PA_CD45pos_S114,Mel129pa,?,treatment.naive,New,2113,2065205,1990,5072.225165329333
cy88_cd_45_pos_3_F04_S640_comb,Mel88,T.cell,post.treatment,Tirosh,3305,89602,3077,9293.428924310756
cy80_Cd45_pos_Pd1_neg_S347_G11_S347_comb,Mel80,T.cell,treatment.naive,Tirosh,3003,37077,2770,9408.533728361865
cy94_cd45pos_4_G04_S76_comb,Mel94,B.cell,post.treatment,Tirosh,4197,205520,3950,9186.308963429146
cy80_Cd45_pos_PD1_pos_S161_G05_S161_comb,Mel80,T.CD4,treatment.naive,Tirosh,4848,97623,4622,12967.523419169942
cy75_1CORE_CD45pos_S94,Mel75,T.CD8,post.treatment,New,3736,260388,3512,7391.030439393662
CY75_1_CD45_CD8_8__S302_comb_BCD8,Mel75,T.cell,post.treatment,Tirosh,5101,258597,4908,12515.543460426685
cy72_CD45_pos_C08_S896_comb,Mel72,T.cell,post.treatment,Tirosh,4022,158886,3803,9529.691930420604
merck_cd45pos_PL3_S368,Mel194,T.cell,post.treatment,New,4900,828141,4747,10163.414899181855
CY88CD45POS_2_D04_S424_comb,Mel88,Macrophage,post.treatment,Tirosh,4827,241494,4622,9868.463020027146
cy74_CD45_pos_A12_S684_comb,Mel74,T.CD8,post.treatment,Tirosh,2950,51711,2790,9707.396284380853
cy79_p3_CD45_pos_PD1_neg_C05_S125_comb,Mel79,B.cell,treatment.naive,Tirosh,3688,135824,3463,8555.41436399125
cy84_Met_CD45_pos_G09_S945_comb,Mel84,T.CD8,treatment.naive,Tirosh,2047,45625,1921,7572.529899042466
CY89A_Core_15_C09_S33_comb,Mel89,T.CD8,treatment.naive,Tirosh,2976,63232,2763,8993.123969555661
cy129PB_CD45pos_S213,Mel129pb,T.CD8,treatment.naive,New,3898,1826076,3739,6898.939890820143
cy79_p3_CD45_neg_PD1_pos_AS_C3_R1_C07_S319_comb,Mel79,Endo.,treatment.naive,Tirosh,4320,63153,4130,11921.58208954805
cy80_Cd45_pos_Pd1_neg_S299_E11_S299_comb,Mel80,T.cell,treatment.naive,Tirosh,3310,70864,3124,9227.513237054702
CY94CD45POS_1_B05_S113_comb,Mel94,Macrophage,post.treatment,Tirosh,7231,555045,7060,14597.85234523719
cy75_1B_CD45pos_S2,Mel75,T.CD8,post.treatment,New,3966,390122,3751,7479.565323704828
merck_cd45pos_PL3_S333,Mel194,T.CD8,post.treatment,New,4384,536831,4192,9223.763564045172
cy105_CD45pos_S267,Mel105,T.cell,treatment.naive,New,4720,378225,4539,10332.205629108013
cy82_CD45_neg_2_H12_S288_comb,Mel82,CAF,treatment.naive,Tirosh,5251,30858,5103,11335.069293250537
cy110_CD45pos_S287,Mel110,Macrophage,post.treatment,New,6284,1287895,6101,10403.8681934776
merck_cd45pos_PL3_S294,Mel194,T.CD8,post.treatment,New,4688,737524,4547,9830.290170864238
CY75_1_CD45_CD8_8__S357_comb_BCD8,Mel75,T.CD8,post.treatment,Tirosh,4994,278487,4812,12001.708951616318
cy110_CD45pos_S259,Mel110,Macrophage,post.treatment,New,6264,1202851,6099,10977.073451919798
CY89A_Core_15_C10_S34_comb,Mel89,T.CD8,treatment.naive,Tirosh,2724,65001,2534,8439.321263074868
cy80_CD45_neg_D09_S429_comb,Mel80,T.CD4,treatment.naive,Tirosh,4916,328761,4727,10796.66522920486
Cy81_FNA_CD45_E05_S245_comb,Mel81,T.CD8,treatment.naive,Tirosh,2265,16261,2234,9677.753031801116
cy75_1CORE_CD45pos_S58,Mel75,T.cell,post.treatment,New,3564,287395,3366,6217.312467511318
cy80_Cd45_pos_PD1_pos_D03_S87_comb,Mel80,T.CD8,treatment.naive,Tirosh,3572,49316,3354,10939.142340586754
cy129PA_CD45pos_S54,Mel129pa,T.CD8,treatment.naive,New,3788,664386,3601,6328.977088096175
monika_B2_S111_comb_BCD8_3,Mel75,T.CD8,post.treatment,Tirosh,5648,1664091,5505,8858.919253444114
cy103_CD45pos_S274,Mel103,Macrophage,treatment.naive,New,6040,418143,5858,12181.41091026887
CY89A_CD45_POS_6_H08_S188_comb,Mel89,T.cell,treatment.naive,Tirosh,2599,45241,2413,7956.6785979979995
cy79_p1_CD45_pos_PD1_neg_AS_C1_R2_B11_S503_comb,Mel79,B.cell,treatment.naive,Tirosh,2058,17479,1897,7611.950103672829
cy121.1_CD45pos_S376,Mel121.1,T.CD8,post.treatment,New,4055,602687,3874,7364.119670722733
cy79_p5_CD45_pos_PD1_pos_G09_S657_comb,Mel79,T.CD8,treatment.naive,Tirosh,3386,74690,3195,10137.146957778203
cy94_cd45pos_A06_S102_comb,Mel94,T.cell,post.treatment,Tirosh,4587,320236,4402,9518.552187018473
CY58_1_CD45_D03_S999_comb,Mel58,T.CD4,post.treatment,Tirosh,3027,96380,2821,8199.341018554565
cy94_cd45pos_4_G09_S81_comb,Mel94,T.cell,post.treatment,Tirosh,4431,561460,4248,8157.946171515707
cy121.1_CD45pos_S214,Mel121.1,NK,post.treatment,New,4631,2080394,4490,7370.905722176507
MGH00478_CD45pos_2_S347,Mel478,T.cell,treatment.naive,New,4110,542900,3912,7576.386245867174
cy53_1_CD45_neg_D08_S332_comb,Mel53,Endo.,treatment.naive,Tirosh,4872,90294,4666,14184.273244232587
CY75_1FNA_H11_S575_comb,Mel75,T.CD4,post.treatment,Tirosh,3879,129292,3625,9666.404107674112
cy126_CD45pos_1_S25,Mel126,T.cell,post.treatment,New,3741,637979,3584,7099.594245706003
cy74_CD45_pos_E04_S724_comb,Mel74,T.CD8,post.treatment,Tirosh,4779,87060,4628,13741.104333288415
cy75_1CORE_CD45pos_S46,Mel75,T.CD4,post.treatment,New,4900,475693,4751,9595.67681052379
cy94_cd45neg_cd90pos_B12_S312_comb,Mel94,B.cell,post.treatment,Tirosh,2639,70171,2406,7104.592299566329
cy75_1B_CD45pos_S20,Mel75,T.CD4,post.treatment,New,5443,658013,5296,10746.358856669096
cy110_CD45pos_S266,Mel110,T.CD8,post.treatment,New,4647,657417,4479,9072.10033404297
cy103_CD45pos_S158,Mel103,Macrophage,treatment.naive,New,4838,621272,4625,9723.38295096375
cy98_CD45pos_CD8pos_S77,Mel98,T.CD8,post.treatment,New,4938,939474,4788,9822.874614975372
cy94_cd45neg_cd90pos_B02_S302_comb,Mel94,T.cell,post.treatment,Tirosh,4620,140058,4407,10282.4014467673
MGH00478_CD45pos_1_S228,Mel478,T.CD8,treatment.naive,New,3991,523298,3810,7389.254180132419
cy75_1CORE_CD45pos_S69,Mel75,T.cell,post.treatment,New,4358,321334,4170,8918.82703966703
cy04.3_CD45pos_S55,Mel04.3,T.CD4,post.treatment,New,3650,604200,3479,5739.176359387743
cy121.1_CD45pos_S369,Mel121.1,T.CD8,post.treatment,New,4475,699529,4302,8251.582202901147
CY89A_CD45_POS_10_H05_S281_comb,Mel89,T.CD8,treatment.naive,Tirosh,2441,25295,2282,8918.151747305074
cy103_CD45pos_S279,Mel103,T.CD8,treatment.naive,New,4481,546232,4293,8546.806656638555
cy98_CD45pos_CD8pos_S95,Mel98,T.CD8,post.treatment,New,4754,793152,4616,8666.34894938919
MGH00478_CD45pos_1_S238,Mel478,T.cell,treatment.naive,New,3838,422037,3647,7421.337338778476
cy105_CD45pos_calceinpos_S11,Mel105,T.cell,treatment.naive,New,3202,180279,2985,7468.589910147881
cy112_CD45pos_S40,Mel112,B.cell,treatment.naive,New,4155,1684274,4027,6475.16046538128
cy80_CD45_neg_H11_S479_comb,Mel80,NK,treatment.naive,Tirosh,2619,101221,2420,7553.664167061392
CY75_1_CD45_CD8_7__S200_comb_BCD8,Mel75,T.CD8,post.treatment,Tirosh,6372,713251,6221,14089.08679742612
CY75_1FNA_A12_S492_comb,Mel75,T.CD4,post.treatment,Tirosh,4282,151244,4075,11105.015168813963
CY58_1_CD45_B04_S976_comb,Mel58,T.CD8,post.treatment,Tirosh,3800,256594,3580,8978.313152100607
cy72_CD45_pos_E12_S924_comb,Mel72,T.CD4,post.treatment,Tirosh,3305,94631,3097,8626.559145095283
cy102_CD45pos_S195,Mel102,T.CD4,post.treatment,New,5981,148384,5790,12689.321033938057
monika_C11_S119_comb_BCD8_3,Mel75,T.CD4,post.treatment,Tirosh,4714,710591,4569,9076.186162732156
CY75_1_CD45_CD8_3__S164_comb_BCD8,Mel75,T.CD8,post.treatment,Tirosh,4972,284672,4760,13362.893679380972
CY75_1_CD45_CD8_8__S338_comb_BCD8,Mel75,T.CD8,post.treatment,Tirosh,3872,106432,3631,10779.681503033753
cy110_CD45pos_S362,Mel110,Macrophage,post.treatment,New,6864,1323754,6690,11929.27122496071
MGH00478_CD45pos_1_S225,Mel478,T.cell,treatment.naive,New,4177,510079,3997,8755.881304144554
cy102_CD45pos_S177,Mel102,T.CD4,post.treatment,New,5847,1074675,5687,11058.084604689328
cy53_1_CD45_pos_1_G04_S76_comb,Mel53,T.CD8,treatment.naive,Tirosh,4095,170804,3879,9176.95439662718
cy103_CD45pos_S257,Mel103,B.cell,treatment.naive,New,5522,123141,5339,13122.367257707983
Cy81_Bulk_CD45_E09_S153_comb,Mel81,CAF,treatment.naive,Tirosh,3138,224532,2909,6648.79058951281
cy79_p1_CD45_pos_PD1_pos_AS_C5_R1_F05_S257_comb,Mel79,T.CD8,treatment.naive,Tirosh,3235,37148,3054,10688.090481764568
merck_cd45pos_PL3_S375,Mel194,T.CD8,post.treatment,New,4132,305139,3929,9090.266070564216
CY88CD45_150813_G11_S371_comb,Mel88,Macrophage,post.treatment,Tirosh,6016,374835,5810,12384.608425003647
cy94_cd45pos_G08_S176_comb,Mel94,T.CD4,post.treatment,Tirosh,3193,72330,2996,9341.988916475591
cy75_1CORE_CD45pos_S79,Mel75,T.CD8,post.treatment,New,4585,363551,4389,8667.785711627308
Cy72_CD45_F02_S734_comb,Mel72,T.CD4,post.treatment,Tirosh,2625,49317,2412,7777.045874565081
cy74_CD45_pos_A05_S677_comb,Mel74,T.cell,post.treatment,Tirosh,2016,16805,1893,7810.776346026353
cy102_CD45pos_S221,Mel102,T.cell,post.treatment,New,4204,288134,3992,8400.085087479012
cy110_CD45pos_S264,Mel110,Macrophage,post.treatment,New,7074,824181,6918,12851.129949296432
cy75_1CORE_CD45pos_S66,Mel75,T.CD8,post.treatment,New,4185,230850,4004,9569.548399351159
Cy72_CD45_B12_S696_comb,Mel72,T.CD8,post.treatment,Tirosh,3392,236567,3186,7267.732074259746
cy121.1_CD45pos_S305,Mel121.1,T.CD8,post.treatment,New,4163,637432,3963,7736.415056630258
cy116_CD45pos_S340,Mel116,B.cell,treatment.naive,New,3840,357993,3662,6974.886593865351
cy98_CD45pos_1_S225,Mel98,T.cell,post.treatment,New,3474,513597,3304,6290.99283424257
cy75_1CORE_CD45pos_S25,Mel75,T.CD4,post.treatment,New,4172,347750,3985,7977.058500065074
cy79_p1_CD45_pos_PD1_pos_AS_C5_R1_A10_S202_comb,Mel79,T.CD8,treatment.naive,Tirosh,2352,11971,2228,9529.992873627361
cy121.1_CD45pos_S366,Mel121.1,T.cell,post.treatment,New,3430,410790,3242,6271.580824734782
cy79_p4_CD45_pos_PD1_pos_B12_S312_comb,Mel79,T.CD8,treatment.naive,Tirosh,2814,67256,2611,8664.1041825725
cy79_p1_CD45_pos_PD1_pos_AS_C5_R1_H12_S288_comb,Mel79,T.cell,treatment.naive,Tirosh,8572,110497,8393,13481.692562244021
cy80_CD45_pos_PD1_pos_B03_S111_comb,Mel80,T.CD4,treatment.naive,Tirosh,5339,182724,5127,13063.264407964176
cy110_CD45pos_S227,Mel110,Macrophage,post.treatment,New,7257,1466742,7077,12344.837439906478
CY75_1_CD45_CD8_8__S352_comb_BCD8,Mel75,T.CD8,post.treatment,Tirosh,5370,271779,5201,12762.771235142915
cy129PA_CD45pos_S51,Mel129pa,T.CD8,treatment.naive,New,4444,765928,4225,8313.939394020732
cy103_CD45pos_S118,Mel103,B.cell,treatment.naive,New,5873,583453,5679,10688.96764939182
cy80_CD_90_pos_F03_S927_comb,Mel80,CAF,treatment.naive,Tirosh,3248,43031,2975,9179.424421808191
cy82_CD45_pos_2_A07_S487_comb,Mel82,T.CD8,treatment.naive,Tirosh,2396,116982,2181,5577.221048298644
CY89A_CD45_POS_6_A10_S106_comb,Mel89,B.cell,treatment.naive,Tirosh,2996,92965,2759,7828.333910055271
cy80_Cd45_pos_PD1_pos_S118_E10_S118_comb,Mel80,T.cell,treatment.naive,Tirosh,5171,118315,4961,12452.922242147388
cy04.3_CD45pos_S43,Mel04.3,T.CD4,post.treatment,New,4521,747913,4364,8115.794397564645
MGH00478_CD45pos_1_S244,Mel478,T.CD8,treatment.naive,New,4111,535906,3893,7891.313909586233
cy80_Cd45_pos_Pd1_neg_S276_D12_S276_comb,Mel80,B.cell,treatment.naive,Tirosh,2633,44394,2403,8059.219190598917
cy80_CD45_neg_F07_S451_comb,Mel80,T.CD8,treatment.naive,Tirosh,3395,101814,3225,10315.838068543755
cy82_CD45_pos_2_A02_S482_comb,Mel82,T.cell,treatment.naive,Tirosh,4222,376616,3977,8376.553293235713
cy75_1B_CD45pos_S53,Mel75,T.CD8,post.treatment,New,5011,577818,4814,9940.77267127096
cy79_p5_CD45_pos_PD1_pos_E06_S630_comb,Mel79,T.CD8,treatment.naive,Tirosh,3812,81382,3632,10404.68256945378
cy04.3_CD45pos_S82,Mel04.3,NK,post.treatment,New,3561,307436,3365,8201.290837195305
cy94_cd45pos_F09_S165_comb,Mel94,B.cell,post.treatment,Tirosh,3923,172899,3687,8887.144243813918
cy105_CD45pos_S237,Mel105,T.cell,treatment.naive,New,4791,483498,4623,9152.072772480402
cy53_1_CD45_neg_H05_S377_comb,Mel53,Endo.,treatment.naive,Tirosh,5059,142556,4877,12981.40321988977
cy60_1_cd_45_pos_HC_pos_HLDAR_pos_E03_S1011_comb,Mel60,B.cell,post.treatment,Tirosh,3300,105700,3110,9107.60092844599
cy98_CD45pos_2_S305,Mel98,T.CD8,post.treatment,New,4142,515177,3960,8994.79395200624
cy105_CD45neg_S202,Mel105,Endo.,treatment.naive,New,6963,895679,6832,14143.355523159986
cy75_1B_CORE_CD45neg_S103,Mel75,CAF,post.treatment,New,7038,1431179,6861,12271.025173730603
MGH00478_CD45pos_1_S264,Mel478,T.cell,treatment.naive,New,3692,417811,3501,6770.421689063902
cy105_CD45pos_S233,Mel105,T.CD8,treatment.naive,New,3452,269133,3274,6621.196062817931
cy84_Met_CD45_pos_G01_S937_comb,Mel84,T.CD4,treatment.naive,Tirosh,2389,78677,2248,7004.590952190966
CY75_1_CD45_CD8_3__S138_comb_BCD8,Mel75,T.CD8,post.treatment,Tirosh,5306,206509,5112,13057.971513240067
CY89A_Core_15_H08_S92_comb,Mel89,T.CD4,treatment.naive,Tirosh,2667,68533,2458,7725.728551853548
cy58_1_CD45_pos_H08_S668_comb,Mel58,T.CD4,post.treatment,Tirosh,4487,173089,4305,9404.744654053047
cy126_CD45pos_2_S174,Mel126,T.CD8,post.treatment,New,4979,573022,4832,9868.453269944752
cy105_CD45neg_S237,Mel105,Endo.,treatment.naive,New,5701,357183,5525,11935.62637676649
cy94_cd45pos_A09_S105_comb,Mel94,B.cell,post.treatment,Tirosh,7112,989956,6977,13203.892126558592
cy88_cd45pos_5_G04_S268_comb,Mel88,B.cell,post.treatment,Tirosh,2578,303702,2321,4183.142839553117
cy103_CD45pos_S176,Mel103,T.CD4,treatment.naive,New,5539,839907,5373,10773.7257856935
cy94_cd45pos_H11_S191_comb,Mel94,T.cell,post.treatment,Tirosh,4078,495001,3881,7235.867981954652
CY88CD45POS_2_D12_S432_comb,Mel88,Macrophage,post.treatment,Tirosh,4469,129068,4233,11025.523825671
cy98_CD45pos_CD8pos_S66,Mel98,T.CD8,post.treatment,New,5986,574890,5800,13247.526059336593
Merck_CD45pos_pl4_S5,Mel194,T.CD8,post.treatment,New,5081,1358302,4959,9912.226375220896
cy79_p3_CD45_pos_PD1_pos_AS_C2_R1_B05_S401_comb,Mel79,T.CD8,treatment.naive,Tirosh,3556,53837,3349,10552.851899821915
cy84_Primary_CD45_pos_E03_S435_comb,Mel84,B.cell,treatment.naive,Tirosh,3763,185132,3539,8525.162884598754
cy98_CD45pos_2_S338,Mel98,T.CD8,post.treatment,New,4195,582195,4023,7865.950138085758
cy128_CD45pos_S176,Mel128,T.CD8,treatment.naive,New,3737,695311,3540,6177.656994228923
cy74_CD45_pos_B12_S696_comb,Mel74,Macrophage,post.treatment,Tirosh,2757,60760,2569,7448.456196784187
cy88_cd45pos_5_E04_S244_comb,Mel88,T.CD8,post.treatment,Tirosh,4890,1156694,4743,8923.264774168596
cy128_CD45pos_S131,Mel128,T.cell,treatment.naive,New,2993,284536,2776,5574.444885625739
cy98_CD45pos_CD8pos_S89,Mel98,T.CD8,post.treatment,New,4223,257875,4033,9602.681326225089
cy75_1CORE_CD45pos_S33,Mel75,T.CD8,post.treatment,New,5266,467809,5104,10034.473691677344
cy75_1B_CORE_CD45neg_S151,Mel75,CAF,post.treatment,New,7273,1761552,7130,13689.49851192955
cy60_1_cd_45_pos_HC_pos_HLDAR_pos_A02_S962_comb,Mel60,B.cell,post.treatment,Tirosh,2356,41415,2175,8560.913666146538
CY89A_CD45_POS_10_H01_S277_comb,Mel89,T.CD8,treatment.naive,Tirosh,4141,89560,3888,10897.004039087296
cy60_1_cd_45_pos_4_D01_S37_comb,Mel60,B.cell,post.treatment,Tirosh,3511,88413,3309,10344.056613881226
cy126_CD45pos_2_S132,Mel126,T.CD8,post.treatment,New,4182,557843,4014,8398.448784116712
CY88CD45_150813_D07_S331_comb,Mel88,CAF,post.treatment,Tirosh,7149,851221,6923,14376.823944924146
cy105_CD45pos_calceinpos_S82,Mel105,T.cell,treatment.naive,New,2964,137331,2763,7483.093512394791
cy79_p3_CD45_pos_PD1_pos_AS_C2_R1_B09_S405_comb,Mel79,T.cell,treatment.naive,Tirosh,3557,60223,3352,11197.410123102205
CY89A_CD45_POS_6_A02_S98_comb,Mel89,B.cell,treatment.naive,Tirosh,2290,39803,2111,6811.765193547846
cy79_p3_CD45_pos_PD1_pos_AS_C2_R1_C08_S416_comb,Mel79,T.CD4,treatment.naive,Tirosh,2565,52183,2326,8012.592677058009
cy126_CD45pos_2_S185,Mel126,T.CD8,post.treatment,New,4824,650612,4677,9472.60503390529
CY89A_CD45_POS_6_D02_S134_comb,Mel89,T.CD8,treatment.naive,Tirosh,3281,84054,3081,9442.647547101238
cy94_cd45pos_4_D06_S42_comb,Mel94,B.cell,post.treatment,Tirosh,5006,915560,4846,8859.905264866557
cy106_CD45pos_S380,Mel106,T.CD4,post.treatment,New,4971,1118027,4817,9356.827175909508
cy82_CD45_pos_3_C07_S31_comb,Mel82,T.cell,treatment.naive,Tirosh,2047,76409,1935,6519.951428926433
cy75_1CORE_CD45pos_S23,Mel75,T.CD8,post.treatment,New,5433,672584,5264,10593.521309223128
CY75_1_CD45_CD8_8__S315_comb_BCD8,Mel75,T.CD8,post.treatment,Tirosh,3699,185155,3493,9595.170058070413
merck_cd45pos_PL3_S299,Mel194,T.CD4,post.treatment,New,5389,1356266,5261,10688.393866164099
merck_cd45pos_PL3_S358,Mel194,T.CD8,post.treatment,New,4537,860541,4375,9327.45633858085
Cy81_FNA_CD45_B07_S211_comb,Mel81,T.cell,treatment.naive,Tirosh,2846,172680,2638,6625.024648871708
cy106_CD45pos_S248,Mel106,T.CD4,post.treatment,New,3585,253961,3380,7616.720766634568
CY75_1_CD45_CD8_3__S133_comb_BCD8,Mel75,T.CD8,post.treatment,Tirosh,4605,184979,4397,12440.869195015268
cy112_CD45pos_S67,Mel112,B.cell,treatment.naive,New,4107,1550286,3967,6574.643629350623
cy75_1B_CD45pos_S91,Mel75,T.CD8,post.treatment,New,3882,162439,3643,8957.88757650086
cy80_CD45_pos_PD1_pos_C05_S125_comb,Mel80,T.cell,treatment.naive,Tirosh,2429,21553,2267,8750.634664111625
cy105_CD45pos_S277,Mel105,B.cell,treatment.naive,New,4458,370708,4250,8641.962464798868
cy126_CD45pos_2_S191,Mel126,Macrophage,post.treatment,New,5438,1072858,5241,11662.4821063075
cy98_CD45pos_1_S234,Mel98,T.CD8,post.treatment,New,4561,1232204,4368,7970.004440907207
cy103_CD45pos_S259,Mel103,T.CD8,treatment.naive,New,4282,255746,4092,9345.6202935283
cy94_cd45pos_4_D05_S41_comb,Mel94,T.cell,post.treatment,Tirosh,3882,178999,3674,9369.994204804996
cy110_CD45pos_S363,Mel110,Macrophage,post.treatment,New,4571,759038,4358,8600.808480230438
Cy72_CD45_D05_S713_comb,Mel72,B.cell,post.treatment,Tirosh,4047,252993,3817,9929.63253823646
cy98_CD45pos_CD8pos_S24,Mel98,T.CD8,post.treatment,New,3900,1109756,3730,7252.185167300195
cy129PA_CD45pos_S19,Mel129pa,Macrophage,treatment.naive,New,4807,221080,4647,11144.627087935454
cy79_p3_CD45_pos_PD1_neg_E10_S154_comb,Mel79,B.cell,treatment.naive,Tirosh,1969,14629,1851,7256.04307295117
CY75_1_CD45_CD8_8__S318_comb_BCD8,Mel75,T.CD8,post.treatment,Tirosh,2216,119839,2064,7212.0605768753485
cy106_CD45pos_S261,Mel106,T.CD4,post.treatment,New,4179,411837,4013,6756.914765631091
cy116_CD45pos_S360,Mel116,T.CD4,treatment.naive,New,4086,409054,3874,7067.041150627645
cy98_CD45pos_CD8pos_S35,Mel98,T.CD8,post.treatment,New,5163,735332,5006,10326.465077524104
Cy72_CD45_G10_S754_comb,Mel72,T.cell,post.treatment,Tirosh,3293,147169,3097,7741.082667876363
cy98_CD45pos_CD8pos_S41,Mel98,T.CD8,post.treatment,New,6949,363031,6786,12894.524785006879
cy75_1CORE_CD45pos_S92,Mel75,NK,post.treatment,New,4145,277021,3946,8723.956598506958
cy82_CD45_pos_3_B11_S23_comb,Mel82,?,treatment.naive,Tirosh,10512,462384,10350,18724.530128583232
cy128_CD45pos_S164,Mel128,T.cell,treatment.naive,New,3835,676064,3643,6958.3583753968405
CY94CD45POS_1_F01_S157_comb,Mel94,T.CD4,post.treatment,Tirosh,4374,305226,4156,9116.895127508915
cy60_1_cd_45_pos_3_D01_S325_comb,Mel60,T.CD4,post.treatment,Tirosh,3188,111828,2979,8731.824706101357
MGH00478_CD45pos_2_S301,Mel478,T.CD4,treatment.naive,New,4005,496796,3822,7481.763388253087
MGH00478_CD45pos_2_S337,Mel478,T.CD4,treatment.naive,New,4464,661721,4275,8663.117997433174
cy58_1_CD45_pos_B04_S592_comb,Mel58,T.CD8,post.treatment,Tirosh,2765,27827,2557,9165.813732518858
MGH00478_CD45pos_2_S338,Mel478,?,treatment.naive,New,2675,954790,2552,8033.621710675896
MGH00478_CD45pos_2_S345,Mel478,T.cell,treatment.naive,New,3867,489172,3672,7848.265282949006
cy121.1_CD45pos_S272,Mel121.1,Macrophage,post.treatment,New,5526,1896656,5349,10310.448033192048
cy126_CD45pos_2_S129,Mel126,T.CD8,post.treatment,New,4668,573592,4493,10069.198316044974
cy80_CD45_neg_C11_S419_comb,Mel80,T.cell,treatment.naive,Tirosh,5899,235075,5701,14198.934557160552
CY75_1_CD45_CD8_7__S244_comb_BCD8,Mel75,?,post.treatment,Tirosh,2232,58419,2010,4908.8421695391535
Merck_CD45pos_pl4_S52,Mel194,T.CD4,post.treatment,New,4714,701873,4588,9525.216850855251
cy129PB_CD45pos_S275,Mel129pb,Macrophage,treatment.naive,New,5672,1006590,5475,11642.619799841079
Cy81_FNA_CD45_C12_S228_comb,Mel81,?,treatment.naive,Tirosh,2971,190750,2731,6294.624602344728
cy79_p5_CD45_pos_PD1_pos_F01_S637_comb,Mel79,T.CD8,treatment.naive,Tirosh,4627,126395,4417,11137.183780298907
cy80_cd_90_neg_H12_S192_comb,Mel80,?,treatment.naive,Tirosh,3780,175987,3710,11836.966764792034
CY84_PRIM_POS_ALL_7_E03_S243_comb,Mel84,?,treatment.naive,Tirosh,4616,388496,4400,10101.448738441633
CY89COREQ1_E11_S347_comb,Mel89,B.cell,treatment.naive,Tirosh,3184,118983,2948,7370.405051589184
cy79_p1_CD45_pos_PD1_neg_AS_C1_R2_F09_S549_comb,Mel79,B.cell,treatment.naive,Tirosh,2327,17870,2192,8521.170401134366
cy82_CD45_pos_3_G08_S80_comb,Mel82,T.CD8,treatment.naive,Tirosh,2860,24301,2729,10479.59557386184
CY94CD45POS_1_H04_S184_comb,Mel94,B.cell,post.treatment,Tirosh,5441,326796,5204,8200.554729345742
cy04.3_CD45pos_S73,Mel04.3,T.cell,post.treatment,New,4043,641227,3873,7120.1756262417175
cy80_CD45_neg_C05_S893_comb,Mel80,Endo.,treatment.naive,Tirosh,3263,10976,3204,12495.673940246677
cy79_p1_CD45_pos_PD1_pos_AS_C5_R1_F07_S259_comb,Mel79,T.CD4,treatment.naive,Tirosh,3750,47731,3585,11560.147285432371
Merck_CD45pos_pl4_S67,Mel194,T.CD8,post.treatment,New,5231,768135,5107,11683.435150690588
cy84_Primary_CD45_pos_E02_S434_comb,Mel84,T.cell,treatment.naive,Tirosh,3736,181257,3526,9972.770709015616
Cy74_CD45_F08_S452_comb,Mel74,T.CD8,post.treatment,Tirosh,2873,137145,2664,7789.908045421733
cy105_CD45pos_calceinpos_S92,Mel105,B.cell,treatment.naive,New,2951,164388,2742,7514.6539718530585
cy82_CD45_pos_2_F09_S549_comb,Mel82,T.CD4,treatment.naive,Tirosh,3763,138891,3529,8268.820368298922
CY89A_Core_15_A10_S10_comb,Mel89,B.cell,treatment.naive,Tirosh,2876,44425,2681,9047.844150413013
cy60_1_cd_45_pos_HC_pos_HLDAR_pos_C05_S989_comb,Mel60,B.cell,post.treatment,Tirosh,2861,60683,2711,9796.459373582884
CY89COREQ1_H07_S379_comb,Mel89,T.CD8,treatment.naive,Tirosh,2337,27220,2149,8362.261585683049
cy60_1_cd_45_pos_3_G03_S363_comb,Mel60,T.CD4,post.treatment,Tirosh,4012,142890,3792,11546.120610295155
cy53_1_CD45_pos_1_D10_S46_comb,Mel53,T.CD4,treatment.naive,Tirosh,4380,197126,4175,10098.885661945718
cy80_CD45_neg_A11_S395_comb,Mel80,T.CD8,treatment.naive,Tirosh,2945,80008,2730,8686.568042723306
cy82_CD45_pos_1_G02_S554_comb,Mel82,Macrophage,treatment.naive,Tirosh,5441,437886,5246,12110.845833600679
cy94_cd45pos_D08_S140_comb,Mel94,B.cell,post.treatment,Tirosh,5519,201470,5310,12421.64573421509
cy79_p1_CD45_pos_PD1_neg_AS_C1_R2_H12_S576_comb,Mel79,B.cell,treatment.naive,Tirosh,11478,239848,11324,18115.779836992828
cy82_CD45_pos_1_B09_S501_comb,Mel82,T.CD4,treatment.naive,Tirosh,2177,40092,2029,7720.728395175118
cy98_CD45pos_2_S292,Mel98,Macrophage,post.treatment,New,5227,961365,5039,10935.041931071246
cy84_Primary_CD45_pos_B10_S406_comb,Mel84,T.CD4,treatment.naive,Tirosh,3245,98904,3021,9031.12913679316
cy75_1B_CD45pos_S75,Mel75,T.cell,post.treatment,New,3956,386899,3758,7471.325197497835
cy105_CD45pos_calceinpos_S76,Mel105,T.CD8,treatment.naive,New,3840,537889,3668,7035.726495796218
cy126_CD45pos_1_S56,Mel126,T.CD8,post.treatment,New,4086,454612,3901,8349.938940583283
cy112_CD45pos_S315,Mel112,B.cell,treatment.naive,New,4916,1561182,4806,7866.1311783906585
CY75_1_CD45_CD8_8__S327_comb_BCD8,Mel75,T.CD8,post.treatment,Tirosh,4109,122870,3892,11430.31517273777
cy04.3_CD45pos_S51,Mel04.3,T.cell,post.treatment,New,3361,1198859,3216,4926.171081314841
CY89A_Core_15_C12_S36_comb,Mel89,B.cell,treatment.naive,Tirosh,3742,92750,3507,9058.835703722663
cy53_1_CD45_pos_1_F09_S69_comb,Mel53,T.CD4,treatment.naive,Tirosh,4246,141212,4047,10329.843115934269
cy105_CD45pos_S217,Mel105,T.CD4,treatment.naive,New,4447,258850,4272,9707.065735306413
cy128_CD45pos_S171,Mel128,B.cell,treatment.naive,New,3902,817715,3718,5914.512246797828
cy84_Primary_CD45_pos_B07_S403_comb,Mel84,T.CD8,treatment.naive,Tirosh,3728,162242,3509,10045.542647867103
CY84_PRIM_POS_ALL_6_G08_S464_comb,Mel84,Macrophage,treatment.naive,Tirosh,3994,89105,3824,11727.336478385572
cy80_CD45_pos_PD1_pos_F03_S159_comb,Mel80,T.cell,treatment.naive,Tirosh,3519,68197,3296,10179.508262244126
cy126_CD45pos_1_S6,Mel126,T.CD8,post.treatment,New,4285,550795,4099,8591.501983034515
cy72_CD45_pos_D04_S904_comb,Mel72,B.cell,post.treatment,Tirosh,3531,95211,3290,9425.289629268813
Cy81_Bulk_CD45_B07_S115_comb,Mel81,?,treatment.naive,Tirosh,3439,383795,3238,6385.715891308283
CY88CD45POS_7_H05_S281_comb,Mel88,T.cell,post.treatment,Tirosh,5394,609277,5256,11010.302678027496
cy105_Zombineg_CD45neg_CD90neg_S141,Mel105,Endo.,treatment.naive,New,5861,984677,5714,10667.88095523831
CY75_1_CD45_CD8_7__S198_comb_BCD8,Mel75,T.CD8,post.treatment,Tirosh,5804,435274,5616,13744.189358656586
cy75_1CORE_CD45pos_S87,Mel75,T.cell,post.treatment,New,4634,431221,4452,9080.756703430021
CY88CD45POS_2_E03_S435_comb,Mel88,T.CD8,post.treatment,Tirosh,3477,136198,3265,10062.17850917848
cy126_CD45pos_1_S93,Mel126,B.cell,post.treatment,New,4721,506779,4545,8765.535214111691
cy102_CD45pos_S187,Mel102,T.cell,post.treatment,New,4604,582006,4443,9651.738126397955
cy80_Cd45_pos_Pd1_neg_S269_D05_S269_comb,Mel80,B.cell,treatment.naive,Tirosh,3411,56977,3194,9743.164078551408
cy106_CD45pos_S358,Mel106,B.cell,post.treatment,New,4618,1039653,4446,7723.004666433096
cy105_CD45pos_calceinpos_S30,Mel105,NK,treatment.naive,New,3918,497703,3703,8736.701975789018
cy105_CD45pos_S204,Mel105,T.cell,treatment.naive,New,5129,692818,4972,9345.083831766276
cy79_p3_CD45_pos_PD1_pos_AS_C2_R1_A10_S394_comb,Mel79,T.CD8,treatment.naive,Tirosh,2799,23514,2650,8523.193692115747
cy103_CD45pos_S155,Mel103,T.CD8,treatment.naive,New,4273,314912,4054,9048.607113481718
cy106_CD45pos_S285,Mel106,T.cell,post.treatment,New,3834,540839,3696,6280.013026081624
cy98_CD45pos_2_S297,Mel98,Macrophage,post.treatment,New,5192,785222,5006,10139.006370543371
cy84_Primary_CD45_pos_A01_S385_comb,Mel84,T.CD8,treatment.naive,Tirosh,3095,71762,2896,10066.58897821034
cy98_CD45pos_2_S383,Mel98,T.CD8,post.treatment,New,4694,643766,4495,10625.2786317166
MGH00478_CD45pos_1_S255,Mel478,T.cell,treatment.naive,New,3500,415724,3310,6642.253534680614
MGH00478_CD45pos_2_S351,Mel478,T.CD8,treatment.naive,New,4169,600169,4005,8142.379657447438
cy105_CD45pos_S208,Mel105,T.CD8,treatment.naive,New,4816,674659,4653,9996.00046256133
cy112_CD45pos_S7,Mel112,B.cell,treatment.naive,New,4038,1653740,3907,6036.321309967327
CY89A_CD45_POS_6_B02_S110_comb,Mel89,T.CD8,treatment.naive,Tirosh,4199,221034,3985,9186.943036805302
monika_C5_S123_comb_BCD8_3,Mel75,T.CD4,post.treatment,Tirosh,4621,598007,4486,9021.477484402127
cy79_p3_CD45_pos_PD1_neg_A09_S105_comb,Mel79,B.cell,treatment.naive,Tirosh,2947,67407,2736,8515.424404668356
cy126_CD45pos_2_S148,Mel126,Macrophage,post.treatment,New,4176,222543,4042,11680.311098352502
CY75_1FNA_G04_S556_comb,Mel75,T.CD4,post.treatment,Tirosh,4099,104251,3892,11057.89512633071
CY89A_Core_15_A04_S4_comb,Mel89,B.cell,treatment.naive,Tirosh,2601,42428,2406,8147.850989946696
cy105_CD45pos_calceinpos_S23,Mel105,T.CD8,treatment.naive,New,2043,44135,1929,7003.3351598633335
cy75_1B_CD45pos_S76,Mel75,T.CD8,post.treatment,New,4522,457050,4350,8405.454308953296
cy79_p1_CD45_pos_PD1_neg_AS_C1_R2_E11_S539_comb,Mel79,T.CD4,treatment.naive,Tirosh,2650,21546,2487,9519.753920766554
cy110_CD45pos_S247,Mel110,Macrophage,post.treatment,New,6213,1172890,6036,11108.073984221657
cy82_CD45_pos_1_F08_S548_comb,Mel82,T.cell,treatment.naive,Tirosh,2985,142924,2747,6068.80021760674
cy72_CD45_pos_F05_S929_comb,Mel72,T.cell,post.treatment,Tirosh,3481,65829,3268,9771.283828872645
CY75_1_CD45_CD8_8__S328_comb_BCD8,Mel75,T.CD8,post.treatment,Tirosh,6794,139136,6631,17280.891759619783
cy106_CD45pos_S363,Mel106,B.cell,post.treatment,New,4388,601155,4252,7282.83118824105
cy84_Primary_CD45_pos_E06_S438_comb,Mel84,B.cell,treatment.naive,Tirosh,3797,218412,3560,8224.311368081362
CY94CD45POS_1_B09_S117_comb,Mel94,T.CD4,post.treatment,Tirosh,4842,353746,4639,9787.332266994097
CY89A_Core_15_F10_S70_comb,Mel89,Macrophage,treatment.naive,Tirosh,5471,292632,5231,12693.680063522934
cy60_1_cd_45_pos_3_D04_S328_comb,Mel60,B.cell,post.treatment,Tirosh,2861,48777,2615,9135.962973359316
cy129PA_CD45pos_S84,Mel129pa,Macrophage,treatment.naive,New,7625,1335989,7457,14051.59062408285
cy105_CD45pos_S223,Mel105,T.cell,treatment.naive,New,4005,755032,3873,6692.111876912626
cy04.3_CD45pos_S25,Mel04.3,T.CD4,post.treatment,New,4469,849182,4290,8131.842168951283
cy75_1B_CD45pos_S22,Mel75,T.cell,post.treatment,New,4026,310262,3865,8222.20535384223
cy79_p4_CD45_pos_PD1_pos_C01_S313_comb,Mel79,T.CD8,treatment.naive,Tirosh,3579,186191,3361,8581.526377053102
cy110_CD45pos_S221,Mel110,Macrophage,post.treatment,New,7552,1121951,7394,13467.099977167813
cy110_CD45pos_S214,Mel110,Macrophage,post.treatment,New,7708,1324554,7533,13285.40053210945
Cy72_CD45_H01_S757_comb,Mel72,?,post.treatment,Tirosh,2191,62537,1966,5501.50074172872
cy98_CD45pos_2_S319,Mel98,NK,post.treatment,New,4066,489359,3902,8500.19980637552
cy106_CD45pos_S193,Mel106,T.CD4,post.treatment,New,5679,1138877,5549,10125.335869259688
cy126_CD45pos_1_S28,Mel126,B.cell,post.treatment,New,4657,534173,4495,9239.480879498016
cy121.1_CD45pos_S236,Mel121.1,T.CD4,post.treatment,New,3965,1861982,3817,5976.785291733737
cy121.1_CD45pos_S234,Mel121.1,T.CD8,post.treatment,New,4351,1948175,4253,6921.2479445783965
CY58_1_CD45_F01_S1021_comb,Mel58,?,post.treatment,Tirosh,3923,130645,3704,9594.395945912718
cy105_Zombineg_CD45neg_CD90neg_S139,Mel105,Endo.,treatment.naive,New,5844,1267318,5694,10757.393430479235
cy75_1B_CORE_CD45neg_S171,Mel75,CAF,post.treatment,New,7678,1685336,7515,14221.227576868543
MGH00478_CD45pos_1_S243,Mel478,T.CD4,treatment.naive,New,3810,508905,3622,7113.763615552015
CY75_1_CD45_CD8_7__S213_comb_BCD8,Mel75,T.CD8,post.treatment,Tirosh,3572,180965,3396,8759.196510422105
CY89COREQ1_D06_S330_comb,Mel89,T.CD4,treatment.naive,Tirosh,3190,92236,2978,8961.039812944247
cy80_Cd45_pos_PD1_pos_D02_S86_comb,Mel80,T.cell,treatment.naive,Tirosh,3693,38626,3484,11209.72382459771
CY94CD45POS_1_E04_S148_comb,Mel94,NK,post.treatment,Tirosh,4583,315918,4380,10123.789827080935
cy112_CD45pos_S25,Mel112,?,treatment.naive,New,2690,1047262,2518,2898.8001493283405
cy74_CD45_pos_B02_S686_comb,Mel74,Macrophage,post.treatment,Tirosh,4039,158864,3834,9911.234978880162
Merck_CD45pos_pl4_S53,Mel194,T.cell,post.treatment,New,4341,464296,4196,9250.996986070451
cy103_CD45neg_CD90neg_S50,Mel103,?,treatment.naive,New,7350,447336,7194,12977.24622348913
cy53_1_CD45_pos_1_D02_S38_comb,Mel53,T.CD4,treatment.naive,Tirosh,4604,225286,4416,10171.143328147267
CY89A_Core_15_F01_S61_comb,Mel89,T.cell,treatment.naive,Tirosh,2519,55899,2327,7985.815024091506
cy98_CD45pos_2_S315,Mel98,T.CD8,post.treatment,New,4521,611532,4381,8964.245640082741
cy75_1B_CORE_CD45neg_S124,Mel75,CAF,post.treatment,New,7572,1550631,7420,13639.218040515723
CY89A_Core_15_C02_S26_comb,Mel89,T.CD8,treatment.naive,Tirosh,3884,126555,3665,10307.723035848945
CY89A_Core_15_D08_S44_comb,Mel89,T.cell,treatment.naive,Tirosh,2435,39368,2260,8492.919453612692
CY75_1_CD45_CD8_3__S104_comb_BCD8,Mel75,T.CD8,post.treatment,Tirosh,4152,272590,3965,10108.44874959652
cy110_CD45pos_S218,Mel110,T.cell,post.treatment,New,5684,1152354,5549,11521.744658327641
cy98_CD45pos_CD8pos_S67,Mel98,T.CD8,post.treatment,New,4683,270272,4493,10452.07655556085
cy60_1_cd_45_pos_HC_pos_HLDAR_pos_B11_S983_comb,Mel60,B.cell,post.treatment,Tirosh,2841,61114,2639,9031.554510481292
cy94_cd45neg_cd90pos_A07_S295_comb,Mel94,?,post.treatment,Tirosh,4601,183598,4401,12019.163904238449
CY94CD45POS_1_C10_S130_comb,Mel94,T.CD4,post.treatment,Tirosh,3120,71574,2928,9282.923407789376
cy80_CD45_pos_PD1_pos_E11_S155_comb,Mel80,T.cell,treatment.naive,Tirosh,4673,211364,4479,11456.40971674621
cy75_1B_CD45pos_S85,Mel75,T.CD4,post.treatment,New,3844,376222,3654,7171.721888182141
cy79_p1_CD45_pos_PD1_neg_AS_C1_R2_F04_S544_comb,Mel79,B.cell,treatment.naive,Tirosh,2163,16941,2034,8212.87622092925
cy102_CD45pos_S252,Mel102,T.cell,post.treatment,New,4268,262795,4073,9096.718376030189
cy53_1_CD45_neg_D02_S326_comb,Mel53,T.CD8,treatment.naive,Tirosh,3951,89851,3766,11341.049671511439
CY89FNAQ2_B12_S408_comb,Mel89,?,treatment.naive,Tirosh,6662,57256,6490,17525.322644547996
cy60_1_cd_45_pos_4_G02_S74_comb,Mel60,B.cell,post.treatment,Tirosh,3097,70952,2880,9056.35063293601
cy102_CD45pos_S287,Mel102,T.CD8,post.treatment,New,5577,341563,5406,11675.34129809629
cy126_CD45pos_2_S112,Mel126,T.CD4,post.treatment,New,3953,357306,3752,7827.756629260073
cy88_cd_45_pos_F11_S455_comb,Mel88,NK,post.treatment,Tirosh,3480,65243,3306,11035.604685913926
cy75_1CORE_CD45pos_S3,Mel75,T.CD4,post.treatment,New,5888,679547,5720,11190.726874838525
Cy81_FNA_CD45_D05_S233_comb,Mel81,?,treatment.naive,Tirosh,2289,61476,2076,6548.154150152863
cy94_cd45pos_4_C09_S33_comb,Mel94,T.CD4,post.treatment,Tirosh,3502,64315,3251,9966.743585977407
cy128_CD45pos_S101,Mel128,T.CD4,treatment.naive,New,4014,654295,3828,6624.386854662476
cy94_cd45pos_4_G03_S75_comb,Mel94,B.cell,post.treatment,Tirosh,4977,903263,4819,8518.07743391045
monika_A3_S102_comb_BCD8_3,Mel75,T.CD8,post.treatment,Tirosh,5167,1242692,5034,8393.164326873513
Cy71_CD45_D02_S518_comb,Mel71,Macrophage,treatment.naive,Tirosh,2053,8898,2011,9251.451477268614
cy80_CD45_neg_C04_S412_comb,Mel80,T.CD8,treatment.naive,Tirosh,5012,233593,4824,11992.703850986527
Cy74_CD45_G02_S458_comb,Mel74,T.CD4,post.treatment,Tirosh,3102,108625,2903,9142.542887652464
CY88CD45POS_2_B01_S397_comb,Mel88,T.CD8,post.treatment,Tirosh,5006,898803,4836,9773.257580170948
CY88CD45POS_7_G07_S271_comb,Mel88,T.CD8,post.treatment,Tirosh,6023,285563,5866,13719.337581709267
CY89A_Core_15_C11_S35_comb,Mel89,?,treatment.naive,Tirosh,2986,64776,2758,9129.64354485292
CY89COREQ1_B04_S304_comb,Mel89,T.cell,treatment.naive,Tirosh,4983,127506,4754,11090.646066724024
cy04.3_CD45pos_S7,Mel04.3,Macrophage,post.treatment,New,4509,365468,4366,8415.457480700989
cy94_cd45pos_4_H09_S93_comb,Mel94,T.cell,post.treatment,Tirosh,4265,455506,4074,8001.401411770925
CY88CD45POS_7_F07_S259_comb,Mel88,T.CD4,post.treatment,Tirosh,4268,125198,4015,10712.08408315561
cy126_CD45pos_1_S10,Mel126,T.CD8,post.treatment,New,4111,460785,3940,8303.259937173572
Cy71_CD45_E07_S535_comb,Mel71,T.CD4,treatment.naive,Tirosh,2862,94687,2671,8628.820717301907
cy121.1_CD45pos_S315,Mel121.1,NK,post.treatment,New,3996,573131,3808,7278.5721643734205
cy110_CD45pos_S212,Mel110,Macrophage,post.treatment,New,7548,1383911,7384,12337.098670345204
cy80_Cd45_pos_PD1_pos_C11_S71_comb,Mel80,T.CD8,treatment.naive,Tirosh,5432,206240,5223,12628.765721952072
cy74_CD45_pos_A02_S674_comb,Mel74,T.CD8,post.treatment,Tirosh,2856,59086,2693,9190.601020380158
cy80_Cd45_pos_PD1_pos_D07_S91_comb,Mel80,T.CD4,treatment.naive,Tirosh,7521,134733,7323,15891.439536134883
cy88_cd_45_pos_C11_S419_comb,Mel88,T.cell,post.treatment,Tirosh,3028,81085,2793,8455.771893841014
cy94_cd45neg_cd90pos_D06_S330_comb,Mel94,T.CD4,post.treatment,Tirosh,4559,207755,4346,10770.650775053728
CY88CD45POS_7_F04_S256_comb,Mel88,Macrophage,post.treatment,Tirosh,2361,96510,2188,6719.34730803066
cy60_1_cd_45_pos_3_C05_S317_comb,Mel60,T.CD4,post.treatment,Tirosh,3422,89142,3199,10588.178343908818
cy103_CD45pos_S135,Mel103,B.cell,treatment.naive,New,4512,405039,4331,8378.372585273555
cy80_CD45_neg_F10_S454_comb,Mel80,B.cell,treatment.naive,Tirosh,2525,43270,2371,8599.067633782579
cy84_Primary_CD45_pos_G04_S460_comb,Mel84,B.cell,treatment.naive,Tirosh,4576,69201,4350,12976.589725334123
CY89A_CD45_POS_10_G02_S266_comb,Mel89,T.CD4,treatment.naive,Tirosh,3709,157083,3496,9554.215318044604
CY88CD45POS_2_B09_S405_comb,Mel88,B.cell,post.treatment,Tirosh,5074,830829,4914,10338.663237433924
Cy71_CD45_E01_S529_comb,Mel71,T.CD8,treatment.naive,Tirosh,2198,99469,2033,6034.129501580545
MGH00478_CD45pos_1_S260,Mel478,T.CD4,treatment.naive,New,4115,500309,3938,8750.216050928655
cy79_p5_CD45_pos_PD1_pos_F03_S639_comb,Mel79,T.CD8,treatment.naive,Tirosh,3528,129735,3291,9442.780031659673
cy60_1_cd_45_pos_4_H03_S87_comb,Mel60,T.cell,post.treatment,Tirosh,3154,105400,2937,8687.636967608938
cy04.3_CD45pos_S76,Mel04.3,NK,post.treatment,New,3901,740026,3705,8149.305402035295
cy74_CD45_pos_C12_S708_comb,Mel74,B.cell,post.treatment,Tirosh,3348,36371,3143,9951.091238887744
CY58_1_CD45_H12_S1056_comb,Mel58,Macrophage,post.treatment,Tirosh,7066,33691,6925,18783.075656435707
cy105_Zombineg_CD45neg_CD90neg_S102,Mel105,Endo.,treatment.naive,New,2290,496471,2118,5641.345553117515
cy04.3_CD45pos_S95,Mel04.3,NK,post.treatment,New,4104,629065,3943,8388.762019315767
cy129PB_CD45pos_S246,Mel129pb,T.CD4,treatment.naive,New,3430,133701,3242,7806.576477623128
cy74_CD45_pos_B10_S694_comb,Mel74,T.CD8,post.treatment,Tirosh,3532,65557,3341,10386.136405889105
cy58_1_CD45_pos_F11_S647_comb,Mel58,T.CD8,post.treatment,Tirosh,4857,182250,4685,11206.222830540939
cy98_CD45pos_CD8pos_S15,Mel98,?,post.treatment,New,4055,223605,3900,8826.234787643645
cy79_p3_CD45_pos_PD1_pos_AS_C2_R1_C10_S418_comb,Mel79,T.CD8,treatment.naive,Tirosh,4624,160049,4369,12089.349933082274
cy88_cd_45_pos_E01_S433_comb,Mel88,T.CD8,post.treatment,Tirosh,2647,48806,2497,9190.734261556492
cy88_cd45pos_5_C02_S218_comb,Mel88,T.CD4,post.treatment,Tirosh,2312,18208,2147,6111.573556212415
cy79_p3_CD45_pos_PD1_pos_AS_C2_R1_D08_S428_comb,Mel79,T.CD8,treatment.naive,Tirosh,2927,48192,2714,9373.585827696164
Cy72_CD45_D11_S719_comb,Mel72,T.CD8,post.treatment,Tirosh,2740,267095,2542,5956.500019957065
cy121.1_CD45pos_S290,Mel121.1,T.CD8,post.treatment,New,7926,315739,7809,18093.41933363577
cy79_p3_CD45_pos_PD1_pos_AS_C2_R1_E12_S444_comb,Mel79,T.CD8,treatment.naive,Tirosh,2341,39173,2118,7581.873155909108
monika_F8_S151_comb_BCD8_3,Mel75,T.CD8,post.treatment,Tirosh,5844,946857,5713,10124.238588878368
cy60_1_cd_45_pos_HC_pos_HLDAR_pos_F04_S1024_comb,Mel60,B.cell,post.treatment,Tirosh,2855,76716,2656,8982.029100712447
CY89FNA_G10_S274_comb,Mel89,T.cell,treatment.naive,Tirosh,3519,165914,3296,8756.187754756
cy105_CD45pos_calceinpos_S16,Mel105,T.CD8,treatment.naive,New,4289,561766,4151,8269.658414813155
cy74_CD45_pos_B03_S687_comb,Mel74,T.CD4,post.treatment,Tirosh,2807,57180,2611,8672.079068475832
cy102_CD45pos_S130,Mel102,T.CD8,post.treatment,New,5168,635367,4992,10685.340249571393
CY89A_CD45_POS_10_C12_S228_comb,Mel89,T.CD4,treatment.naive,Tirosh,5098,80824,4850,11358.087309306657
CY84_PRIM_POS_ALL_8_A01_S97_comb,Mel84,?,treatment.naive,Tirosh,10984,355170,10806,17711.787115966385
cy110_CD45pos_S377,Mel110,T.CD8,post.treatment,New,3761,262692,3566,8271.771273084689
cy112_CD45pos_S19,Mel112,T.CD4,treatment.naive,New,3864,1279357,3705,5519.265719630103
cy74_CD45_pos_A03_S675_comb,Mel74,T.CD8,post.treatment,Tirosh,5470,423784,5285,12206.926037489186
CY89A_CD45_POS_6_A09_S105_comb,Mel89,B.cell,treatment.naive,Tirosh,2420,50300,2207,7003.943656402
cy79_p1_CD45_pos_PD1_neg_AS_C1_R2_F11_S551_comb,Mel79,T.cell,treatment.naive,Tirosh,2618,18561,2439,9326.066159128006
cy79_p1_CD45_pos_PD1_pos_AS_C5_R1_H03_S279_comb,Mel79,T.CD8,treatment.naive,Tirosh,2965,47129,2718,8865.795837914222
cy121.1_CD45pos_S213,Mel121.1,T.CD8,post.treatment,New,4162,1322643,4018,7077.545836096301
CY88CD45_150813_F01_S349_comb,Mel88,T.cell,post.treatment,Tirosh,4933,1228470,4724,9747.702207893224
cy103_CD45pos_S175,Mel103,T.CD8,treatment.naive,New,5780,216225,5597,13613.971276865763
CY94CD45POS_1_H05_S185_comb,Mel94,B.cell,post.treatment,Tirosh,3866,163729,3657,8615.022519523687
cy126_CD45pos_1_S86,Mel126,T.CD8,post.treatment,New,4089,406184,3894,8761.501693001966
MGH00478_CD45pos_2_S374,Mel478,T.CD4,treatment.naive,New,4201,534054,3989,8483.79739890911
cy84_Primary_CD45_pos_D06_S426_comb,Mel84,T.CD8,treatment.naive,Tirosh,2705,47974,2536,9411.659435685895
cy79_p5_CD45_pos_PD1_pos_G04_S652_comb,Mel79,T.CD8,treatment.naive,Tirosh,3369,92162,3173,9534.059707979539
cy88_cd_45_pos_3_B03_S591_comb,Mel88,T.CD4,post.treatment,Tirosh,3470,127293,3259,10106.926210515245
cy80_CD45_pos_PD1_pos_C02_S122_comb,Mel80,T.CD4,treatment.naive,Tirosh,5177,136833,4952,13227.86769203329
cy79_p4_CD45_pos_PD1_pos_A02_S290_comb,Mel79,T.CD8,treatment.naive,Tirosh,2631,131186,2415,6233.715321449177
cy106_CD45pos_S277,Mel106,B.cell,post.treatment,New,4148,1054635,4015,6257.785301881089
cy75_1B_CD45pos_S67,Mel75,T.CD8,post.treatment,New,4255,450161,4105,7850.707108261962
monika_F9_S152_comb_BCD8_3,Mel75,T.CD8,post.treatment,Tirosh,5825,525925,5704,11939.930301352324
cy105_CD45neg_calceinpos_S131,Mel105,?,treatment.naive,New,3217,611300,3059,8604.919389378254
CY75_1_CD45_CD8_3__S120_comb_BCD8,Mel75,T.CD8,post.treatment,Tirosh,4841,415494,4663,10942.291694404703
cy79_p3_CD45_pos_PD1_neg_G03_S171_comb,Mel79,B.cell,treatment.naive,Tirosh,2070,19411,1911,7129.068253651645
cy60_1_cd_45_pos_HC_pos_HLDAR_pos_D06_S1002_comb,Mel60,B.cell,post.treatment,Tirosh,2239,36261,2086,8251.124744526363
cy79_p1_CD45_pos_PD1_pos_AS_C5_R1_C03_S219_comb,Mel79,T.CD4,treatment.naive,Tirosh,3795,53687,3582,11567.709666316108
CY89A_Core_15_B10_S22_comb,Mel89,B.cell,treatment.naive,Tirosh,2769,63840,2554,7528.263630858358
CY75_1_CD45_CD8_3__S111_comb_BCD8,Mel75,T.CD8,post.treatment,Tirosh,4692,264494,4523,11896.35490160633
cy79_p1_CD45_pos_PD1_pos_AS_C5_R1_D06_S234_comb,Mel79,T.CD8,treatment.naive,Tirosh,3544,58707,3350,10984.945015403053
cy128_CD45pos_S170,Mel128,B.cell,treatment.naive,New,4126,822786,3941,6421.491588079206
cy98_CD45pos_2_S356,Mel98,T.CD8,post.treatment,New,4067,471667,3876,8909.381602175868
cy110_CD45pos_S378,Mel110,?,post.treatment,New,6738,86976,6635,14847.029134133863
cy126_CD45pos_1_S31,Mel126,T.CD4,post.treatment,New,4340,391391,4164,9373.22124714981
cy79_p3_CD45_pos_PD1_neg_E01_S145_comb,Mel79,B.cell,treatment.naive,Tirosh,2465,52574,2264,7561.5434316965275
Cy72_CD45_D02_S710_comb,Mel72,B.cell,post.treatment,Tirosh,4063,245195,3851,9873.848849271384
cy79_p4_CD45_neg_PDL1_neg_B06_S1074_comb,Mel79,Endo.,treatment.naive,Tirosh,7382,99115,7195,17441.16319211982
cy98_CD45pos_1_S193,Mel98,T.CD8,post.treatment,New,3998,894723,3838,6611.835789340836
cy126_CD45pos_1_S27,Mel126,T.CD8,post.treatment,New,4374,577654,4202,8909.710498660586
MGH00478_CD45pos_1_S273,Mel478,T.CD8,treatment.naive,New,3862,488972,3668,7599.6910567001505
cy72_CD45_pos_F02_S926_comb,Mel72,B.cell,post.treatment,Tirosh,3126,62994,2937,9259.982232804772
cy80_CD45_neg_G11_S947_comb,Mel80,Endo.,treatment.naive,Tirosh,4670,37108,4537,14055.01615919143
CY88CD45POS_2_A06_S390_comb,Mel88,Macrophage,post.treatment,Tirosh,2423,45212,2197,6069.817520903647
cy98_CD45pos_CD8pos_S40,Mel98,T.CD8,post.treatment,New,3638,830041,3473,6065.717872602119
MGH00478_CD45pos_1_S216,Mel478,T.cell,treatment.naive,New,3930,442900,3747,7514.0489242001
CY84_PRIM_POS_ALL_7_B06_S210_comb,Mel84,NK,treatment.naive,Tirosh,2517,67795,2312,7571.483391140867
CY94CD45POS_1_C12_S132_comb,Mel94,T.CD4,post.treatment,Tirosh,5449,248727,5241,11568.139975705373
cy60_1_cd_45_pos_4_E02_S50_comb,Mel60,T.CD8,post.treatment,Tirosh,3082,82055,2900,9719.299812445479
CY88CD45POS_2_B11_S407_comb,Mel88,?,post.treatment,Tirosh,8177,1089907,8006,15090.006595204306
Cy74_CD45_B02_S398_comb,Mel74,B.cell,post.treatment,Tirosh,2477,92632,2275,6506.897394212918
cy58_1_CD45_pos_C12_S612_comb,Mel58,T.CD8,post.treatment,Tirosh,4410,57684,4152,11346.693656672454
Cy81_Bulk_CD45_B08_S116_comb,Mel81,CAF,treatment.naive,Tirosh,4084,342480,3887,7672.1265755650165
Cy81_Bulk_CD45_G03_S171_comb,Mel81,CAF,treatment.naive,Tirosh,8194,687646,8040,17268.964061666025
cy112_CD45pos_S15,Mel112,B.cell,treatment.naive,New,3937,3041509,3800,5661.483442346899
cy60_1_cd_45_pos_4_E10_S58_comb,Mel60,B.cell,post.treatment,Tirosh,3907,118304,3700,10922.25148578242
cy58_1_CD45_pos_C01_S601_comb,Mel58,B.cell,post.treatment,Tirosh,3723,113541,3530,9175.371214009932
cy75_1CORE_CD45pos_S56,Mel75,T.CD4,post.treatment,New,4911,501147,4752,9591.368702466314
Cy72_CD45_G05_S749_comb,Mel72,T.CD4,post.treatment,Tirosh,2888,146352,2671,7264.68140490357
cy110_CD45pos_S245,Mel110,T.CD8,post.treatment,New,4688,724767,4536,8845.945274163889
cy105_Zombineg_CD45neg_CD90neg_S140,Mel105,?,treatment.naive,New,3539,1072001,3347,5603.512439925114
cy80_CD45_neg_E07_S439_comb,Mel80,T.CD8,treatment.naive,Tirosh,3642,137196,3468,10607.021428759559
cy75_1CORE_CD45pos_S24,Mel75,T.CD4,post.treatment,New,4972,420765,4839,9684.792526468196
cy128_CD45pos_S151,Mel128,T.CD4,treatment.naive,New,3686,746798,3502,5234.214140291974
cy103_CD45pos_S102,Mel103,T.CD4,treatment.naive,New,4983,411945,4796,10643.298685023856
cy80_Cd45_pos_PD1_pos_S160_G04_S160_comb,Mel80,T.CD4,treatment.naive,Tirosh,4936,112899,4714,13448.709554870968
CY75_1_CD45_CD8_7__S216_comb_BCD8,Mel75,T.CD8,post.treatment,Tirosh,4653,298289,4443,11134.780064994411
cy04.3_CD45pos_S69,Mel04.3,T.cell,post.treatment,New,5057,933917,4882,8776.54420586748
cy88_cd45pos_5_E01_S241_comb,Mel88,T.CD4,post.treatment,Tirosh,4110,200128,3932,4744.6479269727915
cy102_CD45pos_S246,Mel102,T.CD4,post.treatment,New,3349,339617,3149,6336.3604597159565
cy79_p3_CD45_pos_PD1_neg_E04_S148_comb,Mel79,T.CD8,treatment.naive,Tirosh,3133,53567,2933,8760.833158201389
CY94CD45POS_1_B04_S112_comb,Mel94,T.cell,post.treatment,Tirosh,4729,285184,4552,9914.057052041611
cy112_CD45pos_S345,Mel112,NK,treatment.naive,New,5172,1167172,5034,9834.507530414587
cy112_CD45pos_S379,Mel112,B.cell,treatment.naive,New,5618,2217961,5516,8563.898180586679
CY89COREQ1_C07_S319_comb,Mel89,B.cell,treatment.naive,Tirosh,3014,56330,2804,8165.02409014786
MGH00478_CD45pos_2_S353,Mel478,T.cell,treatment.naive,New,2428,217943,2224,5376.6033737492335
CY94CD45POS_1_A03_S99_comb,Mel94,T.cell,post.treatment,Tirosh,3235,72204,3040,9459.935298456778
cy72_CD45_pos_B06_S882_comb,Mel72,B.cell,post.treatment,Tirosh,3763,84313,3515,9744.520920331172
CY89A_Core_15_D06_S42_comb,Mel89,B.cell,treatment.naive,Tirosh,2662,44266,2438,8345.722763762029
CY75_1_CD45_CD8_7__S283_comb_BCD8,Mel75,T.cell,post.treatment,Tirosh,5992,299436,5846,14747.794082549499
cy94_cd45pos_4_H03_S87_comb,Mel94,T.cell,post.treatment,Tirosh,3650,256258,3419,8031.721183100139
cy98_CD45pos_CD8pos_S5,Mel98,T.CD8,post.treatment,New,4825,582429,4632,9512.685236720063
cy98_CD45pos_2_S289,Mel98,T.CD8,post.treatment,New,3773,649818,3598,7497.444544198622
cy102_CD45pos_S268,Mel102,T.cell,post.treatment,New,4804,715298,4621,9452.384225176142
cy105_CD45pos_calceinpos_S8,Mel105,B.cell,treatment.naive,New,2560,65086,2420,7766.146957033536
cy58_1_CD45_pos_E08_S632_comb,Mel58,T.CD8,post.treatment,Tirosh,3797,75786,3583,10316.298168363744
cy84_Primary_CD45_pos_G12_S468_comb,Mel84,T.CD4,treatment.naive,Tirosh,3886,219929,3642,9590.615266314526
cy88_cd45pos_5_F04_S256_comb,Mel88,T.cell,post.treatment,Tirosh,2944,215450,2737,4518.570841513033
cy82_CD45_pos_3_G12_S84_comb,Mel82,?,treatment.naive,Tirosh,9481,107464,9360,20051.890788113364
cy98_CD45pos_CD8pos_S4,Mel98,T.CD8,post.treatment,New,4158,1117436,4012,8130.3488009726025
monika_A12_S100_comb_BCD8_3,Mel75,T.CD8,post.treatment,Tirosh,5678,1089585,5549,9394.474548659577
cy60_1_cd_45_pos_3_B02_S302_comb,Mel60,T.cell,post.treatment,Tirosh,3168,88586,2989,9359.596005707705
CY75_1_CD45_CD8_7__S252_comb_BCD8,Mel75,T.CD8,post.treatment,Tirosh,6090,536188,5916,13950.061285405252
cy94_cd45pos_4_D08_S44_comb,Mel94,B.cell,post.treatment,Tirosh,7944,2791382,7821,13682.51283744943
cy112_CD45pos_S95,Mel112,T.CD4,treatment.naive,New,4369,1244927,4230,6854.035383014515
cy75_1B_CORE_CD45neg_S108,Mel75,CAF,post.treatment,New,6513,852766,6379,13444.294765460425
cy94_cd45neg_cd90pos_C02_S314_comb,Mel94,?,post.treatment,Tirosh,5228,1247376,5025,9730.101198221779
CY88CD45POS_2_H11_S479_comb,Mel88,B.cell,post.treatment,Tirosh,2939,130725,2733,5763.268665839977
cy102_CD45pos_S205,Mel102,T.CD4,post.treatment,New,4603,286175,4428,9704.236436316627
cy79_p5_CD45_pos_PD1_pos_B05_S593_comb,Mel79,T.CD8,treatment.naive,Tirosh,2904,63781,2718,9373.211704415633
cy94_cd45pos_C08_S128_comb,Mel94,B.cell,post.treatment,Tirosh,3418,152391,3165,7746.73122312495
cy88_cd_45_pos_H06_S474_comb,Mel88,T.cell,post.treatment,Tirosh,3733,127255,3506,10175.74936844332
cy58_1_CD45_pos_D11_S623_comb,Mel58,T.CD8,post.treatment,Tirosh,3349,34285,3140,10080.982398887001
CY75_1_CD45_CD8_7__S212_comb_BCD8,Mel75,T.CD8,post.treatment,Tirosh,4891,313849,4723,11436.456760740195
cy103_CD45pos_S157,Mel103,B.cell,treatment.naive,New,4196,305925,4014,8289.828036172406
cy60_1_cd_45_pos_3_C01_S313_comb,Mel60,T.CD8,post.treatment,Tirosh,2569,68223,2371,8208.61956730298
Merck_CD45pos_pl4_S11,Mel194,T.CD8,post.treatment,New,4928,1106011,4779,9734.739798376822
Merck_CD45pos_pl4_S83,Mel194,T.CD4,post.treatment,New,4770,1351127,4643,8905.36238890187
CY84_PRIM_POS_ALL_8_B06_S114_comb,Mel84,Macrophage,treatment.naive,Tirosh,2168,34617,2004,6907.993032556402
cy106_CD45pos_S234,Mel106,B.cell,post.treatment,New,3450,792860,3292,4845.535545944108
cy60_1_cd_45_pos_HC_pos_HLDAR_pos_G05_S1037_comb,Mel60,B.cell,post.treatment,Tirosh,2922,187828,2773,9039.288002721507
cy81_Bulk_CD45_neg_E02_S146_comb,Mel81,Endo.,treatment.naive,Tirosh,6154,416093,6003,13904.662819868028
cy126_CD45pos_2_S178,Mel126,T.cell,post.treatment,New,3649,554163,3482,6424.141931001267
cy74_CD45_pos_F01_S733_comb,Mel74,T.CD8,post.treatment,Tirosh,2806,31184,2677,9904.005216025067
cy53_1_CD45_pos_2_A05_S965_comb,Mel53,NK,treatment.naive,Tirosh,5169,435432,4987,11007.727722778549
cy82_CD45_pos_3_B09_S21_comb,Mel82,T.CD4,treatment.naive,Tirosh,3384,38107,3224,11618.343044616664
CY75_1_CD45_CD8_8__S381_comb_BCD8,Mel75,T.CD8,post.treatment,Tirosh,5337,171962,5202,13652.869628543494
cy80_Cd45_pos_PD1_pos_S136_F04_S136_comb,Mel80,T.CD4,treatment.naive,Tirosh,6457,219091,6260,14512.016930467937
cy80_Cd45_pos_Pd1_neg_S292_E04_S292_comb,Mel80,B.cell,treatment.naive,Tirosh,3642,85178,3430,9794.923722088693
cy110_CD45neg_CD90neg_S261,Mel110,?,post.treatment,New,4068,401972,3955,7159.818255458039
cy72_CD45_pos_B10_S886_comb,Mel72,T.CD4,post.treatment,Tirosh,3359,74873,3145,9088.80046178077
cy116_CD45pos_S312,Mel116,T.CD8,treatment.naive,New,4197,390844,4007,8941.892694210997
cy98_CD45pos_2_S330,Mel98,Macrophage,post.treatment,New,4390,392644,4176,10321.50216610051
cy103_CD45pos_S168,Mel103,B.cell,treatment.naive,New,6637,354352,6443,12736.347497604536
Cy71_CD45_D07_S523_comb,Mel71,T.CD8,treatment.naive,Tirosh,3687,109269,3504,11476.430644653785
CY84_PRIM_POS_ALL_7_E12_S252_comb,Mel84,Macrophage,treatment.naive,Tirosh,4439,520516,4214,10130.895501294008
cy98_CD45pos_CD8pos_S92,Mel98,T.CD8,post.treatment,New,4823,694401,4661,11066.057484437719
cy103_CD45pos_S147,Mel103,T.CD8,treatment.naive,New,5148,495006,4941,10714.793310742312
cy75_1CORE_CD45pos_S41,Mel75,T.CD4,post.treatment,New,5464,678952,5340,10259.196097771732
CY88CD45_150813_D04_S328_comb,Mel88,T.cell,post.treatment,Tirosh,3435,213826,3217,6498.760617304883
cy60_1_cd_45_pos_4_D08_S44_comb,Mel60,B.cell,post.treatment,Tirosh,2257,21851,2085,8841.234847680003
cy84_Met_CD45_pos_C08_S896_comb,Mel84,T.CD8,treatment.naive,Tirosh,2476,85818,2316,7963.67488937395
cy53_1_CD45_pos_1_B07_S19_comb,Mel53,T.CD8,treatment.naive,Tirosh,4630,148000,4418,11005.700908531775
CY88CD45_150813_C07_S319_comb,Mel88,B.cell,post.treatment,Tirosh,3789,206977,3574,8756.364804455696
CY89A_CD45_POS_6_D03_S135_comb,Mel89,T.CD8,treatment.naive,Tirosh,4677,225455,4456,11531.817923107177
Cy71_CD45_A09_S489_comb,Mel71,Macrophage,treatment.naive,Tirosh,4208,294147,4009,10887.580900806719
cy98_CD45pos_CD8pos_S91,Mel98,T.cell,post.treatment,New,5969,589227,5818,12081.644519362415
MGH00478_CD45pos_1_S223,Mel478,T.cell,treatment.naive,New,4967,775093,4782,9955.227713695582
cy75_1CORE_CD45pos_S32,Mel75,T.CD4,post.treatment,New,4834,510252,4670,8518.061027808812
cy88_cd_45_pos_G11_S467_comb,Mel88,T.cell,post.treatment,Tirosh,2702,43322,2544,9120.227180689235
cy121.1_CD45pos_S355,Mel121.1,T.CD8,post.treatment,New,3761,642834,3570,8197.629061601048
cy88_cd_45_pos_H12_S480_comb,Mel88,Macrophage,post.treatment,Tirosh,12647,418132,12502,22845.44549074387
cy102_CD45pos_S166,Mel102,T.CD8,post.treatment,New,4536,485398,4367,8716.242035074503
Cy72_CD45_H02_S758_comb,Mel72,B.cell,post.treatment,Tirosh,3365,206038,3137,7143.361429704211
cy116_CD45pos_S305,Mel116,T.CD8,treatment.naive,New,4129,376996,3933,8288.777396565414
Cy81_FNA_CD45_G02_S266_comb,Mel81,T.cell,treatment.naive,Tirosh,3378,247740,3169,7221.159514221818
cy94_cd45pos_4_D07_S43_comb,Mel94,B.cell,post.treatment,Tirosh,4267,403441,4077,8370.562388879705
cy60_1_cd_45_pos_HC_pos_HLDAR_pos_H01_S1045_comb,Mel60,T.CD8,post.treatment,Tirosh,2490,71639,2277,7932.924913631265
CY89A_Core_15_D09_S45_comb,Mel89,T.CD8,treatment.naive,Tirosh,2560,37399,2392,8914.182421696767
cy98_CD45pos_CD8pos_S26,Mel98,T.CD8,post.treatment,New,3803,1065179,3643,7400.782326177108
CY89A_CD45_POS_6_F09_S165_comb,Mel89,T.CD8,treatment.naive,Tirosh,2952,101749,2719,7782.208201102538
cy102_CD45pos_S184,Mel102,Macrophage,post.treatment,New,6655,1053551,6459,12548.52939560648
Cy72_CD45_B03_S687_comb,Mel72,?,post.treatment,Tirosh,2189,28214,2012,7813.332069241922
cy105_CD45neg_calceinpos_S192,Mel105,Endo.,treatment.naive,New,4969,510347,4779,10580.511447356548
CY89FNA_D02_S230_comb,Mel89,T.CD4,treatment.naive,Tirosh,2442,59415,2261,7436.776830077077
cy110_CD45pos_S293,Mel110,Macrophage,post.treatment,New,5687,414186,5510,10943.581397963513
cy102_CD45pos_S196,Mel102,B.cell,post.treatment,New,3000,37052,2777,8591.17360725348
cy110_CD45pos_S233,Mel110,Macrophage,post.treatment,New,6941,1349399,6776,12614.545035073465
cy72_CD45_pos_B04_S880_comb,Mel72,T.CD4,post.treatment,Tirosh,3478,81619,3258,9197.497023977547
cy80_Cd45_pos_Pd1_neg_S361_H01_S361_comb,Mel80,T.CD4,treatment.naive,Tirosh,4263,284815,4049,9181.9068707404
MGH00478_CD45pos_1_S200,Mel478,T.CD4,treatment.naive,New,3517,254203,3321,7651.675913899645
cy80_Cd45_pos_Pd1_neg_S226_B10_S226_comb,Mel80,T.CD8,treatment.naive,Tirosh,4196,240265,3977,9010.023881016943
cy129PB_CD45pos_S252,Mel129pb,T.CD8,treatment.naive,New,8101,443160,7987,15225.141856293438
cy129PA_CD45pos_S40,Mel129pa,Macrophage,treatment.naive,New,5804,1048787,5611,10478.63913493887
CY89A_CD45_POS_10_H04_S280_comb,Mel89,T.CD8,treatment.naive,Tirosh,2820,34963,2687,9731.663917066271
Cy81_FNA_CD45_H05_S281_comb,Mel81,B.cell,treatment.naive,Tirosh,3087,234464,2879,6702.73541036531
cy94_cd45pos_D03_S135_comb,Mel94,B.cell,post.treatment,Tirosh,7210,791550,7068,13864.580202487736
CY89FNA_C01_S217_comb,Mel89,T.CD8,treatment.naive,Tirosh,3156,111855,2928,8542.77352064896
CY84_PRIM_POS_ALL_6_C09_S417_comb,Mel84,T.CD8,treatment.naive,Tirosh,4026,352179,3813,8098.238527264956
cy75_1CORE_CD45pos_S89,Mel75,T.cell,post.treatment,New,3938,222465,3714,8104.426678373049
cy80_CD45_pos_PD1_pos_H05_S185_comb,Mel80,T.CD4,treatment.naive,Tirosh,3686,65322,3481,10693.083735371287
cy110_CD45pos_S244,Mel110,Macrophage,post.treatment,New,7359,1361401,7207,12809.99365473089
CY75_1_CD45_CD8_7__S253_comb_BCD8,Mel75,T.CD8,post.treatment,Tirosh,5790,654728,5633,12967.90897001875
CY89A_CD45_POS_6_C02_S122_comb,Mel89,T.CD4,treatment.naive,Tirosh,4028,168802,3806,10196.872505799442
cy82_CD45_pos_3_H01_S85_comb,Mel82,?,treatment.naive,Tirosh,11113,719919,10967,19679.87243995782
merck_cd45pos_PL3_S382,Mel194,T.CD8,post.treatment,New,4635,764612,4475,9230.012445963584
cy112_CD45pos_S328,Mel112,T.CD4,treatment.naive,New,3755,1172605,3615,5069.6124369828
cy04.3_CD45pos_S45,Mel04.3,T.cell,post.treatment,New,4518,768700,4327,8079.820725583117
cy110_CD45pos_S248,Mel110,Macrophage,post.treatment,New,7307,1071225,7135,13193.09764442069
cy80_Cd45_pos_PD1_pos_A09_S21_comb,Mel80,T.cell,treatment.naive,Tirosh,4973,176427,4774,12542.605951014262
cy112_CD45pos_S378,Mel112,B.cell,treatment.naive,New,4777,2321765,4696,7099.539811574767
cy72_CD45_pos_E09_S921_comb,Mel72,T.CD4,post.treatment,Tirosh,3924,135555,3684,9675.46012535345
Cy81_FNA_CD45_C06_S222_comb,Mel81,T.cell,treatment.naive,Tirosh,3167,210946,2964,6635.810848632051
cy60_1_cd_45_pos_HC_pos_HLDAR_pos_B04_S976_comb,Mel60,T.cell,post.treatment,Tirosh,2877,65514,2692,9027.708443201578
cy74_CD45_pos_G10_S754_comb,Mel74,Macrophage,post.treatment,Tirosh,3503,142834,3285,8936.792870953463
cy129PA_CD45pos_S3,Mel129pa,Macrophage,treatment.naive,New,5488,1124581,5301,10225.49825684073
cy82_CD45_pos_3_A10_S10_comb,Mel82,?,treatment.naive,Tirosh,10756,940036,10604,18568.005626554557
cy53_1_CD45_pos_2_D09_S1005_comb,Mel53,Macrophage,treatment.naive,Tirosh,5516,244769,5352,11523.86726474317
cy105_CD45neg_calceinpos_S152,Mel105,Endo.,treatment.naive,New,4506,264123,4310,8575.300657101741
cy121.1_CD45pos_S346,Mel121.1,B.cell,post.treatment,New,3588,421268,3370,6665.196200398676
cy80_Cd45_pos_PD1_pos_B04_S40_comb,Mel80,T.CD4,treatment.naive,Tirosh,5018,198745,4805,12249.216050591709
cy106_CD45pos_S312,Mel106,B.cell,post.treatment,New,4455,533234,4284,7931.054101531797
CY75_1_CD45_CD8_3__S160_comb_BCD8,Mel75,T.CD8,post.treatment,Tirosh,3726,220389,3574,8723.891061136677
MGH00478_CD45pos_2_S335,Mel478,T.CD4,treatment.naive,New,3759,403408,3565,7430.542582293194
cy88_cd_45_pos_3_F11_S647_comb,Mel88,NK,post.treatment,Tirosh,2366,45503,2173,8187.2211389482145
cy105_CD45pos_calceinpos_S51,Mel105,T.cell,treatment.naive,New,4349,590786,4187,7846.284979682188
CY94CD45POS_1_G10_S178_comb,Mel94,B.cell,post.treatment,Tirosh,4335,348787,4135,8656.55558846553
MGH00478_CD45pos_1_S250,Mel478,T.CD4,treatment.naive,New,3849,367740,3662,7995.981035396782
CY58_1_CD45_A02_S962_comb,Mel58,T.CD8,post.treatment,Tirosh,3688,232800,3493,7765.180856985357
cy102_CD45pos_S202,Mel102,T.CD4,post.treatment,New,4807,246508,4593,10314.093273057326
cy80_CD45_pos_PD1_pos_D09_S141_comb,Mel80,T.CD4,treatment.naive,Tirosh,8441,156840,8266,18658.559798695416
cy98_CD45pos_1_S202,Mel98,T.CD8,post.treatment,New,4768,1280604,4646,8222.851024911371
cy72_CD45_pos_H01_S949_comb,Mel72,T.CD4,post.treatment,Tirosh,3403,84249,3226,9681.480515717116
cy79_p1_CD45_pos_PD1_pos_AS_C5_R1_H07_S283_comb,Mel79,T.CD8,treatment.naive,Tirosh,3353,64459,3126,9748.698762133674
CY89FNA_A08_S200_comb,Mel89,T.CD8,treatment.naive,Tirosh,3683,114795,3457,9840.242953456089
cy102_CD45pos_S263,Mel102,T.CD4,post.treatment,New,4168,306866,3931,9800.113050948148
Cy71_CD45_G07_S559_comb,Mel71,T.CD4,treatment.naive,Tirosh,2806,97151,2594,7601.37852615333
CY88CD45POS_2_C03_S411_comb,Mel88,T.CD4,post.treatment,Tirosh,4534,658378,4327,9109.5355955226
CY75_1FNA_A05_S485_comb_2,Mel75,T.CD4,post.treatment,Tirosh,3670,69695,3435,11015.52524985627
Cy72_CD45_D12_S720_comb,Mel72,T.cell,post.treatment,Tirosh,2816,134845,2629,6694.128246484945
CY94CD45POS_1_G11_S179_comb,Mel94,T.cell,post.treatment,Tirosh,5453,509798,5280,11115.109141557728
cy94_cd45neg_cd90pos_G11_S371_comb,Mel94,B.cell,post.treatment,Tirosh,7814,851583,7636,15334.96831568138
cy98_CD45pos_CD8pos_S22,Mel98,T.CD8,post.treatment,New,5207,254837,5023,11875.105143874
cy80_cd_90_neg_H04_S184_comb,Mel80,?,treatment.naive,Tirosh,3501,178159,3456,11840.787571878134
cy94_cd45neg_cd90pos_H01_S373_comb,Mel94,?,post.treatment,Tirosh,5948,988429,5776,10381.346984930105
cy98_CD45pos_2_S367,Mel98,T.CD8,post.treatment,New,4690,632954,4502,10046.078825475364
cy94_cd45pos_4_G11_S83_comb,Mel94,T.CD4,post.treatment,Tirosh,4544,352169,4331,8920.900918484851
cy58_1_CD45_pos_A04_S580_comb,Mel58,T.CD8,post.treatment,Tirosh,5114,158020,4902,12245.489878377597
CY89A_CD45_POS_6_H04_S184_comb,Mel89,T.CD8,treatment.naive,Tirosh,2519,33456,2307,8361.431015500637
cy84_Primary_CD45_pos_B11_S407_comb,Mel84,T.CD4,treatment.naive,Tirosh,3781,140723,3577,10396.10407482151
cy75_1B_CD45pos_S11,Mel75,T.CD4,post.treatment,New,3859,289574,3668,7850.100216797523
cy110_CD45pos_S292,Mel110,T.CD8,post.treatment,New,4893,317460,4679,7162.711604417999
cy129PB_CD45pos_S250,Mel129pb,T.CD4,treatment.naive,New,4966,1375842,4800,9014.583400832747
cy75_1B_CORE_CD45neg_S190,Mel75,CAF,post.treatment,New,6052,776471,5910,12670.288832407676
cy79_p3_CD45_pos_PD1_pos_AS_C2_R1_G04_S460_comb,Mel79,T.CD4,treatment.naive,Tirosh,2889,35699,2736,9414.53981430953
MGH00478_CD45pos_1_S253,Mel478,T.CD4,treatment.naive,New,4052,630685,3863,7813.5584583038235
cy94_cd45neg_cd90pos_B08_S308_comb,Mel94,CAF,post.treatment,Tirosh,4865,354722,4654,12050.277437778062
cy110_CD45pos_S370,Mel110,Macrophage,post.treatment,New,5741,175888,5611,12208.00757968744
cy80_Cd45_pos_PD1_pos_S117_E09_S117_comb,Mel80,T.CD8,treatment.naive,Tirosh,3922,67339,3701,11284.513996604666
merck_cd45pos_PL3_S336,Mel194,T.cell,post.treatment,New,5455,1191535,5311,11128.994893028588
cy53_1_CD45_pos_2_B03_S975_comb,Mel53,Macrophage,treatment.naive,Tirosh,5801,611804,5608,11183.412254745765
cy60_1_cd_45_pos_HC_pos_HLDAR_pos_F07_S1027_comb,Mel60,B.cell,post.treatment,Tirosh,2634,68195,2418,8152.974242212349
CY89A_CD45_POS_10_E07_S247_comb,Mel89,T.CD8,treatment.naive,Tirosh,2642,38778,2483,8564.689629067227
cy103_CD45pos_S150,Mel103,T.cell,treatment.naive,New,6043,446501,5864,12706.594934099037
cy121.1_CD45pos_S259,Mel121.1,T.cell,post.treatment,New,4098,2233657,3986,7062.536901014422
cy60_1_cd_45_pos_3_A11_S299_comb,Mel60,T.CD8,post.treatment,Tirosh,3022,60280,2819,9979.230152604225
cy116_CD45pos_S372,Mel116,B.cell,treatment.naive,New,6728,519376,6542,12428.990530586183
MGH00478_CD45pos_1_S205,Mel478,T.CD4,treatment.naive,New,3688,352198,3481,6926.288254035775
CY89COREQ1_E06_S342_comb,Mel89,B.cell,treatment.naive,Tirosh,5053,168292,4846,12403.082624795321
cy79_p3_CD45_neg_PD1_pos_AS_C3_R1_E08_S344_comb,Mel79,CAF,treatment.naive,Tirosh,4940,91281,4763,12719.939565218236
CY88CD45POS_7_F03_S255_comb,Mel88,T.CD8,post.treatment,Tirosh,3053,92670,2834,8171.30046954595
monika_A1_S97_comb_BCD8_3,Mel75,T.CD8,post.treatment,Tirosh,6034,1137996,5895,10077.382919276497
cy106_CD45neg_CD90neg_S299,Mel106,?,post.treatment,New,2214,2092415,2099,5751.540495132567
CY89COREQ1_B07_S307_comb,Mel89,T.CD8,treatment.naive,Tirosh,2889,50771,2692,8409.06983539309
cy106_CD45pos_S323,Mel106,T.CD4,post.treatment,New,5954,1604666,5812,10557.08242535977
cy53_1_CD45_pos_1_F12_S72_comb,Mel53,T.CD8,treatment.naive,Tirosh,2613,19411,2453,9520.480459064249
CY89COREQ1_C10_S322_comb,Mel89,T.CD8,treatment.naive,Tirosh,4079,126357,3834,10326.051811070327
cy103_CD45pos_S163,Mel103,B.cell,treatment.naive,New,4636,484802,4466,8817.717446154693
cy94_cd45pos_4_A03_S3_comb,Mel94,T.cell,post.treatment,Tirosh,5286,204370,5093,12622.894162474591
Cy81_FNA_CD45_D06_S234_comb,Mel81,T.CD8,treatment.naive,Tirosh,2241,43123,2043,7497.982338462977
monika_F10_S145_comb_BCD8_3,Mel75,T.CD8,post.treatment,Tirosh,6778,623323,6672,12812.693066985546
cy102_CD45pos_S102,Mel102,B.cell,post.treatment,New,4400,619861,4261,7984.028894889984
Merck_CD45pos_pl4_S68,Mel194,T.CD8,post.treatment,New,4261,564889,4108,8749.501468759156
MGH00478_CD45pos_1_S241,Mel478,T.CD8,treatment.naive,New,4008,578353,3822,7558.782169764014
cy102_CD45pos_S194,Mel102,T.CD4,post.treatment,New,3595,64366,3388,9852.76304139863
monika_F5_S148_comb_BCD8_3,Mel75,T.CD8,post.treatment,Tirosh,6154,1557222,6027,9736.353969572836
cy80_CD45_pos_PD1_pos_H09_S189_comb,Mel80,T.CD8,treatment.naive,Tirosh,2658,41981,2485,8648.185303662976
cy80_CD45_pos_PD1_pos_F01_S157_comb,Mel80,T.CD4,treatment.naive,Tirosh,3120,67154,2910,9042.015079617391
MGH00478_CD45pos_2_S372,Mel478,T.cell,treatment.naive,New,3792,337594,3603,7743.516016774198
cy98_CD45pos_CD8pos_S53,Mel98,T.CD8,post.treatment,New,4600,413381,4434,9328.835211380698
cy116_CD45pos_S341,Mel116,T.CD8,treatment.naive,New,4129,396870,3917,8788.543025102344
cy79_p4_CD45_pos_PD1_pos_D07_S331_comb,Mel79,T.CD8,treatment.naive,Tirosh,3809,167966,3583,10248.410630280745
CY75_1FNA_A08_S488_comb,Mel75,Macrophage,post.treatment,Tirosh,5047,174522,4822,12691.082105577629
merck_cd45pos_PL3_S346,Mel194,T.CD4,post.treatment,New,4692,878441,4494,9259.215954874997
cy75_1B_CD45pos_S21,Mel75,T.cell,post.treatment,New,4429,535536,4254,8405.085618319235
cy98_CD45pos_2_S347,Mel98,T.cell,post.treatment,New,2937,190074,2757,6375.811377064617
cy75_1CORE_CD45pos_S55,Mel75,T.cell,post.treatment,New,4286,338466,4102,8263.839553570939
Merck_CD45pos_pl4_S43,Mel194,T.CD8,post.treatment,New,6329,1132816,6186,14136.524531636827
cy53_1_CD45_pos_2_A10_S970_comb,Mel53,Macrophage,treatment.naive,Tirosh,2518,125338,2303,6053.530075302937
cy53_1_CD45_pos_2_H06_S1050_comb,Mel53,NK,treatment.naive,Tirosh,5520,558927,5347,11020.691989025014
cy80_Cd45_pos_PD1_pos_B03_S39_comb,Mel80,T.CD4,treatment.naive,Tirosh,5173,164764,4980,12863.600478793138
CY89A_Core_15_G04_S76_comb,Mel89,B.cell,treatment.naive,Tirosh,3099,94678,2860,7798.260735316464
cy102_CD45pos_S259,Mel102,T.CD4,post.treatment,New,7142,704827,6960,14847.287417143154
cy112_CD45pos_S42,Mel112,T.CD4,treatment.naive,New,4271,1267073,4109,6519.332111887892
cy98_CD45pos_2_S351,Mel98,Macrophage,post.treatment,New,5629,1031350,5454,11176.799606024779
cy75_1CORE_CD45pos_S62,Mel75,T.CD8,post.treatment,New,4566,360859,4389,9233.238923181942
cy60_1_cd_45_pos_4_B10_S22_comb,Mel60,T.CD4,post.treatment,Tirosh,2579,47095,2388,8662.605078549168
cy58_1_CD45_pos_H04_S664_comb,Mel58,T.CD8,post.treatment,Tirosh,3677,57218,3450,10813.120267598064
cy80_Cd45_pos_Pd1_neg_S222_B06_S222_comb,Mel80,B.cell,treatment.naive,Tirosh,3911,64575,3693,10609.081397792475
cy79_p1_CD45_pos_PD1_neg_AS_C1_R2_G12_S564_comb,Mel79,B.cell,treatment.naive,Tirosh,4820,63161,4610,13165.719658569684
CY75_1_CD45_CD8_8__S380_comb_BCD8,Mel75,T.CD8,post.treatment,Tirosh,3724,288078,3507,8606.359869717875
cy106_CD45pos_S230,Mel106,B.cell,post.treatment,New,3768,838841,3626,5745.620047329854
cy79_p5_CD45_pos_PD1_pos_C05_S605_comb,Mel79,T.CD8,treatment.naive,Tirosh,3482,104751,3270,10136.675066360767
cy121.1_CD45pos_S343,Mel121.1,NK,post.treatment,New,4062,588210,3878,7383.625787501356
Merck_CD45pos_pl4_S75,Mel194,T.CD8,post.treatment,New,4537,770928,4426,9082.959167434437
cy79_p3_CD45_pos_PD1_pos_AS_C2_R1_F10_S454_comb,Mel79,T.CD8,treatment.naive,Tirosh,3191,76446,2991,9368.37642615582
cy98_CD45pos_CD8pos_S6,Mel98,?,post.treatment,New,3154,612936,2978,7920.327568480114
CY88CD45POS_2_F03_S447_comb,Mel88,T.CD8,post.treatment,Tirosh,3125,347980,2911,5178.466565339177
cy98_CD45pos_CD8pos_S2,Mel98,T.CD8,post.treatment,New,3707,798363,3555,6473.069442371383
cy94_cd45pos_4_H02_S86_comb,Mel94,T.cell,post.treatment,Tirosh,4188,299212,4000,8916.897644157361
Cy74_CD45_G06_S462_comb,Mel74,T.CD4,post.treatment,Tirosh,2797,93769,2602,8832.28589139981
cy80_CD45_pos_PD1_pos_F04_S160_comb,Mel80,NK,treatment.naive,Tirosh,2763,38599,2601,9188.745513944632
cy129PA_CD45neg_CD90neg_S183,Mel129pa,CAF,treatment.naive,New,2150,557748,2008,2447.9108549184793
Cy72_CD45_D06_S714_comb,Mel72,?,post.treatment,Tirosh,3550,161009,3347,8719.550865452393
Cy81_Bulk_CD45_A08_S104_comb,Mel81,?,treatment.naive,Tirosh,4321,428137,4081,9027.23411679551
cy79_p5_CD45_pos_PD1_pos_G05_S653_comb,Mel79,T.CD8,treatment.naive,Tirosh,2652,46330,2467,8408.520545755155
cy04.3_CD45pos_S60,Mel04.3,T.CD4,post.treatment,New,5145,192144,5013,11848.383437179073
MGH00478_CD45pos_1_S262,Mel478,T.CD4,treatment.naive,New,3955,495122,3752,7416.531502710689
CY88CD45POS_7_C05_S221_comb,Mel88,T.cell,post.treatment,Tirosh,5434,481878,5223,10257.89531235085
cy129PA_CD45pos_S26,Mel129pa,T.CD8,treatment.naive,New,4263,698882,4059,7868.451454960401
cy116_CD45pos_S324,Mel116,T.CD4,treatment.naive,New,4890,510819,4668,9535.510967675025
cy80_CD45_neg_C07_S415_comb,Mel80,T.cell,treatment.naive,Tirosh,4596,176738,4376,11704.736480030064
cy84_Met_CD45_pos_B08_S884_comb,Mel84,T.CD4,treatment.naive,Tirosh,2413,80523,2206,6733.6699932379515
cy82_CD45_pos_2_D09_S525_comb,Mel82,Macrophage,treatment.naive,Tirosh,3803,294129,3674,10608.00703141015
cy79_p4_CD45_pos_PD1_pos_F10_S358_comb,Mel79,T.CD4,treatment.naive,Tirosh,2966,135840,2769,7927.028006707178
Merck_CD45pos_pl4_S35,Mel194,T.cell,post.treatment,New,4571,604838,4419,9454.761550016225
CY89A_CD45_POS_6_G01_S169_comb,Mel89,B.cell,treatment.naive,Tirosh,2942,59196,2712,7845.0824070703475
cy84_Met_CD45_pos_A09_S873_comb,Mel84,T.cell,treatment.naive,Tirosh,2315,101566,2106,6535.535747839222
cy105_CD45pos_S226,Mel105,T.cell,treatment.naive,New,4926,458318,4775,10849.578105594934
cy98_CD45pos_2_S348,Mel98,T.CD8,post.treatment,New,4527,436642,4369,9765.725549829309
CY75_1_CD45_CD8_8__S334_comb_BCD8,Mel75,T.CD8,post.treatment,Tirosh,6424,174052,6276,16067.648810809535
cy121.1_CD45pos_S328,Mel121.1,T.cell,post.treatment,New,4096,457534,3901,7609.919664282624
cy103_CD45pos_S156,Mel103,T.CD4,treatment.naive,New,5004,364361,4796,10453.112956272616
cy75_1B_CD45pos_S86,Mel75,T.CD8,post.treatment,New,4243,283629,4014,8959.796430261775
cy58_1_CD45_pos_A03_S579_comb,Mel58,T.CD8,post.treatment,Tirosh,4207,175079,3989,9582.48930052303
cy82_CD45_pos_1_A07_S487_comb,Mel82,T.cell,treatment.naive,Tirosh,2914,114164,2696,7656.670945118578
merck_cd45pos_PL3_S289,Mel194,T.cell,post.treatment,New,9177,1514743,9062,17034.27931843608
cy79_p1_CD45_pos_PD1_pos_AS_C5_R1_C02_S218_comb,Mel79,T.CD8,treatment.naive,Tirosh,3405,37289,3260,11585.760296317447
cy80_Cd45_pos_PD1_pos_S189_H09_S189_comb,Mel80,T.CD4,treatment.naive,Tirosh,4577,65093,4349,13125.800846839104
cy04.3_CD45pos_S61,Mel04.3,T.cell,post.treatment,New,3348,282675,3144,6169.713917737297
cy98_CD45pos_2_S300,Mel98,T.CD8,post.treatment,New,4778,458827,4613,7408.85046604502
cy88_cd45pos_5_B03_S207_comb,Mel88,T.CD8,post.treatment,Tirosh,4437,392311,4216,10045.635212978123
cy74_CD45_pos_B05_S689_comb,Mel74,T.CD8,post.treatment,Tirosh,2931,47387,2798,10086.232194870401
cy98_CD45pos_CD8pos_S58,Mel98,T.CD8,post.treatment,New,5542,321118,5333,9858.234077264198
cy98_CD45pos_2_S308,Mel98,T.cell,post.treatment,New,3637,338579,3480,7863.19470181211
CY58_1_CD45_G07_S1039_comb,Mel58,T.CD8,post.treatment,Tirosh,2770,76010,2593,8701.058921841748
cy106_CD45pos_S318,Mel106,T.CD4,post.treatment,New,4202,826823,4046,6647.9175518498005
cy58_1_CD45_pos_H12_S672_comb,Mel58,T.cell,post.treatment,Tirosh,5398,22780,5155,15204.374924136675
cy94_cd45pos_4_B04_S16_comb,Mel94,B.cell,post.treatment,Tirosh,2392,25976,2226,8562.956687293366
cy121.1_CD45pos_S285,Mel121.1,T.cell,post.treatment,New,3620,1725732,3447,6524.77722027322
cy79_p1_CD45_pos_PD1_neg_AS_C1_R2_C03_S507_comb,Mel79,T.CD8,treatment.naive,Tirosh,3323,59161,3104,9915.278503177911
cy116_CD45pos_S318,Mel116,T.CD8,treatment.naive,New,4200,406225,4031,8751.586569209805
cy80_CD45_pos_PD1_pos_H06_S186_comb,Mel80,T.CD4,treatment.naive,Tirosh,3337,77350,3152,9628.541556111231
CY58_1_CD45_F11_S1031_comb,Mel58,T.cell,post.treatment,Tirosh,3259,141696,3064,8118.860394628184
cy88_cd_45_pos_F04_S448_comb,Mel88,T.CD8,post.treatment,Tirosh,2451,34275,2297,9061.242959985177
Merck_CD45pos_pl4_S59,Mel194,T.CD8,post.treatment,New,3808,264726,3600,9094.661645733748
CY89A_CD45_POS_10_B07_S211_comb,Mel89,T.CD8,treatment.naive,Tirosh,3194,65998,2995,9230.179205559392
cy80_CD45_pos_PD1_pos_D03_S135_comb,Mel80,T.cell,treatment.naive,Tirosh,4414,169785,4189,10693.513958624513
CY84_PRIM_POS_ALL_7_B04_S208_comb,Mel84,Macrophage,treatment.naive,Tirosh,3041,58210,2905,9858.829379604265
cy94_cd45pos_A12_S108_comb,Mel94,T.CD8,post.treatment,Tirosh,7141,697523,7031,13454.765591035684
cy60_1_cd_45_pos_4_C05_S29_comb,Mel60,T.CD8,post.treatment,Tirosh,2022,10161,1969,9309.27488561078
cy60_1_cd_45_pos_HC_pos_HLDAR_pos_B12_S984_comb,Mel60,B.cell,post.treatment,Tirosh,2230,39714,2060,7612.212944287555
MGH00478_CD45pos_2_S349,Mel478,B.cell,treatment.naive,New,4467,616787,4275,8737.376175357593
cy58_1_CD45_pos_A12_S588_comb,Mel58,T.CD4,post.treatment,Tirosh,2698,23027,2522,8809.905528664643
cy72_CD45_pos_D06_S906_comb,Mel72,T.cell,post.treatment,Tirosh,3146,69864,2910,8718.841150658884
cy80_Cd45_pos_Pd1_neg_S340_G04_S340_comb,Mel80,T.CD4,treatment.naive,Tirosh,2690,25130,2476,8894.754517019071
cy129PB_CD45pos_S274,Mel129pb,T.CD8,treatment.naive,New,2304,20479,2213,8807.340963569051
cy105_CD45pos_calceinpos_S3,Mel105,T.CD4,treatment.naive,New,3091,71286,2892,8252.757227711703
CY75_1_CD45_CD8_8__S355_comb_BCD8,Mel75,T.CD8,post.treatment,Tirosh,4621,274687,4441,11173.212273025285
cy60_1_cd_45_pos_HC_pos_HLDAR_pos_F09_S1029_comb,Mel60,B.cell,post.treatment,Tirosh,5072,175326,4910,14350.516127817273
MGH00478_CD45pos_1_S278,Mel478,T.CD4,treatment.naive,New,4333,652726,4161,8670.246571759912
CY75_1FNA_F07_S547_comb_5,Mel75,T.cell,post.treatment,Tirosh,2897,45278,2657,9180.587052124181
cy60_1_cd_45_pos_3_B12_S312_comb,Mel60,B.cell,post.treatment,Tirosh,2915,53996,2719,9063.297882327872
cy84_Primary_CD45_pos_G08_S464_comb,Mel84,T.CD8,treatment.naive,Tirosh,4941,360170,4751,12459.007827678935
cy80_Cd45_pos_Pd1_neg_S243_C03_S243_comb,Mel80,T.CD4,treatment.naive,Tirosh,4336,88415,4117,11534.05976896001
cy106_CD45pos_S269,Mel106,T.cell,post.treatment,New,2723,434623,2528,4217.4340545580035
cy112_CD45pos_S52,Mel112,T.cell,treatment.naive,New,3827,1122939,3672,6142.808976631084
CY75_1_CD45_CD8_3__S117_comb_BCD8,Mel75,T.CD8,post.treatment,Tirosh,4594,311903,4389,11425.701508604134
cy110_CD45pos_S366,Mel110,T.CD8,post.treatment,New,3228,125937,3016,8292.495544608293
Cy72_CD45_G08_S752_comb,Mel72,B.cell,post.treatment,Tirosh,3244,191430,3058,7459.484034209107
merck_cd45pos_PL3_S297,Mel194,T.CD8,post.treatment,New,6086,1612437,5973,12308.508677497735
cy126_CD45pos_2_S182,Mel126,T.CD8,post.treatment,New,4479,635937,4285,9268.942050891996
Cy72_CD45_B02_S686_comb,Mel72,T.CD4,post.treatment,Tirosh,2880,131244,2653,7299.294961362563
CY89FNA_G05_S269_comb,Mel89,B.cell,treatment.naive,Tirosh,2674,102942,2455,7023.408231582243
CY94CD45POS_1_D12_S144_comb,Mel94,T.CD8,post.treatment,Tirosh,2899,72306,2659,7397.9794761679395
cy126_CD45pos_1_S33,Mel126,T.CD8,post.treatment,New,4364,447452,4149,8805.76143863634
cy106_CD45pos_S283,Mel106,B.cell,post.treatment,New,4223,840726,4067,6754.933819533588
cy79_p1_CD45_pos_PD1_pos_AS_C5_R1_B03_S207_comb,Mel79,T.CD8,treatment.naive,Tirosh,2450,16912,2320,9803.265999675728
cy58_1_CD45_pos_B07_S595_comb,Mel58,T.CD4,post.treatment,Tirosh,2462,17558,2274,9039.276368473917
cy75_1CORE_CD45pos_S91,Mel75,T.cell,post.treatment,New,4783,420178,4589,10300.694289097648
CY84_PRIM_POS_ALL_6_A08_S392_comb,Mel84,T.CD8,treatment.naive,Tirosh,4231,151183,4029,11200.501914527209
cy128_CD45pos_S161,Mel128,Macrophage,treatment.naive,New,5219,1432784,5085,9180.468747366212
cy84_Met_CD45_pos_B07_S883_comb,Mel84,T.cell,treatment.naive,Tirosh,2672,94104,2474,7992.323562361202
cy75_1B_CORE_CD45neg_S142,Mel75,CAF,post.treatment,New,6386,360124,6201,13458.46437861291
cy105_CD45pos_calceinpos_S62,Mel105,T.CD8,treatment.naive,New,4533,587835,4363,8014.5460186219425
cy103_CD45pos_S152,Mel103,B.cell,treatment.naive,New,4487,397238,4298,8948.965423828391
cy60_1_cd_45_pos_HC_pos_HLDAR_pos_B03_S975_comb,Mel60,B.cell,post.treatment,Tirosh,2928,99213,2742,8410.32112199928
MGH00478_CD45pos_2_S289,Mel478,T.cell,treatment.naive,New,7649,735806,7481,14947.440571395984
cy112_CD45pos_S16,Mel112,B.cell,treatment.naive,New,4668,1933368,4524,7480.1451130192
cy80_CD45_pos_PD1_pos_F09_S165_comb,Mel80,T.cell,treatment.naive,Tirosh,3981,76773,3744,11340.999414301936
cy102_CD45pos_S257,Mel102,T.CD4,post.treatment,New,4447,535262,4266,9303.43949793109
cy110_CD45pos_S278,Mel110,Macrophage,post.treatment,New,4610,322735,4386,7842.727683316597
cy60_1_cd_45_pos_3_E07_S343_comb,Mel60,B.cell,post.treatment,Tirosh,5358,94608,5162,14393.3095890129
MGH00478_CD45pos_2_S344,Mel478,T.cell,treatment.naive,New,3886,400529,3676,8173.981443590112
CY75_1_CD45_CD8_3__S137_comb_BCD8,Mel75,T.CD8,post.treatment,Tirosh,6518,136965,6345,17605.098886040156
cy53_1_CD45_pos_2_C08_S992_comb,Mel53,T.CD8,treatment.naive,Tirosh,4225,175971,4021,10550.865830861834
cy98_CD45pos_2_S327,Mel98,T.CD8,post.treatment,New,5176,465539,4987,12004.047597417753
cy82_CD45_pos_2_G05_S557_comb,Mel82,?,treatment.naive,Tirosh,3981,266973,3899,10772.749697047297
cy72_CD45_pos_H06_S954_comb,Mel72,T.CD4,post.treatment,Tirosh,3285,62743,3062,9758.876992497033
Cy74_CD45_D10_S430_comb,Mel74,T.CD8,post.treatment,Tirosh,2314,104743,2126,5971.619042559321
cy129PB_CD45pos_S196,Mel129pb,T.CD4,treatment.naive,New,4099,694645,3894,6846.963454355073
MGH00478_CD45pos_1_S224,Mel478,T.CD4,treatment.naive,New,4479,608253,4291,9439.052404273702
cy102_CD45pos_S120,Mel102,T.CD8,post.treatment,New,7477,1383440,7326,14953.844049756004
Cy72_CD45_D09_S717_comb,Mel72,T.cell,post.treatment,Tirosh,2826,58112,2595,8079.286114333667
CY88CD45_150813_D05_S329_comb,Mel88,T.cell,post.treatment,Tirosh,3485,203224,3262,8448.652047422358
cy53_1_CD45_pos_2_F07_S1027_comb,Mel53,T.CD4,treatment.naive,Tirosh,4076,88319,3873,10914.727128239923
cy53_1_CD45_pos_2_F04_S1024_comb,Mel53,T.CD4,treatment.naive,Tirosh,4786,146175,4600,11022.276491573024
cy79_p5_CD45_pos_PD1_pos_A02_S578_comb,Mel79,T.CD8,treatment.naive,Tirosh,2876,50803,2707,9348.581055256576
cy129PA_CD45pos_S52,Mel129pa,Macrophage,treatment.naive,New,5647,769898,5449,11060.667735391624
cy88_cd_45_pos_3_F01_S637_comb,Mel88,Macrophage,post.treatment,Tirosh,4761,216421,4556,11804.675497522472
merck_cd45pos_PL3_S362,Mel194,T.CD8,post.treatment,New,4795,716348,4624,9546.056292359743
cy106_CD45pos_S333,Mel106,T.CD8,post.treatment,New,4841,946595,4692,8873.68723449081
Cy72_CD45_E12_S732_comb,Mel72,T.CD8,post.treatment,Tirosh,3415,117288,3209,8213.035002345525
cy98_CD45pos_2_S344,Mel98,T.CD8,post.treatment,New,3521,254695,3340,8610.972335656372
cy105_CD45pos_calceinpos_S66,Mel105,T.cell,treatment.naive,New,3608,457265,3430,6443.78727630538
cy103_CD45pos_S121,Mel103,T.CD8,treatment.naive,New,5144,648012,4986,10400.30033503702
cy79_p3_CD45_pos_PD1_pos_AS_C2_R1_F07_S451_comb,Mel79,T.cell,treatment.naive,Tirosh,2548,21524,2418,9511.604417983144
MGH00478_CD45pos_2_S302,Mel478,B.cell,treatment.naive,New,3125,493794,2948,5286.084259164867
cy79_p1_CD45_pos_PD1_neg_AS_C1_R2_C05_S509_comb,Mel79,B.cell,treatment.naive,Tirosh,3516,57513,3331,10385.737609698539
cy79_p3_CD45_pos_PD1_pos_AS_C2_R1_B07_S403_comb,Mel79,T.cell,treatment.naive,Tirosh,2496,10658,2393,9680.347928087645
cy105_CD45pos_calceinpos_S61,Mel105,T.CD8,treatment.naive,New,4316,759883,4165,7527.723209095062
cy105_CD45pos_calceinpos_S29,Mel105,T.CD4,treatment.naive,New,4041,620167,3877,7199.074086976124
merck_cd45pos_PL3_S327,Mel194,T.CD8,post.treatment,New,3779,341779,3585,8156.926474290842
CY94CD45POS_1_F08_S164_comb,Mel94,B.cell,post.treatment,Tirosh,3496,108532,3278,9255.926490142943
cy112_CD45pos_S58,Mel112,B.cell,treatment.naive,New,4534,1619425,4407,6772.370798182716
cy79_p1_CD45_pos_PD1_pos_AS_C5_R1_A02_S194_comb,Mel79,T.CD4,treatment.naive,Tirosh,2164,9756,2057,9242.351401296979
cy98_CD45pos_1_S219,Mel98,T.CD8,post.treatment,New,5285,1729435,5142,9973.006192505381
cy112_CD45pos_S295,Mel112,B.cell,treatment.naive,New,5716,816780,5612,11068.218639986702
cy60_1_cd_45_pos_3_G04_S364_comb,Mel60,T.cell,post.treatment,Tirosh,3596,116482,3383,10403.74084363255
cy126_CD45pos_1_S30,Mel126,T.CD8,post.treatment,New,4856,696704,4690,10139.875461276386
Cy71_CD45_G06_S558_comb,Mel71,T.CD4,treatment.naive,Tirosh,3168,139453,2966,8851.560434415278
cy53_1_CD45_pos_2_H04_S1048_comb,Mel53,T.CD4,treatment.naive,Tirosh,5063,432516,4868,9852.336712353945
cy121.1_CD45pos_S295,Mel121.1,T.CD4,post.treatment,New,4632,745364,4483,8190.432118622499
cy75_1B_CD45pos_S70,Mel75,T.cell,post.treatment,New,4748,590398,4568,8504.13538297567
cy79_p3_CD45_pos_PD1_pos_AS_C2_R1_G08_S464_comb,Mel79,T.CD4,treatment.naive,Tirosh,4244,84602,4051,12208.840625280289
CY75_1_CD45_CD8_7__S285_comb_BCD8,Mel75,T.CD8,post.treatment,Tirosh,5425,505285,5270,12277.825459602445
MGH00478_CD45pos_2_S361,Mel478,B.cell,treatment.naive,New,3721,629292,3508,6780.223670476758
cy106_CD45pos_S365,Mel106,T.CD8,post.treatment,New,5234,1395295,5094,9525.58128267236
cy79_p1_CD45_pos_PD1_neg_AS_C1_R2_E02_S530_comb,Mel79,B.cell,treatment.naive,Tirosh,2843,22256,2673,10129.936076973423
cy60_1_cd_45_pos_4_C04_S28_comb,Mel60,T.CD8,post.treatment,Tirosh,3096,74225,2870,9488.320707924153
cy102_CD45pos_S127,Mel102,T.CD4,post.treatment,New,5196,626800,5039,10770.13536314251
cy84_Primary_CD45_pos_E10_S442_comb,Mel84,B.cell,treatment.naive,Tirosh,4624,263614,4422,11120.811073760822
CY89A_CD45_POS_6_F10_S166_comb,Mel89,T.CD8,treatment.naive,Tirosh,2934,111303,2712,7937.832571598318
cy116_CD45pos_S349,Mel116,T.CD8,treatment.naive,New,4884,649651,4671,9919.465997323408
Cy72_CD45_C07_S703_comb,Mel72,T.cell,post.treatment,Tirosh,3309,216636,3104,7197.4011726400895
cy106_CD45pos_S345,Mel106,B.cell,post.treatment,New,4708,1056298,4566,7744.573924882732
CY75_1_CD45_CD8_8__S312_comb_BCD8,Mel75,T.CD8,post.treatment,Tirosh,6746,172019,6618,17970.5288197507
cy79_p4_CD45_pos_PD1_pos_A10_S298_comb,Mel79,T.CD8,treatment.naive,Tirosh,2172,81598,1974,6038.615622157515
cy82_CD45_pos_3_A03_S3_comb,Mel82,?,treatment.naive,Tirosh,2967,56984,2901,8834.615527365377
cy116_CD45pos_S356,Mel116,T.cell,treatment.naive,New,3695,316029,3499,7250.156809314631
Cy72_CD45_C05_S701_comb,Mel72,T.cell,post.treatment,Tirosh,3158,188477,2928,7345.305485058556
cy94_cd45pos_C03_S123_comb,Mel94,B.cell,post.treatment,Tirosh,4589,762680,4417,7678.658321653973
CY75_1_CD45_CD8_7__S288_comb_BCD8,Mel75,T.CD8,post.treatment,Tirosh,4004,405057,3832,8632.93186986983
cy58_1_CD45_pos_G11_S659_comb,Mel58,NK,post.treatment,Tirosh,2978,38711,2764,9190.985457031082
cy72_CD45_pos_H11_S959_comb,Mel72,T.CD4,post.treatment,Tirosh,3344,85794,3137,8963.033485474038
cy121.1_CD45pos_S292,Mel121.1,T.cell,post.treatment,New,6362,608309,6261,13665.102456810608
CY75_1_CD45_CD8_3__S186_comb_BCD8,Mel75,T.CD8,post.treatment,Tirosh,1809,201303,1729,6664.269947164223
cy126_CD45pos_1_S46,Mel126,T.CD8,post.treatment,New,4319,580705,4148,8393.640951029281
cy116_CD45pos_S313,Mel116,B.cell,treatment.naive,New,4739,639411,4595,9040.18447706112
cy116_CD45pos_S362,Mel116,B.cell,treatment.naive,New,4526,221718,4313,9320.847181522351
cy94_cd45pos_4_D12_S48_comb,Mel94,B.cell,post.treatment,Tirosh,5380,939650,5270,9874.0493122097
cy60_1_cd_45_pos_3_H12_S384_comb,Mel60,T.CD8,post.treatment,Tirosh,4912,171899,4710,14006.200959365367
cy102_CD45pos_S282,Mel102,T.cell,post.treatment,New,4706,624361,4509,9474.559520916548
cy98_CD45pos_CD8pos_S59,Mel98,T.CD8,post.treatment,New,5137,712897,4990,10268.055772958149
cy103_CD45pos_S185,Mel103,T.CD8,treatment.naive,New,5719,618651,5538,11432.881526978254
cy80_CD45_pos_PD1_pos_G04_S172_comb,Mel80,NK,treatment.naive,Tirosh,2733,36045,2583,9202.365064771355
cy105_CD45pos_S195,Mel105,T.CD4,treatment.naive,New,4215,218598,4044,9584.209873918293
Cy72_CD45_G01_S745_comb,Mel72,T.cell,post.treatment,Tirosh,2442,38571,2223,7410.216728233225
cy112_CD45pos_S47,Mel112,B.cell,treatment.naive,New,4176,867636,4027,6617.9322259038
cy79_p1_CD45_pos_PD1_pos_AS_C5_R1_C06_S222_comb,Mel79,T.cell,treatment.naive,Tirosh,4671,71557,4458,12949.525554386964
CY75_1_CD45_CD8_3__S156_comb_BCD8,Mel75,T.CD8,post.treatment,Tirosh,4988,299051,4819,11424.950022736139
CY94CD45POS_1_A01_S97_comb,Mel94,T.CD4,post.treatment,Tirosh,2614,31942,2425,9199.730146962067
cy79_p1_CD45_pos_PD1_pos_AS_C5_R1_D01_S229_comb,Mel79,T.CD8,treatment.naive,Tirosh,3305,44082,3107,10608.543337591786
Cy74_CD45_C06_S414_comb,Mel74,T.CD8,post.treatment,Tirosh,2891,138978,2687,7121.554984260834
cy80_Cd45_pos_Pd1_neg_S267_D03_S267_comb,Mel80,B.cell,treatment.naive,Tirosh,4007,78283,3759,10490.52593862756
cy105_CD45pos_S252,Mel105,T.CD4,treatment.naive,New,4258,265889,4045,9182.590332753842
cy80_CD45_pos_PD1_pos_E10_S154_comb,Mel80,T.CD4,treatment.naive,Tirosh,4374,167232,4155,10882.316593242245
cy53_1_CD45_pos_1_D09_S45_comb,Mel53,T.CD4,treatment.naive,Tirosh,3993,107125,3753,10087.662520167189
cy116_CD45pos_S310,Mel116,T.cell,treatment.naive,New,3593,293894,3377,6249.443698378512
cy84_Met_CD45_pos_A01_S865_comb,Mel84,Macrophage,treatment.naive,Tirosh,3882,332256,3679,9555.10515207076
cy116_CD45pos_S373,Mel116,T.cell,treatment.naive,New,3525,588972,3335,5305.1351750138165
cy60_1_cd_45_pos_4_E01_S49_comb,Mel60,Macrophage,post.treatment,Tirosh,3666,114455,3510,10796.36383993172
cy60_1_cd_45_pos_4_A10_S10_comb,Mel60,B.cell,post.treatment,Tirosh,3084,65129,2895,9823.947680958869
CY88CD45POS_7_D02_S230_comb,Mel88,T.CD8,post.treatment,Tirosh,4282,349370,4072,8277.44210473659
cy128_CD45pos_S136,Mel128,B.cell,treatment.naive,New,4345,1053776,4182,6913.459553260389
cy103_CD45pos_S172,Mel103,T.CD8,treatment.naive,New,4901,600928,4721,9577.925667373285
cy88_cd_45_pos_B11_S407_comb,Mel88,B.cell,post.treatment,Tirosh,2103,53150,1948,6161.399258330441
CY88CD45POS_2_B05_S401_comb,Mel88,T.CD4,post.treatment,Tirosh,4815,415174,4643,10493.586914014457
cy60_1_cd_45_pos_4_A11_S11_comb,Mel60,B.cell,post.treatment,Tirosh,3302,68748,3102,10011.377824458323
MGH00478_CD45pos_1_S252,Mel478,T.CD8,treatment.naive,New,4506,686275,4342,8959.607916138817
MGH00478_CD45pos_1_S198,Mel478,T.CD8,treatment.naive,New,4053,500499,3878,8178.997995538373
cy53_1_CD45_pos_1_A09_S9_comb,Mel53,NK,treatment.naive,Tirosh,5575,292225,5383,12661.733020012543
cy103_CD45pos_S115,Mel103,Macrophage,treatment.naive,New,4313,653725,4091,9503.721137730667
cy128_CD45pos_S116,Mel128,B.cell,treatment.naive,New,4716,1017799,4540,8762.110696302174
Cy81_FNA_CD45_F10_S262_comb,Mel81,T.CD8,treatment.naive,Tirosh,3456,336854,3242,7237.114527445997
cy121.1_CD45pos_S348,Mel121.1,T.cell,post.treatment,New,5240,387341,5119,10273.593482565713
Cy74_CD45_B06_S402_comb,Mel74,T.CD4,post.treatment,Tirosh,2796,130142,2605,7767.186513275097
cy79_p5_CD45_pos_PD1_pos_C01_S601_comb,Mel79,T.CD8,treatment.naive,Tirosh,4729,367597,4527,10762.650339158445
cy106_CD45pos_S210,Mel106,B.cell,post.treatment,New,4253,855822,4102,6907.740148584568
MGH00478_CD45pos_1_S261,Mel478,B.cell,treatment.naive,New,3795,492902,3597,6932.693665795097
cy88_cd_45_pos_D02_S422_comb,Mel88,T.CD8,post.treatment,Tirosh,2421,55103,2242,7827.1182332979815
cy72_CD45_pos_A08_S872_comb,Mel72,T.cell,post.treatment,Tirosh,3468,127108,3224,8930.451244524587
cy80_CD45_neg_E06_S438_comb,Mel80,T.cell,treatment.naive,Tirosh,4728,206107,4520,11678.838208294586
MGH00478_CD45pos_1_S217,Mel478,T.CD8,treatment.naive,New,4312,603820,4137,8322.33696133054
cy60_1_cd_45_pos_4_G10_S82_comb,Mel60,T.CD8,post.treatment,Tirosh,4004,140853,3822,12191.990183691958
cy98_CD45pos_CD8pos_S37,Mel98,T.CD8,post.treatment,New,5353,739766,5194,10231.296616370957
cy58_1_CD45_pos_H06_S666_comb,Mel58,T.CD8,post.treatment,Tirosh,3587,57162,3353,9919.95639897745
cy94_cd45pos_4_H11_S95_comb,Mel94,B.cell,post.treatment,Tirosh,4815,580949,4618,9117.07044835027
cy60_1_cd_45_pos_3_D05_S329_comb,Mel60,B.cell,post.treatment,Tirosh,2620,52981,2439,8510.394214321057
cy80_CD45_pos_PD1_pos_D12_S144_comb,Mel80,T.CD8,treatment.naive,Tirosh,3859,100513,3662,10699.802635445796
cy80_CD45_pos_PD1_pos_C06_S126_comb,Mel80,T.CD4,treatment.naive,Tirosh,3981,85886,3770,10715.941856093728
cy112_CD45pos_S88,Mel112,B.cell,treatment.naive,New,3868,1518187,3736,5788.433875033961
cy129PA_CD45pos_S85,Mel129pa,T.CD8,treatment.naive,New,3843,297508,3647,8846.849498693013
Cy81_Bulk_CD45_C08_S128_comb,Mel81,?,treatment.naive,Tirosh,3682,304999,3496,6597.785885051319
CY89A_CD45_POS_10_E10_S250_comb,Mel89,B.cell,treatment.naive,Tirosh,2358,27575,2218,7892.14861140766
CY94CD45POS_1_C05_S125_comb,Mel94,B.cell,post.treatment,Tirosh,5904,339468,5702,13615.29084559064
Merck_CD45pos_pl4_S51,Mel194,T.CD8,post.treatment,New,4709,1041919,4583,9110.709654777213
cy105_CD45pos_calceinpos_S71,Mel105,T.CD4,treatment.naive,New,4447,420630,4274,8904.589159188967
cy94_cd45neg_cd90pos_G08_S368_comb,Mel94,T.cell,post.treatment,Tirosh,9441,748883,9272,16574.66489036635
cy80_CD45_pos_PD1_pos_H07_S187_comb,Mel80,T.CD8,treatment.naive,Tirosh,2830,52535,2621,8239.767996443163
CY94CD45POS_1_D10_S142_comb,Mel94,T.CD4,post.treatment,Tirosh,3215,99006,2976,8312.706319369689
CY89COREQ1_F06_S354_comb,Mel89,Macrophage,treatment.naive,Tirosh,5854,377652,5646,12387.407777617527
CY84_PRIM_POS_ALL_8_G07_S175_comb,Mel84,?,treatment.naive,Tirosh,4121,242559,3917,10377.275481987654
cy129PB_CD45pos_S273,Mel129pb,Macrophage,treatment.naive,New,4715,2584591,4516,8222.708186751817
cy94_cd45pos_4_C11_S35_comb,Mel94,T.CD4,post.treatment,Tirosh,3308,124929,3072,8393.748868872397
cy80_CD45_pos_PD1_pos_G01_S169_comb,Mel80,T.CD4,treatment.naive,Tirosh,2515,34832,2354,8680.554648989357
cy58_1_CD45_pos_A02_S578_comb,Mel58,T.cell,post.treatment,Tirosh,5661,145600,5461,13340.661651578144
cy53_1_CD45_pos_2_G11_S1043_comb,Mel53,T.CD4,treatment.naive,Tirosh,5480,417953,5297,11945.84878677575
cy106_CD45pos_S321,Mel106,T.CD4,post.treatment,New,5340,1656194,5211,9155.02580205427
Cy72_CD45_H08_S764_comb,Mel72,T.CD4,post.treatment,Tirosh,3406,284178,3213,7074.051980149228
cy53_1_CD45_pos_2_E07_S1015_comb,Mel53,T.CD4,treatment.naive,Tirosh,4196,133230,3975,10765.452915929429
Cy72_CD45_E10_S730_comb,Mel72,T.cell,post.treatment,Tirosh,2537,37932,2324,8510.481195407712
Cy74_CD45_G10_S466_comb,Mel74,T.cell,post.treatment,Tirosh,2009,74994,1852,6841.817686640966
cy126_CD45pos_1_S39,Mel126,T.CD4,post.treatment,New,5201,1019715,5035,10485.365513522022
cy79_p3_CD45_pos_PD1_neg_G01_S169_comb,Mel79,B.cell,treatment.naive,Tirosh,3852,220332,3608,7747.599495433666
CY75_1_CD45_CD8_8__S353_comb_BCD8,Mel75,?,post.treatment,Tirosh,2156,118762,1987,5533.903607984952
cy126_CD45pos_2_S97,Mel126,Macrophage,post.treatment,New,5879,1421312,5724,12097.423925809915
cy79_p1_CD45_pos_PD1_neg_AS_C1_R2_E09_S537_comb,Mel79,B.cell,treatment.naive,Tirosh,2477,17334,2318,9337.24024912087
cy82_CD45_pos_2_B03_S495_comb,Mel82,?,treatment.naive,Tirosh,9012,472872,8816,17771.893602771364
cy79_p1_CD45_pos_PD1_pos_AS_C5_R1_C07_S223_comb,Mel79,T.CD8,treatment.naive,Tirosh,2058,13302,1861,7777.055504915699
CY89A_Core_15_H06_S90_comb,Mel89,T.CD8,treatment.naive,Tirosh,4243,275763,4024,9396.219583788961
CY75_1_CD45_CD8_3__S175_comb_BCD8,Mel75,T.CD8,post.treatment,Tirosh,3557,151818,3378,9312.58753905693
cy98_CD45pos_CD8pos_S90,Mel98,T.CD8,post.treatment,New,4905,678123,4748,9928.321344234155
cy103_CD45pos_S133,Mel103,B.cell,treatment.naive,New,4841,667300,4682,8497.228241177047
cy75_1B_CD45pos_S87,Mel75,T.cell,post.treatment,New,3958,300084,3771,7730.531129084646
cy105_Zombineg_CD45neg_CD90neg_S104,Mel105,Endo.,treatment.naive,New,6288,878408,6148,11828.363929468753
cy105_CD45pos_calceinpos_S7,Mel105,T.cell,treatment.naive,New,4366,383401,4194,8403.899186152465
cy98_CD45pos_CD8pos_S79,Mel98,T.cell,post.treatment,New,6694,662046,6523,14075.879634621419
CY89COREQ1_E10_S346_comb,Mel89,?,treatment.naive,Tirosh,4195,178443,3958,10425.085460660077
cy103_CD45pos_S160,Mel103,T.CD8,treatment.naive,New,4393,357970,4200,8939.171965727737
cy116_CD45pos_S376,Mel116,T.CD8,treatment.naive,New,4259,416057,4048,8983.18274277134
cy103_CD45pos_S146,Mel103,T.CD8,treatment.naive,New,4551,330111,4354,9445.828114011245
cy80_CD45_neg_H07_S475_comb,Mel80,T.CD8,treatment.naive,Tirosh,3345,133717,3143,9691.589959974137
cy75_1CORE_CD45pos_S70,Mel75,T.CD8,post.treatment,New,4461,383151,4273,9348.104786549156
CY75_1_CD45_CD8_8__S376_comb_BCD8,Mel75,T.CD8,post.treatment,Tirosh,3280,114310,3074,9117.118758759854
cy60_1_cd_45_pos_HC_pos_HLDAR_pos_E05_S1013_comb,Mel60,B.cell,post.treatment,Tirosh,4432,31141,4229,15307.6725904329
Merck_CD45pos_pl4_S63,Mel194,T.CD8,post.treatment,New,5382,976757,5246,11622.481310583344
cy121.1_CD45pos_S351,Mel121.1,NK,post.treatment,New,4750,888464,4564,8512.236381831211
cy79_p4_CD45_pos_PD1_pos_D06_S330_comb,Mel79,T.CD4,treatment.naive,Tirosh,3602,182888,3388,8528.435216640944
monika_D1_S126_comb_BCD8_3,Mel75,T.CD8,post.treatment,Tirosh,4973,906281,4817,7544.893750285056
Cy71_CD45_D12_S528_comb,Mel71,T.CD8,treatment.naive,Tirosh,2955,104947,2713,7972.04625690832
cy106_CD45neg_CD90neg_S357_15,Mel106,CAF,post.treatment,New,3742,3538296,3595,8630.785475338776
cy110_CD45pos_S231,Mel110,Macrophage,post.treatment,New,6464,1526682,6273,10998.234644102464
CY94CD45POS_1_F07_S163_comb,Mel94,B.cell,post.treatment,Tirosh,2557,20179,2403,9288.702439239689
cy60_1_cd_45_pos_4_H07_S91_comb,Mel60,T.CD8,post.treatment,Tirosh,2955,94186,2729,8625.151300345387
CY75_1_CD45_CD8_7__S262_comb_BCD8,Mel75,T.CD8,post.treatment,Tirosh,5139,435763,4983,11219.271415580852
cy103_CD45pos_S173,Mel103,T.CD8,treatment.naive,New,4642,435380,4446,9464.678614635071
cy102_CD45pos_S224,Mel102,Macrophage,post.treatment,New,7216,638591,7009,13503.780726890462
cy121.1_CD45pos_S303,Mel121.1,T.CD4,post.treatment,New,4522,476741,4371,7820.339751222258
cy80_Cd45_pos_Pd1_neg_S194_A02_S194_comb,Mel80,T.CD4,treatment.naive,Tirosh,2923,44114,2709,9154.899360781837
cy60_1_cd_45_pos_3_B07_S307_comb,Mel60,T.CD4,post.treatment,Tirosh,3660,131072,3454,10904.307025195807
cy80_Cd45_pos_PD1_pos_A04_S16_comb,Mel80,T.CD4,treatment.naive,Tirosh,4460,135878,4249,11260.93216606295
CY84_PRIM_POS_ALL_8_E11_S155_comb,Mel84,?,treatment.naive,Tirosh,3262,262813,3029,5347.043814983214
cy80_Cd45_pos_PD1_pos_S110_E02_S110_comb,Mel80,T.cell,treatment.naive,Tirosh,4024,77908,3788,11645.958998823928
CY58_1_CD45_G12_S1044_comb,Mel58,?,post.treatment,Tirosh,2461,68975,2266,7023.713008281315
cy79_p5_CD45_pos_PD1_pos_E08_S632_comb,Mel79,T.CD8,treatment.naive,Tirosh,4213,43958,3986,12117.004100168913
cy112_CD45pos_S9,Mel112,T.cell,treatment.naive,New,4282,648236,4108,7218.668744062312
cy128_CD45pos_S187,Mel128,B.cell,treatment.naive,New,3793,842046,3596,5765.454955232541
CY94CD45POS_1_G05_S173_comb,Mel94,B.cell,post.treatment,Tirosh,9438,248048,9313,20826.726802684134
Cy71_CD45_D05_S521_comb,Mel71,T.CD8,treatment.naive,Tirosh,2088,30157,1941,7978.074948481297
cy80_Cd45_pos_PD1_pos_D06_S90_comb,Mel80,T.cell,treatment.naive,Tirosh,3907,68083,3696,10733.144403505277
cy112_CD45pos_S17,Mel112,T.CD4,treatment.naive,New,4506,1696212,4364,7016.498284670937
cy121.1_CD45pos_S310,Mel121.1,Macrophage,post.treatment,New,5802,1600038,5661,10472.969421540278
cy103_CD45pos_S110,Mel103,T.CD8,treatment.naive,New,6163,504537,5989,13366.141992708743
cy79_p5_CD45_pos_PD1_pos_E05_S629_comb,Mel79,T.CD8,treatment.naive,Tirosh,3360,61937,3187,9847.819858095758
cy53_1_CD45_pos_2_D03_S999_comb,Mel53,T.CD8,treatment.naive,Tirosh,5642,546750,5483,11755.217043363646
cy88_cd_45_pos_F02_S446_comb,Mel88,NK,post.treatment,Tirosh,3281,65479,3094,10526.751445310147
cy105_CD45neg_S276,Mel105,?,treatment.naive,New,2270,213475,2098,4030.793669262541
cy75_1B_CD45pos_S30,Mel75,T.CD8,post.treatment,New,4577,431333,4421,8655.077341797936
Merck_CD45pos_pl4_S44,Mel194,T.CD8,post.treatment,New,4641,853425,4509,9900.148318269381
cy75_1CORE_CD45pos_S15,Mel75,T.CD8,post.treatment,New,5357,577845,5184,10586.824699815026
cy105_Zombineg_CD45neg_CD90neg_S171,Mel105,Endo.,treatment.naive,New,6872,762166,6720,12826.720386067687
cy106_CD45pos_S355,Mel106,B.cell,post.treatment,New,4429,781643,4277,7432.161047907807
cy106_CD45pos_S242,Mel106,B.cell,post.treatment,New,4972,1274658,4847,8452.253467415121
cy105_CD45pos_S206,Mel105,B.cell,treatment.naive,New,4637,373915,4451,9461.56866758258
cy79_p4_CD45_pos_PD1_pos_H12_S384_comb,Mel79,T.cell,treatment.naive,Tirosh,2064,4200,1997,9038.993192989738
CY89A_CD45_POS_6_E04_S148_comb,Mel89,T.CD8,treatment.naive,Tirosh,3449,20173,3196,12577.186371676296
cy98_CD45pos_2_S365,Mel98,T.cell,post.treatment,New,4197,652246,4026,8371.55777311008
cy79_p5_CD45_neg_PDL1_pos_F04_S736_comb,Mel79,Endo.,treatment.naive,Tirosh,3369,49860,3165,8592.062211283097
Cy81_Bulk_CD45_G08_S176_comb,Mel81,CAF,treatment.naive,Tirosh,3296,275147,3086,5662.194389464867
cy04.3_CD45pos_S16,Mel04.3,T.CD8,post.treatment,New,4359,1135461,4195,8020.878336784435
cy60_1_cd_45_pos_3_C03_S315_comb,Mel60,T.CD8,post.treatment,Tirosh,3240,85331,3070,10105.42250874069
MGH00478_CD45pos_1_S272,Mel478,T.CD4,treatment.naive,New,3856,466989,3660,7741.694495928344
cy105_CD45pos_calceinpos_S26,Mel105,T.CD4,treatment.naive,New,3456,188125,3256,8075.778713334014
CY89A_CD45_POS_6_H09_S189_comb,Mel89,B.cell,treatment.naive,Tirosh,3016,36931,2771,8754.782154406073
cy103_CD45pos_S166,Mel103,B.cell,treatment.naive,New,6062,598102,5868,11373.272257503988
cy105_CD45pos_calceinpos_S45,Mel105,T.cell,treatment.naive,New,2893,115496,2709,7754.109377666113
cy129PA_CD45pos_S70,Mel129pa,Macrophage,treatment.naive,New,6305,1143380,6107,10754.244786257099
MGH00478_CD45pos_2_S382,Mel478,T.CD8,treatment.naive,New,2944,379438,2757,6175.484875340769
cy80_CD45_neg_C08_S416_comb,Mel80,?,treatment.naive,Tirosh,4735,176877,4519,11802.394563713595
cy110_CD45pos_S313,Mel110,Macrophage,post.treatment,New,7044,1003661,6862,12547.45808364877
cy126_CD45pos_1_S62,Mel126,T.CD4,post.treatment,New,4618,535959,4451,9395.439152288873
MGH00478_CD45pos_1_S267,Mel478,B.cell,treatment.naive,New,3749,456967,3556,6730.401880205832
Merck_CD45pos_pl4_S91,Mel194,Macrophage,post.treatment,New,5879,1102826,5729,12094.048804347189
Cy74_CD45_D09_S429_comb,Mel74,T.cell,post.treatment,Tirosh,2747,117030,2524,6796.434177480023
cy72_CD45_pos_D03_S903_comb,Mel72,T.CD8,post.treatment,Tirosh,3331,73077,3127,8953.382212871344
cy98_CD45pos_1_S231,Mel98,T.cell,post.treatment,New,4177,593510,3976,8624.183126120517
cy129PA_CD45neg_CD90neg_S157,Mel129pa,?,treatment.naive,New,2666,559606,2479,3490.6758971873223
cy79_p1_CD45_pos_PD1_pos_AS_C5_R1_G04_S268_comb,Mel79,T.CD8,treatment.naive,Tirosh,3266,29268,3091,11069.764958613796
cy98_CD45pos_CD8pos_S52,Mel98,T.CD8,post.treatment,New,4514,1537321,4358,9242.000597978977
cy116_CD45pos_S291,Mel116,T.CD8,treatment.naive,New,4015,382122,3825,8039.924741630704
Cy81_FNA_CD45_A07_S199_comb,Mel81,T.cell,treatment.naive,Tirosh,2340,83258,2143,6527.966405574933
cy98_CD45pos_CD8pos_S93,Mel98,T.CD8,post.treatment,New,4647,267551,4466,10426.82550200406
cy110_CD45pos_S339,Mel110,Macrophage,post.treatment,New,5499,849101,5337,10274.256359453057
cy80_Cd45_pos_PD1_pos_S187_H07_S187_comb,Mel80,T.CD8,treatment.naive,Tirosh,5408,106512,5180,14368.898066893205
cy58_1_CD45_pos_E07_S631_comb,Mel58,T.cell,post.treatment,Tirosh,3978,94217,3745,10155.634845621615
cy79_p1_CD45_pos_PD1_pos_AS_C5_R1_G06_S270_comb,Mel79,T.CD4,treatment.naive,Tirosh,3821,46494,3636,12128.35256607175
merck_cd45pos_PL3_S311,Mel194,T.cell,post.treatment,New,5698,1391570,5556,11073.598356920898
cy79_p1_CD45_pos_PD1_pos_AS_C5_R1_G05_S269_comb,Mel79,T.CD8,treatment.naive,Tirosh,3642,45897,3455,11567.955168226594
cy60_1_cd_45_pos_4_D10_S46_comb,Mel60,T.CD8,post.treatment,Tirosh,3207,43220,3047,11100.809396917153
cy102_CD45pos_S183,Mel102,T.CD8,post.treatment,New,5559,987539,5379,10870.777327830952
cy60_1_cd_45_pos_4_B08_S20_comb,Mel60,NK,post.treatment,Tirosh,3161,66485,2924,9999.624533094122
cy79_p5_CD45_pos_PD1_pos_D10_S622_comb,Mel79,T.CD8,treatment.naive,Tirosh,3237,76701,3048,10048.599493385287
cy79_p4_CD45_pos_PD1_pos_C07_S319_comb,Mel79,T.CD8,treatment.naive,Tirosh,4638,237320,4410,11865.19069598275
CY89FNA_D05_S233_comb,Mel89,?,treatment.naive,Tirosh,4054,113651,3821,11048.8636115622
cy105_CD45neg_S198,Mel105,?,treatment.naive,New,2138,289130,1975,4576.899507936761
Cy72_CD45_H04_S760_comb,Mel72,?,post.treatment,Tirosh,3076,167530,2839,7015.163554334691
cy128_CD45pos_S97,Mel128,B.cell,treatment.naive,New,5296,1114937,5145,9546.87612182218
cy75_1B_CD45pos_S45,Mel75,T.CD8,post.treatment,New,4609,544089,4448,8551.961731231231
cy129PB_CD45pos_S226,Mel129pb,T.CD8,treatment.naive,New,4874,1984444,4709,6671.099607881989
cy79_p5_CD45_pos_PD1_pos_D04_S616_comb,Mel79,T.CD8,treatment.naive,Tirosh,3238,78196,3025,9147.732657391458
cy129PB_CD45pos_S237,Mel129pb,T.CD8,treatment.naive,New,4073,201075,3856,9519.814630914549
cy60_1_cd_45_pos_3_H04_S376_comb,Mel60,T.CD8,post.treatment,Tirosh,2797,76528,2589,8803.01793499804
cy129PA_CD45neg_CD90neg_S132,Mel129pa,CAF,treatment.naive,New,2412,69537,2220,4771.443018476946
cy80_Cd45_pos_PD1_pos_B06_S42_comb,Mel80,T.cell,treatment.naive,Tirosh,4696,168935,4456,11489.344667352712
cy82_CD45_pos_1_C04_S508_comb,Mel82,T.CD8,treatment.naive,Tirosh,2566,139891,2338,5949.145829384617
cy75_1CORE_CD45pos_S61,Mel75,T.cell,post.treatment,New,4047,265380,3865,8336.375831118794
cy106_CD45neg_S291,Mel106,?,post.treatment,New,2256,8286,2100,9633.46451739666
cy98_CD45pos_1_S226,Mel98,T.CD4,post.treatment,New,4951,1489322,4806,8779.797339832798
MGH00478_CD45pos_2_S354,Mel478,B.cell,treatment.naive,New,3689,538258,3486,7107.187034783568
CY89A_CD45_POS_10_H07_S283_comb,Mel89,T.CD4,treatment.naive,Tirosh,3302,56379,3120,9633.294969333621
cy84_Primary_CD45_pos_H08_S476_comb,Mel84,B.cell,treatment.naive,Tirosh,5846,370552,5637,13346.185937086037
cy72_CD45_pos_H08_S956_comb,Mel72,NK,post.treatment,Tirosh,5014,123362,4805,13089.624964948925
cy112_CD45pos_S330,Mel112,T.CD8,treatment.naive,New,5200,1862045,5068,9204.028972960537
CY89A_CD45_POS_10_E06_S246_comb,Mel89,Macrophage,treatment.naive,Tirosh,8263,99084,8045,15515.932744770049
cy04.3_CD45pos_S14,Mel04.3,T.CD8,post.treatment,New,4417,671184,4260,7165.70013214913
monika_E10_S135_comb_BCD8_3,Mel75,T.CD8,post.treatment,Tirosh,5231,1088678,5099,8872.669513767014
cy88_cd_45_pos_F03_S447_comb,Mel88,T.CD8,post.treatment,Tirosh,3441,109482,3227,9869.516687820098
cy105_Zombineg_CD45neg_CD90neg_S183,Mel105,?,treatment.naive,New,2298,417261,2103,4344.013264009498
Merck_CD45pos_pl4_S79,Mel194,T.CD8,post.treatment,New,4410,561004,4282,9501.193983689278
cy105_CD45pos_calceinpos_S41,Mel105,B.cell,treatment.naive,New,4026,529713,3848,7283.858355183342
CY88CD45POS_7_F09_S261_comb,Mel88,Macrophage,post.treatment,Tirosh,3767,141452,3578,9362.762425120221
CY88CD45POS_2_G08_S464_comb,Mel88,Macrophage,post.treatment,Tirosh,4789,834434,4582,8331.976764676429
cy80_CD45_neg_F12_S456_comb,Mel80,?,treatment.naive,Tirosh,10712,253746,10548,17987.591097462293
cy80_CD45_neg_C06_S894_comb,Mel80,Endo.,treatment.naive,Tirosh,4699,29797,4595,14646.113379306504
Merck_CD45pos_pl4_S29,Mel194,T.CD4,post.treatment,New,4285,614483,4122,8769.374211748574
cy80_CD45_pos_PD1_pos_H10_S190_comb,Mel80,B.cell,treatment.naive,Tirosh,2626,31662,2460,8640.72453497069
CY89A_Core_15_D04_S40_comb,Mel89,B.cell,treatment.naive,Tirosh,3652,132685,3428,8703.201036327566
cy103_CD45pos_S97,Mel103,T.cell,treatment.naive,New,9391,623846,9243,15765.668624583077
CY75_1_CD45_CD8_7__S266_comb_BCD8,Mel75,T.cell,post.treatment,Tirosh,6285,475474,6177,13647.072838703923
cy112_CD45pos_S69,Mel112,T.CD8,treatment.naive,New,4489,1330330,4362,7516.783037416797
Merck_CD45pos_pl4_S82,Mel194,T.CD8,post.treatment,New,4819,964259,4691,9465.770286757841
cy80_CD45_neg_C05_S413_comb,Mel80,T.CD8,treatment.naive,Tirosh,2590,22936,2491,9910.93544181412
cy105_Zombineg_CD45neg_CD90neg_S122,Mel105,?,treatment.naive,New,2051,183821,1883,5438.901554156178
cy75_1B_CORE_CD45neg_S130,Mel75,CAF,post.treatment,New,7603,1605303,7471,13927.085893233816
cy129PB_CD45pos_S276,Mel129pb,?,treatment.naive,New,3984,149353,3836,9445.56790544778
cy106_CD45pos_S379,Mel106,B.cell,post.treatment,New,3874,560557,3703,6968.7032585831585
Merck_CD45pos_pl4_S85,Mel194,T.CD8,post.treatment,New,4976,937563,4839,10420.522877947815
cy60_1_cd_45_pos_HC_pos_HLDAR_pos_G07_S1039_comb,Mel60,B.cell,post.treatment,Tirosh,2882,112303,2689,8086.7019824610525
cy79_p4_CD45_pos_PD1_pos_D10_S334_comb,Mel79,T.CD8,treatment.naive,Tirosh,2924,110598,2715,8532.276119275673
cy84_Met_CD45_pos_F10_S934_comb,Mel84,T.CD8,treatment.naive,Tirosh,2373,62698,2224,8069.214855294773
cy75_1CORE_CD45pos_S71,Mel75,T.CD8,post.treatment,New,4398,288680,4212,9537.702704734736
merck_cd45pos_PL3_S359,Mel194,T.CD8,post.treatment,New,4663,951544,4513,9441.913957854951
MGH00478_CD45pos_1_S276,Mel478,T.CD8,treatment.naive,New,4164,525497,3967,7875.37041040387
cy102_CD45pos_S126,Mel102,Macrophage,post.treatment,New,4274,938679,4078,7477.282409484002
cy79_p3_CD45_pos_PD1_neg_F01_S157_comb,Mel79,B.cell,treatment.naive,Tirosh,3695,165647,3477,8190.063175638346
cy102_CD45pos_S271,Mel102,Macrophage,post.treatment,New,6613,843350,6427,13082.24773782713
CY84_PRIM_POS_ALL_7_F12_S264_comb,Mel84,Macrophage,treatment.naive,Tirosh,3337,321498,3121,7405.252574669553
CY58_1_CD45_G02_S1034_comb,Mel58,T.cell,post.treatment,Tirosh,2407,58062,2221,7283.024337686986
cy79_p5_CD45_pos_PD1_pos_G10_S658_comb,Mel79,T.CD8,treatment.naive,Tirosh,2865,52121,2683,9019.731788196932
cy82_CD45_pos_2_D04_S520_comb,Mel82,T.CD4,treatment.naive,Tirosh,4199,271286,3948,8948.931906065412
cy110_CD45pos_S373,Mel110,B.cell,post.treatment,New,2278,31709,2136,7015.4887481217
cy128_CD45pos_S117,Mel128,T.CD8,treatment.naive,New,4247,762459,4076,7305.3397735502695
cy80_CD45_neg_C08_S896_comb,Mel80,?,treatment.naive,Tirosh,3444,68616,3268,10293.805797659134
monika_E6_S140_comb_BCD8_3,Mel75,T.CD8,post.treatment,Tirosh,4687,630024,4541,8646.028575059365
CY89A_Core_15_A06_S6_comb,Mel89,T.CD8,treatment.naive,Tirosh,3058,54883,2887,9984.359077750472
cy105_Zombineg_CD45neg_CD90neg_S143,Mel105,Endo.,treatment.naive,New,6150,1022560,5943,12867.673305972108
Cy72_CD45_G11_S755_comb,Mel72,B.cell,post.treatment,Tirosh,4020,219212,3819,10183.18325750569
cy80_CD45_neg_A03_S387_comb,Mel80,T.CD8,treatment.naive,Tirosh,3071,117544,2826,8602.642238883755
CY89A_Core_15_D10_S46_comb,Mel89,T.CD8,treatment.naive,Tirosh,3890,154311,3660,9530.702312126836
cy126_CD45pos_1_S3,Mel126,T.CD4,post.treatment,New,3669,474318,3473,6650.498869777828
CY58_1_CD45_F06_S1026_comb,Mel58,T.CD4,post.treatment,Tirosh,4017,221300,3799,10658.446926856348
cy80_CD45_pos_PD1_pos_B04_S112_comb,Mel80,T.cell,treatment.naive,Tirosh,3838,83551,3651,11172.311322558307
CY75_1_CD45_CD8_3__S163_comb_BCD8,Mel75,T.CD8,post.treatment,Tirosh,4466,305561,4270,10830.054440196236
CY89A_Core_15_H03_S87_comb,Mel89,T.CD8,treatment.naive,Tirosh,3757,155393,3521,9436.191532830882
cy94_cd45pos_A04_S100_comb,Mel94,T.CD4,post.treatment,Tirosh,4081,269181,3861,8993.041532660027
cy74_CD45_pos_D01_S709_comb,Mel74,T.CD8,post.treatment,Tirosh,3688,156303,3480,9668.765699086347
cy129PA_CD45pos_S14,Mel129pa,Macrophage,treatment.naive,New,3254,1136675,3171,8548.942009524646
cy116_CD45pos_S329,Mel116,T.cell,treatment.naive,New,3544,309262,3365,6497.927107319105
merck_cd45pos_PL3_S313,Mel194,T.CD8,post.treatment,New,4746,758349,4599,9728.488793287881
cy105_CD45pos_S247,Mel105,B.cell,treatment.naive,New,4464,1077525,4313,7253.778683138428
cy82_CD45_pos_1_E08_S536_comb,Mel82,T.CD4,treatment.naive,Tirosh,5880,381769,5675,11964.847848342177
cy98_CD45pos_1_S215,Mel98,T.CD4,post.treatment,New,4688,1127492,4510,8778.85257367708
cy84_Primary_CD45_pos_A11_S395_comb,Mel84,B.cell,treatment.naive,Tirosh,4043,149099,3796,10308.592538604284
CY89FNAQ2_A06_S390_comb,Mel89,?,treatment.naive,Tirosh,6610,74363,6402,17297.31861368741
cy129PB_CD45pos_S288,Mel129pb,?,treatment.naive,New,4374,156867,4251,12019.891258190957
CY75_1_CD45_CD8_3__S126_comb_BCD8,Mel75,T.CD8,post.treatment,Tirosh,3611,137795,3417,9580.151260137773
Cy72_CD45_D08_S716_comb,Mel72,?,post.treatment,Tirosh,2940,163586,2722,6396.950236373505
CY89A_CD45_POS_6_D06_S138_comb,Mel89,T.cell,treatment.naive,Tirosh,3550,155461,3316,7103.2629411309
cy110_CD45pos_S336,Mel110,Macrophage,post.treatment,New,7781,1756730,7631,13007.187815103262
cy102_CD45pos_S204,Mel102,Macrophage,post.treatment,New,6893,382462,6676,13702.334709315097
cy94_cd45neg_cd90pos_G06_S366_comb,Mel94,T.CD4,post.treatment,Tirosh,5030,360318,4855,9454.70651044874
cy94_cd45pos_D07_S139_comb,Mel94,B.cell,post.treatment,Tirosh,5279,158644,5049,11595.395677038166
Cy72_CD45_E02_S722_comb,Mel72,?,post.treatment,Tirosh,2939,189042,2719,6795.205418650633
Cy81_FNA_CD45_A02_S194_comb,Mel81,T.CD4,treatment.naive,Tirosh,3888,466860,3702,7643.296406709739
cy60_1_cd_45_pos_4_C01_S25_comb,Mel60,T.CD8,post.treatment,Tirosh,3904,57889,3694,12505.949285917342
cy72_CD45_pos_H12_S960_comb,Mel72,B.cell,post.treatment,Tirosh,5648,23365,5433,15901.307902010303
Cy81_FNA_CD45_H09_S285_comb,Mel81,T.cell,treatment.naive,Tirosh,2837,189523,2639,5811.310177632417
cy98_CD45pos_2_S359,Mel98,T.cell,post.treatment,New,3492,300183,3288,6852.196809098543
Cy72_CD45_F12_S744_comb,Mel72,T.cell,post.treatment,Tirosh,3030,174671,2827,6832.929844048248
cy04.3_CD45pos_S74,Mel04.3,T.CD4,post.treatment,New,4063,709609,3897,7276.3102946982635
cy116_CD45pos_S336,Mel116,B.cell,treatment.naive,New,4209,504271,3980,6763.865886540542
cy98_CD45pos_1_S204,Mel98,T.CD4,post.treatment,New,4662,1030421,4494,8516.28142184026
cy79_p4_CD45_pos_PD1_pos_H10_S382_comb,Mel79,T.CD8,treatment.naive,Tirosh,2669,95593,2458,7131.061715365668
CY88CD45POS_7_G04_S268_comb,Mel88,Macrophage,post.treatment,Tirosh,8207,1786183,8059,13705.429229455116
CY84_PRIM_POS_ALL_7_C02_S218_comb,Mel84,?,treatment.naive,Tirosh,2090,64704,1896,5980.286443896372
cy128_CD45pos_S172,Mel128,B.cell,treatment.naive,New,4124,959944,3972,6752.095853251858
cy75_1CORE_CD45pos_S80,Mel75,T.CD8,post.treatment,New,4016,215292,3791,8430.976437095473
cy129PB_CD45pos_S265,Mel129pb,T.CD4,treatment.naive,New,3334,333591,3143,5825.482974252924
CY75_1_CD45_CD8_3__S107_comb_BCD8,Mel75,T.CD8,post.treatment,Tirosh,5197,433571,5013,11712.716905504793
cy103_CD45pos_S214,Mel103,Macrophage,treatment.naive,New,5814,1070199,5637,10529.902047223335
CY88CD45POS_7_B09_S213_comb,Mel88,T.CD4,post.treatment,Tirosh,6863,672764,6729,14635.423292829579
cy116_CD45pos_S293,Mel116,T.CD4,treatment.naive,New,3691,325417,3477,6652.281758057171
cy74_CD45_pos_G09_S753_comb,Mel74,T.CD4,post.treatment,Tirosh,5001,128605,4831,13142.403511421802
cy129PB_CD45pos_S281,Mel129pb,NK,treatment.naive,New,3238,35201,3012,10273.825585691635
cy80_CD45_neg_A12_S396_comb,Mel80,T.CD8,treatment.naive,Tirosh,2685,56059,2495,8777.867482869635
cy110_CD45pos_S375,Mel110,Macrophage,post.treatment,New,5924,1437819,5743,11012.853945379666
cy74_CD45_pos_B09_S693_comb,Mel74,T.CD8,post.treatment,Tirosh,2257,40509,2063,7448.600431767224
cy112_CD45pos_S57,Mel112,B.cell,treatment.naive,New,4757,1139542,4628,7638.549616291435
CY89A_Core_15_A09_S9_comb,Mel89,B.cell,treatment.naive,Tirosh,2865,54585,2654,8680.31026697184
CY89COREQ1_H09_S381_comb,Mel89,T.cell,treatment.naive,Tirosh,2339,23269,2183,8550.30331127036
CY88CD45_150813_D03_S327_comb,Mel88,Macrophage,post.treatment,Tirosh,6556,804038,6369,10588.433269792145
cy58_1_CD45_pos_H02_S662_comb,Mel58,T.cell,post.treatment,Tirosh,3670,105752,3456,8666.923351810517
cy110_CD45pos_S381,Mel110,Macrophage,post.treatment,New,6156,844932,5963,11410.971435837124
CY58_1_CD45_F05_S1025_comb,Mel58,T.CD8,post.treatment,Tirosh,2035,23361,1849,7629.0928118329075
cy80_CD45_pos_PD1_pos_C01_S121_comb,Mel80,T.cell,treatment.naive,Tirosh,3637,105182,3405,9861.98132354494
cy79_p4_CD45_neg_PDL1_neg_F01_S1117_comb,Mel79,T.CD8,treatment.naive,Tirosh,5840,190520,5605,10864.789182832128
cy129PA_CD45pos_S44,Mel129pa,T.CD8,treatment.naive,New,4246,597875,4030,8854.6978748722
cy98_CD45pos_1_S197,Mel98,T.CD8,post.treatment,New,4398,829698,4231,8108.277303079223
cy129PB_CD45pos_S264,Mel129pb,B.cell,treatment.naive,New,4938,1909584,4816,7330.277554999893
cy94_cd45pos_A11_S107_comb,Mel94,T.cell,post.treatment,Tirosh,4603,553573,4429,9032.880849135418
Cy72_CD45_H06_S762_comb,Mel72,T.cell,post.treatment,Tirosh,2898,115738,2686,7571.314470277033
cy79_p3_CD45_pos_PD1_neg_C06_S126_comb,Mel79,B.cell,treatment.naive,Tirosh,2051,14803,1931,7557.359435696224
cy126_CD45pos_1_S16,Mel126,T.CD8,post.treatment,New,3829,345003,3607,8517.44643188077
cy75_1CORE_CD45pos_S59,Mel75,T.CD8,post.treatment,New,4876,452955,4692,9697.883962580672
cy80_Cd45_pos_PD1_pos_S139_F07_S139_comb,Mel80,T.CD4,treatment.naive,Tirosh,5371,172389,5155,13385.780412534805
CY75_1_CD45_CD8_8__S299_comb_BCD8,Mel75,T.CD8,post.treatment,Tirosh,4599,227790,4414,11075.499702867102
cy60_1_cd_45_pos_3_A04_S292_comb,Mel60,B.cell,post.treatment,Tirosh,2679,60741,2494,8505.671702214577
CY89A_Core_15_B06_S18_comb,Mel89,T.CD8,treatment.naive,Tirosh,3739,134561,3520,9472.819318767153
cy60_1_cd_45_pos_4_C09_S33_comb,Mel60,B.cell,post.treatment,Tirosh,2778,45036,2564,8907.842171202401
cy60_1_cd_45_pos_3_G02_S362_comb,Mel60,B.cell,post.treatment,Tirosh,3247,102803,3017,8578.478680370596
CY88CD45_150813_F07_S355_comb,Mel88,Macrophage,post.treatment,Tirosh,5803,775813,5591,12185.469233597069
Cy71_CD45_F12_S552_comb,Mel71,T.CD8,treatment.naive,Tirosh,2560,85473,2371,7387.52176246973
cy60_1_cd_45_pos_3_H07_S379_comb,Mel60,B.cell,post.treatment,Tirosh,3260,94389,3061,9438.04293763141
CY94CD45POS_1_C08_S128_comb,Mel94,T.CD4,post.treatment,Tirosh,9025,980018,8865,17998.105335184824
cy88_cd_45_pos_G09_S465_comb,Mel88,Macrophage,post.treatment,Tirosh,4963,136615,4827,13429.152265375313
cy60_1_cd_45_pos_4_B07_S19_comb,Mel60,T.CD8,post.treatment,Tirosh,3061,78510,2848,9738.09726848943
CY89A_CD45_POS_10_E12_S252_comb,Mel89,T.CD4,treatment.naive,Tirosh,4669,79314,4453,13084.673488803342
cy72_CD45_pos_D10_S910_comb,Mel72,T.CD4,post.treatment,Tirosh,2525,36119,2361,8062.406685632699
cy94_cd45pos_B12_S120_comb,Mel94,B.cell,post.treatment,Tirosh,4041,354238,3843,7296.05632914823
cy79_p3_CD45_pos_PD1_pos_AS_C2_R1_G03_S459_comb,Mel79,T.CD8,treatment.naive,Tirosh,2356,22556,2214,8704.646117408894
cy105_Zombineg_CD45neg_CD90neg_S182,Mel105,?,treatment.naive,New,2511,318177,2320,4300.185617633917
CY75_1_CD45_CD8_1__S94_comb_BCD8,Mel75,T.CD8,post.treatment,Tirosh,3719,182936,3525,10051.273539736289
Merck_CD45pos_pl4_S48,Mel194,T.CD8,post.treatment,New,4448,703715,4298,8564.065101809043
cy75_1B_CD45pos_S88,Mel75,T.cell,post.treatment,New,4083,313121,3900,8009.746529045104
MGH00478_CD45pos_2_S358,Mel478,B.cell,treatment.naive,New,3126,408741,2929,5730.952093962785
merck_cd45pos_PL3_S308,Mel194,T.CD8,post.treatment,New,4489,830646,4328,7988.967781997286
Merck_CD45pos_pl4_S41,Mel194,T.CD8,post.treatment,New,5104,877505,4966,10763.773113978194
cy94_cd45neg_cd90pos_E11_S347_comb,Mel94,Endo.,post.treatment,Tirosh,7644,449391,7486,14520.571714438378
cy60_1_cd_45_pos_HC_pos_HLDAR_pos_C04_S988_comb,Mel60,B.cell,post.treatment,Tirosh,2931,56664,2732,9391.298501014513
cy79_p1_CD45_pos_PD1_neg_AS_C1_R2_D03_S519_comb,Mel79,B.cell,treatment.naive,Tirosh,2401,16391,2268,8886.122199406882
cy94_cd45neg_cd90pos_C03_S315_comb,Mel94,T.CD4,post.treatment,Tirosh,3881,283815,3637,7963.027693279477
cy72_CD45_pos_D12_S912_comb,Mel72,B.cell,post.treatment,Tirosh,3615,69056,3402,9730.677876454696
cy80_Cd45_pos_Pd1_neg_S271_D07_S271_comb,Mel80,B.cell,treatment.naive,Tirosh,3750,76289,3525,10369.497030247541
CY58_1_CD45_A08_S968_comb,Mel58,T.CD4,post.treatment,Tirosh,3588,226131,3385,8752.97307381353
cy53_1_CD45_pos_1_A05_S5_comb,Mel53,Macrophage,treatment.naive,Tirosh,6227,634542,6025,11518.86920661144
cy102_CD45pos_S239,Mel102,T.CD4,post.treatment,New,4302,285102,4100,9608.826352210399
cy79_p5_CD45_pos_PD1_pos_G08_S656_comb,Mel79,T.CD8,treatment.naive,Tirosh,3585,112731,3415,9886.094941242141
MGH00478_CD45pos_1_S206,Mel478,T.CD4,treatment.naive,New,4476,584036,4320,9134.687771056142
cy79_p5_CD45_pos_PD1_pos_H08_S668_comb,Mel79,T.CD8,treatment.naive,Tirosh,3810,135908,3592,9606.082179044715
Cy81_Bulk_CD45_C12_S132_comb,Mel81,?,treatment.naive,Tirosh,3200,172021,2994,6404.380580521949
cy79_p4_CD45_pos_PD1_pos_H05_S377_comb,Mel79,T.cell,treatment.naive,Tirosh,4390,187740,4158,10975.941804469012
cy79_p4_CD45_pos_PD1_pos_C04_S316_comb,Mel79,T.CD8,treatment.naive,Tirosh,3909,131753,3682,10067.264853838346
merck_cd45pos_PL3_S326,Mel194,T.CD4,post.treatment,New,4687,637171,4538,10395.611183438205
CY75_1_CD45_CD8_3__S182_comb_BCD8,Mel75,T.CD8,post.treatment,Tirosh,3803,186360,3610,9566.68437874881
cy82_CD45_pos_2_F11_S551_comb,Mel82,?,treatment.naive,Tirosh,10013,339173,9863,19710.66573348827
monika_E8_S142_comb_BCD8_3,Mel75,T.CD8,post.treatment,Tirosh,4579,590339,4395,8038.64533197087
cy106_CD45pos_S199,Mel106,T.cell,post.treatment,New,3827,630328,3604,5439.79606300508
cy80_Cd45_pos_PD1_pos_C04_S64_comb,Mel80,T.CD4,treatment.naive,Tirosh,5647,205178,5423,13594.040302472737
CY75_1_CD45_CD8_7__S199_comb_BCD8,Mel75,T.CD4,post.treatment,Tirosh,4083,256131,3890,9186.079302041344
cy80_Cd45_pos_PD1_pos_S181_H01_S181_comb,Mel80,T.cell,treatment.naive,Tirosh,4371,66969,4154,12507.921976456275
cy94_cd45pos_C09_S129_comb,Mel94,B.cell,post.treatment,Tirosh,4239,366289,4063,8237.348221682661
Merck_CD45pos_pl4_S33,Mel194,T.CD8,post.treatment,New,5039,944146,4904,10554.02439317159
cy53_1_CD45_pos_1_H10_S94_comb,Mel53,T.CD4,treatment.naive,Tirosh,4435,173154,4231,9959.522289764758
CY75_1_CD45_CD8_3__S162_comb_BCD8,Mel75,T.CD8,post.treatment,Tirosh,4341,117930,4128,10531.211431457696
cy126_CD45pos_2_S187,Mel126,T.CD8,post.treatment,New,4098,497731,3928,8187.269403462727
cy110_CD45pos_S274,Mel110,Macrophage,post.treatment,New,6723,1074499,6554,12512.496842754528
cy60_1_cd_45_pos_HC_pos_HLDAR_pos_F03_S1023_comb,Mel60,B.cell,post.treatment,Tirosh,2205,44684,2028,7490.344445800249
cy75_1B_CD45pos_S28,Mel75,T.CD8,post.treatment,New,4240,454648,4057,7715.194633319643
cy106_CD45pos_S194,Mel106,B.cell,post.treatment,New,3946,934650,3771,6095.87070790806
cy103_CD45pos_S280,Mel103,T.CD4,treatment.naive,New,4491,233981,4290,10622.868467123853
CY89A_CD45_POS_10_G11_S275_comb,Mel89,T.CD8,treatment.naive,Tirosh,3229,68323,3018,9189.284645996528
cy105_CD45pos_S231,Mel105,B.cell,treatment.naive,New,4104,601768,3938,7537.500373207401
cy102_CD45pos_S158,Mel102,T.CD4,post.treatment,New,6004,1204833,5843,12500.35167614184
CY89A_Core_15_E11_S59_comb,Mel89,B.cell,treatment.naive,Tirosh,2430,50956,2264,7283.099355281488
cy74_CD45_pos_D12_S720_comb,Mel74,T.CD8,post.treatment,Tirosh,2025,22025,1902,7937.146069664201
cy116_CD45pos_S315,Mel116,T.CD8,treatment.naive,New,4039,388455,3862,7892.29561223107
cy75_1CORE_CD45pos_S34,Mel75,T.CD8,post.treatment,New,4619,445930,4454,8897.898031564291
cy58_1_CD45_pos_H11_S671_comb,Mel58,Macrophage,post.treatment,Tirosh,8319,426163,8151,12122.344585643652
cy80_Cd45_pos_Pd1_neg_S251_C11_S251_comb,Mel80,T.cell,treatment.naive,Tirosh,4246,120617,4016,11138.45946922423
cy106_CD45pos_S213,Mel106,B.cell,post.treatment,New,3965,762168,3809,6014.466476770774
cy102_CD45pos_S209,Mel102,T.CD8,post.treatment,New,5237,503160,5056,10558.01813080605
cy102_CD45pos_S200,Mel102,T.cell,post.treatment,New,4587,305848,4375,9407.803940463331
cy121.1_CD45pos_S301,Mel121.1,T.CD8,post.treatment,New,3518,754624,3339,6651.82586075956
CY75_1_CD45_CD8_8__S378_comb_BCD8,Mel75,T.CD8,post.treatment,Tirosh,4233,372400,4041,9691.539970272052
CY88CD45POS_7_G02_S266_comb,Mel88,T.CD8,post.treatment,Tirosh,5106,323823,4916,11219.446857107594
Cy74_CD45_A08_S392_comb,Mel74,T.CD4,post.treatment,Tirosh,3540,114115,3321,9703.02979074561
CY84_PRIM_POS_ALL_6_G06_S462_comb,Mel84,Macrophage,treatment.naive,Tirosh,3304,141718,3057,8351.393953344033
CY75_1_CD45_CD8_3__S108_comb_BCD8,Mel75,T.CD8,post.treatment,Tirosh,7283,750902,7118,16188.066866816675
cy53_1_CD45_pos_1_H01_S85_comb,Mel53,T.CD8,treatment.naive,Tirosh,4638,204834,4429,10431.478442784377
cy102_CD45pos_S162,Mel102,T.CD4,post.treatment,New,6266,791015,6084,13542.151100469728
cy79_p1_CD45_pos_PD1_pos_AS_C5_R1_H01_S277_comb,Mel79,T.CD8,treatment.naive,Tirosh,3670,23890,3449,10525.330056746103
CY88CD45_150813_H07_S379_comb,Mel88,Macrophage,post.treatment,Tirosh,5429,1223442,5212,10615.792849427135
cy121.1_CD45pos_S329,Mel121.1,T.cell,post.treatment,New,4364,649426,4206,7629.678381880083
Cy81_FNA_CD45_D02_S230_comb,Mel81,T.cell,treatment.naive,Tirosh,3530,253098,3343,7298.241616408626
Cy72_CD45_E03_S723_comb,Mel72,T.CD4,post.treatment,Tirosh,3123,143308,2914,7743.0668061529705
Cy72_CD45_C12_S708_comb,Mel72,T.CD8,post.treatment,Tirosh,3560,237272,3398,7628.955601416133
cy112_CD45pos_S92,Mel112,T.CD4,treatment.naive,New,3726,665971,3565,5986.4882104538065
cy80_Cd45_pos_Pd1_neg_S201_A09_S201_comb,Mel80,B.cell,treatment.naive,Tirosh,4103,164185,3866,8837.827555496955
Cy74_CD45_E10_S442_comb,Mel74,?,post.treatment,Tirosh,2648,102158,2446,7207.003081870249
cy116_CD45pos_S327,Mel116,B.cell,treatment.naive,New,3469,233626,3269,6942.730091388861
cy60_1_cd_45_pos_3_G05_S365_comb,Mel60,T.CD4,post.treatment,Tirosh,2937,49385,2709,9069.907780310497
cy105_Zombineg_CD45neg_CD90neg_S147,Mel105,Endo.,treatment.naive,New,7085,1012922,6898,13820.485684264542
CY89COREQ1_H01_S373_comb,Mel89,B.cell,treatment.naive,Tirosh,2573,39749,2358,7837.163627280348
CY58_1_CD45_G03_S1035_comb,Mel58,T.CD8,post.treatment,Tirosh,2630,81618,2403,7679.739623604077
cy129PB_CD45pos_S286,Mel129pb,T.CD8,treatment.naive,New,5374,467333,5197,12232.484316648433
CY84_PRIM_POS_ALL_7_E07_S247_comb,Mel84,NK,treatment.naive,Tirosh,2173,67211,2003,6730.734470628707
cy84_Primary_CD45_pos_C07_S415_comb,Mel84,NK,treatment.naive,Tirosh,4019,145478,3794,11098.496220060239
MGH00478_CD45pos_1_S283,Mel478,T.CD8,treatment.naive,New,3778,421050,3594,7838.098325279523
cy103_CD45pos_S242,Mel103,Macrophage,treatment.naive,New,5219,545098,5051,11164.269441785345
cy80_Cd45_pos_Pd1_neg_S225_B09_S225_comb,Mel80,T.CD4,treatment.naive,Tirosh,3600,65763,3377,10168.968859975263
cy129PB_CD45pos_S211,Mel129pb,T.CD8,treatment.naive,New,4718,1241033,4602,8157.243707806811
cy116_CD45pos_S363,Mel116,T.cell,treatment.naive,New,3959,354133,3780,7934.506005998495
cy82_CD45_pos_2_G03_S555_comb,Mel82,T.cell,treatment.naive,Tirosh,4450,325595,4246,9827.298228202219
CY75_1_CD45_CD8_8__S294_comb_BCD8,Mel75,T.CD8,post.treatment,Tirosh,3451,184600,3271,8793.656366984651
cy110_CD45pos_S263,Mel110,T.CD8,post.treatment,New,4759,664914,4605,7911.967728134323
CY75_1_CD45_CD8_8__S295_comb_BCD8,Mel75,T.CD8,post.treatment,Tirosh,3498,156589,3312,9124.003929724124
cy80_Cd45_pos_PD1_pos_S192_H12_S192_comb,Mel80,T.cell,treatment.naive,Tirosh,12686,558907,12588,20771.676131839602
cy105_CD45pos_calceinpos_S87,Mel105,T.CD8,treatment.naive,New,4158,611390,3988,7764.8960813115245
CY88CD45_150813_C11_S323_comb,Mel88,?,post.treatment,Tirosh,4736,321810,4508,9554.26120242647
cy106_CD45pos_S256,Mel106,T.cell,post.treatment,New,3731,626487,3579,6491.555775633976
cy129PB_CD45pos_S285,Mel129pb,Macrophage,treatment.naive,New,3603,1636608,3457,8869.260750503354
cy60_1_cd_45_pos_3_E11_S347_comb,Mel60,Macrophage,post.treatment,Tirosh,2343,53552,2122,6847.499923366692
cy79_p1_CD45_pos_PD1_neg_AS_C1_R2_F03_S543_comb,Mel79,B.cell,treatment.naive,Tirosh,3084,26588,2915,10712.932756051767
cy94_cd45pos_C10_S130_comb,Mel94,T.CD4,post.treatment,Tirosh,4240,483964,4019,8619.30618105149
Merck_CD45pos_pl4_S80,Mel194,T.CD8,post.treatment,New,4427,698314,4272,8904.834104857933
Cy72_CD45_F11_S743_comb,Mel72,T.CD8,post.treatment,Tirosh,2414,37984,2195,7599.011051630205
CY75_1_CD45_CD8_7__S259_comb_BCD8,Mel75,T.CD8,post.treatment,Tirosh,6745,252568,6624,16829.20328792776
CY88CD45_150813_E02_S338_comb,Mel88,Macrophage,post.treatment,Tirosh,6880,1858315,6723,12614.023518641596
cy04.3_CD45pos_S48,Mel04.3,Macrophage,post.treatment,New,6513,204937,6426,16852.362411959628
cy88_cd_45_pos_F06_S450_comb,Mel88,B.cell,post.treatment,Tirosh,2499,43987,2323,8398.038934013224
cy79_p4_CD45_pos_PD1_pos_D01_S325_comb,Mel79,T.CD8,treatment.naive,Tirosh,2766,102767,2548,7139.070589761716
CY88CD45_150813_G02_S362_comb,Mel88,T.cell,post.treatment,Tirosh,4476,420065,4269,9447.440404743498
cy128_CD45pos_S180,Mel128,B.cell,treatment.naive,New,3603,629683,3446,5921.771396779508
cy82_CD45_pos_2_B10_S502_comb,Mel82,T.CD4,treatment.naive,Tirosh,3033,319204,2836,7805.966521268032
cy103_CD45pos_S184,Mel103,T.CD8,treatment.naive,New,5013,607038,4846,10194.587747011165
Cy81_FNA_CD45_G11_S275_comb,Mel81,B.cell,treatment.naive,Tirosh,4589,711516,4438,9376.810894554894
cy102_CD45pos_S278,Mel102,T.CD8,post.treatment,New,3351,459548,3155,6406.681295025621
cy53_1_CD45_pos_1_D04_S40_comb,Mel53,T.CD8,treatment.naive,Tirosh,5219,347852,5059,11289.522713415574
cy105_Zombineg_CD45neg_CD90neg_S123,Mel105,Endo.,treatment.naive,New,6952,738433,6794,13384.818954441205
cy82_CD45_pos_1_B12_S504_comb,Mel82,B.cell,treatment.naive,Tirosh,3655,280993,3446,7433.806534420385
cy116_CD45pos_S350,Mel116,T.CD8,treatment.naive,New,4210,337782,4013,9103.770797077046
cy121.1_CD45pos_S375,Mel121.1,T.CD8,post.treatment,New,4330,758481,4161,8087.010289150106
CY89COREQ1_E12_S348_comb,Mel89,T.cell,treatment.naive,Tirosh,2655,47705,2437,8105.91900748836
cy129PB_CD45pos_S208,Mel129pb,T.CD8,treatment.naive,New,4668,970247,4520,8238.444805496742
CY89COREQ1_C08_S320_comb,Mel89,B.cell,treatment.naive,Tirosh,3669,116584,3421,8349.37315912788
cy103_CD45pos_S100,Mel103,B.cell,treatment.naive,New,4152,269788,3927,8447.591857635463
cy110_CD45pos_S285,Mel110,Macrophage,post.treatment,New,7596,957627,7401,12973.38574599302
cy80_Cd45_pos_Pd1_neg_S344_G08_S344_comb,Mel80,T.CD4,treatment.naive,Tirosh,3458,59849,3247,10056.120795877563
cy106_CD45neg_S372,Mel106,?,post.treatment,New,1973,170318,1780,3518.8153095834214
cy84_Met_CD45_pos_A11_S875_comb,Mel84,T.cell,treatment.naive,Tirosh,2300,65816,2117,7384.887163651677
cy128_CD45pos_S178,Mel128,T.CD8,treatment.naive,New,7268,2155337,7127,13158.160482202175
cy75_1CORE_CD45pos_S49,Mel75,T.cell,post.treatment,New,3766,180559,3564,7908.5768926180535
CY75_1FNA_G06_S558_comb_8,Mel75,T.CD8,post.treatment,Tirosh,4184,84914,3931,11728.125097515047
cy79_p1_CD45_pos_PD1_neg_AS_C1_R2_C09_S513_comb,Mel79,T.CD4,treatment.naive,Tirosh,2831,36977,2667,9523.530615812957
cy75_1B_CORE_CD45neg_S168,Mel75,CAF,post.treatment,New,5898,1375864,5761,10719.581287683239
cy60_1_cd_45_pos_HC_pos_HLDAR_pos_H05_S1049_comb,Mel60,B.cell,post.treatment,Tirosh,3516,33922,3299,11162.815439900092
Cy74_CD45_E04_S436_comb,Mel74,T.CD8,post.treatment,Tirosh,3398,132775,3190,9933.910662083134
cy94_cd45neg_cd90pos_F09_S357_comb,Mel94,?,post.treatment,Tirosh,5755,244047,5567,13982.944971342647
cy80_cd_90_neg_C03_S123_comb,Mel80,?,treatment.naive,Tirosh,2178,271066,2132,8217.14309909075
cy94_cd45neg_cd90pos_B11_S311_comb,Mel94,T.CD4,post.treatment,Tirosh,5356,459582,5177,11801.93255499766
cy80_Cd45_pos_Pd1_neg_S297_E09_S297_comb,Mel80,B.cell,treatment.naive,Tirosh,4254,120894,4026,10721.769036308446
Cy74_CD45_H06_S474_comb,Mel74,T.CD8,post.treatment,Tirosh,3050,141976,2858,9311.307491727819
cy82_CD45_pos_2_A10_S490_comb,Mel82,T.CD4,treatment.naive,Tirosh,3919,210490,3716,10705.89123625367
CY75_1_CD45_CD8_8__S324_comb_BCD8,Mel75,T.CD8,post.treatment,Tirosh,4778,327549,4571,11475.573072999017
cy80_Cd45_pos_PD1_pos_C12_S72_comb,Mel80,T.CD4,treatment.naive,Tirosh,7003,266748,6793,14871.70763652631
cy112_CD45pos_S297,Mel112,T.cell,treatment.naive,New,5622,1298581,5524,10750.290221669638
cy102_CD45pos_S171,Mel102,T.CD4,post.treatment,New,7512,1535944,7371,14992.420552162515
Cy81_FNA_CD45_D01_S229_comb,Mel81,?,treatment.naive,Tirosh,3404,209866,3201,9042.514534935744
cy98_CD45pos_2_S340,Mel98,T.CD8,post.treatment,New,3800,504925,3604,7912.928830099055
CY88CD45POS_7_C09_S225_comb,Mel88,T.cell,post.treatment,Tirosh,5107,529669,4926,10816.051359538762
CY94CD45POS_1_B11_S119_comb,Mel94,T.cell,post.treatment,Tirosh,4297,354956,4093,8545.421728926874
cy74_CD45_pos_A10_S682_comb,Mel74,NK,post.treatment,Tirosh,3529,101121,3309,9763.849666080452
CY88CD45_150813_D01_S325_comb,Mel88,T.cell,post.treatment,Tirosh,3135,167746,2910,6752.880766940197
MGH00478_CD45pos_1_S245,Mel478,T.cell,treatment.naive,New,4613,805695,4427,9134.188346845642
cy98_CD45pos_1_S210,Mel98,T.CD8,post.treatment,New,4532,1392767,4365,8064.334159234327
cy105_CD45pos_S273,Mel105,T.cell,treatment.naive,New,3882,645966,3730,6511.757634376285
cy116_CD45pos_S357,Mel116,T.CD4,treatment.naive,New,3871,341249,3662,7598.840524381185
cy74_CD45_pos_C02_S698_comb,Mel74,T.CD4,post.treatment,Tirosh,3804,49965,3659,11489.512377317733
MGH00478_CD45pos_2_S315,Mel478,T.CD8,treatment.naive,New,3365,465864,3212,5870.57606057695
CY94CD45POS_1_F10_S166_comb,Mel94,B.cell,post.treatment,Tirosh,5435,291570,5219,11791.82888324803
Cy81_FNA_CD45_F04_S256_comb,Mel81,T.CD8,treatment.naive,Tirosh,2682,149513,2502,7401.2352089549695
cy75_1CORE_CD45pos_S14,Mel75,T.CD8,post.treatment,New,4457,311148,4273,9188.302858009178
cy82_CD45_pos_3_E02_S50_comb,Mel82,?,treatment.naive,Tirosh,4370,130858,4302,11045.183732187164
CY88CD45POS_7_E05_S245_comb,Mel88,T.cell,post.treatment,Tirosh,4862,398876,4671,10162.060457916828
cy94_cd45neg_cd90pos_C11_S323_comb,Mel94,?,post.treatment,Tirosh,3984,46322,3790,11148.227175629845
cy126_CD45pos_1_S59,Mel126,T.CD4,post.treatment,New,4381,512172,4180,8470.921715139275
CY75_1_CD45_CD8_3__S173_comb_BCD8,Mel75,T.CD8,post.treatment,Tirosh,3321,141180,3128,8728.7432881303
cy103_CD45pos_S236,Mel103,B.cell,treatment.naive,New,4572,571900,4388,8410.836795812133
cy106_CD45pos_S322,Mel106,T.CD8,post.treatment,New,5425,1117502,5253,9928.827259547856
cy79_p4_CD45_pos_PD1_pos_H02_S374_comb,Mel79,T.CD4,treatment.naive,Tirosh,4143,253713,3933,9824.700751901764
Merck_CD45pos_pl4_S39,Mel194,T.CD8,post.treatment,New,4929,1418106,4820,9714.822690805791
cy60_1_cd_45_pos_HC_pos_HLDAR_pos_F08_S1028_comb,Mel60,Macrophage,post.treatment,Tirosh,2841,86006,2672,9268.974973279117
cy60_1_cd_45_pos_3_C06_S318_comb,Mel60,T.CD8,post.treatment,Tirosh,3324,85417,3145,10647.07385321188
cy103_CD45pos_S111,Mel103,Macrophage,treatment.naive,New,1932,323340,1761,4724.400848776984
merck_cd45negcd90neg_PL3_S261,Mel194,?,post.treatment,New,1922,669018,1763,4854.909540563157
cy79_p3_CD45_pos_PD1_neg_B10_S118_comb,Mel79,B.cell,treatment.naive,Tirosh,2300,39946,2123,7035.105531863317
cy106_CD45pos_S348,Mel106,T.CD8,post.treatment,New,4763,806701,4602,8523.944811388019
CY89COREQ1_C12_S324_comb,Mel89,B.cell,treatment.naive,Tirosh,3233,105505,3016,8128.101198188226
cy82_CD45_neg_3_H02_S854_comb,Mel82,?,treatment.naive,Tirosh,2731,458626,2501,3724.01521900084
CY89A_Core_15_A07_S7_comb,Mel89,?,treatment.naive,Tirosh,2406,30851,2230,8223.724103493487
cy121.1_CD45pos_S340,Mel121.1,T.CD8,post.treatment,New,4305,675087,4145,8372.783037631292
cy74_CD45_pos_E10_S730_comb,Mel74,NK,post.treatment,Tirosh,2812,36136,2650,9601.08353715589
CY89A_CD45_POS_6_A08_S104_comb,Mel89,Macrophage,treatment.naive,Tirosh,3972,77015,3784,11332.809253288908
monika_E9_S143_comb_BCD8_3,Mel75,T.CD8,post.treatment,Tirosh,5508,1024516,5386,10116.122411608476
cy75_1B_CORE_CD45neg_S163,Mel75,CAF,post.treatment,New,2729,235938,2532,4022.150040118024
cy88_cd_45_pos_G02_S458_comb,Mel88,T.CD4,post.treatment,Tirosh,2646,40667,2510,10039.915917812645
CY75_1_CD45_CD8_3__S100_comb_BCD8,Mel75,T.CD8,post.treatment,Tirosh,4212,184056,4019,10804.863888474123
cy75_1B_CD45pos_S46,Mel75,T.CD8,post.treatment,New,4103,629619,3917,7080.141586924707
cy79_p4_CD45_pos_PD1_pos_D05_S329_comb,Mel79,T.CD8,treatment.naive,Tirosh,2726,126512,2503,5519.9978158345075
cy129PA_CD45pos_S53,Mel129pa,Macrophage,treatment.naive,New,4653,809880,4453,8910.052742113381
Cy74_CD45_G04_S460_comb,Mel74,T.CD8,post.treatment,Tirosh,2632,95771,2434,7119.244897325714
cy80_CD45_neg_A09_S393_comb,Mel80,T.cell,treatment.naive,Tirosh,4827,261230,4628,11432.616449873884
cy105_CD45neg_S283,Mel105,Endo.,treatment.naive,New,6331,1063006,6157,12193.983113205806
cy129PB_CD45pos_S209,Mel129pb,Macrophage,treatment.naive,New,5065,1202215,4881,9728.34522048044
cy78_CD45_neg_2_A06_S582_comb,Mel78,T.cell,post.treatment,Tirosh,3251,28826,3042,9537.31038267057
cy126_CD45pos_2_S184,Mel126,T.CD8,post.treatment,New,4191,670289,4009,8331.859751816137
cy53_1_CD45_pos_2_E03_S1011_comb,Mel53,Macrophage,treatment.naive,Tirosh,2920,17985,2822,10636.090232932082
CY89FNA_G03_S267_comb,Mel89,B.cell,treatment.naive,Tirosh,3167,140351,2929,7528.076345087991
cy80_Cd45_pos_PD1_pos_D08_S92_comb,Mel80,T.CD8,treatment.naive,Tirosh,3091,28016,2885,10546.232198393825
cy84_Primary_CD45_pos_E08_S440_comb,Mel84,T.cell,treatment.naive,Tirosh,3761,224543,3519,9471.30708756813
CY84_PRIM_POS_ALL_7_F11_S263_comb,Mel84,Endo.,treatment.naive,Tirosh,10913,445167,10750,18554.332125217727
cy74_CD45_pos_C01_S697_comb,Mel74,T.CD8,post.treatment,Tirosh,3258,39453,3078,10226.999358265035
cy94_cd45pos_4_C08_S32_comb,Mel94,B.cell,post.treatment,Tirosh,5027,192118,4808,12579.192516466595
cy79_p5_CD45_pos_PD1_pos_H12_S672_comb,Mel79,T.cell,treatment.naive,Tirosh,5511,24047,5345,16222.556869410313
cy110_CD45pos_S216,Mel110,T.CD8,post.treatment,New,4859,763468,4700,9247.57499867395
cy102_CD45pos_S237,Mel102,Macrophage,post.treatment,New,5468,525061,5278,11393.381583986918
cy88_cd_45_pos_3_C09_S609_comb,Mel88,T.cell,post.treatment,Tirosh,3136,119298,2922,8695.385366494473
CY89A_CD45_POS_6_F05_S161_comb,Mel89,B.cell,treatment.naive,Tirosh,3297,122249,3051,8190.333493727151
cy121.1_CD45pos_S352,Mel121.1,T.cell,post.treatment,New,3599,359176,3404,6814.6263464151625
CY75_1_CD45_CD8_8__S304_comb_BCD8,Mel75,T.CD8,post.treatment,Tirosh,4789,258098,4624,12144.197244002782
cy106_CD45pos_S201,Mel106,T.cell,post.treatment,New,3670,643587,3519,5210.960197475136
cy79_p3_CD45_pos_PD1_pos_AS_C2_R1_E08_S440_comb,Mel79,T.CD4,treatment.naive,Tirosh,2945,57728,2768,9306.830090016372
cy110_CD45pos_S355,Mel110,T.CD4,post.treatment,New,7193,1381240,7019,13974.415050587973
cy78_CD45_neg_2_A08_S584_comb,Mel78,B.cell,post.treatment,Tirosh,2121,12008,2002,8455.604588031416
cy60_1_cd_45_pos_4_C03_S27_comb,Mel60,T.CD4,post.treatment,Tirosh,4078,96956,3892,12068.687836739588
cy102_CD45pos_S189,Mel102,T.CD8,post.treatment,New,7203,989790,7058,14599.461721757983
cy103_CD45pos_S267,Mel103,T.CD8,treatment.naive,New,4939,404515,4778,11076.449440500919
cy110_CD45pos_S330,Mel110,Macrophage,post.treatment,New,5389,168907,5254,11382.978601821076
CY94CD45POS_1_D11_S143_comb,Mel94,T.cell,post.treatment,Tirosh,2787,66741,2562,8384.11617940732
cy80_Cd45_pos_Pd1_neg_S342_G06_S342_comb,Mel80,B.cell,treatment.naive,Tirosh,3207,33917,2998,10581.682806599878
monika_A6_S105_comb_BCD8_3,Mel75,T.CD8,post.treatment,Tirosh,5515,971174,5382,9804.222081146137
CY89A_CD45_POS_10_A02_S194_comb,Mel89,B.cell,treatment.naive,Tirosh,3313,60466,3054,8209.430883494788
CY94CD45POS_1_A05_S101_comb,Mel94,B.cell,post.treatment,Tirosh,2505,37984,2279,8240.576871106976
Cy74_CD45_H04_S472_comb,Mel74,T.CD8,post.treatment,Tirosh,2773,129435,2591,7463.480784936856
cy79_p1_CD45_pos_PD1_neg_AS_C1_R2_E08_S536_comb,Mel79,T.CD4,treatment.naive,Tirosh,2793,25060,2619,9928.559676633744
cy128_CD45pos_S147,Mel128,Macrophage,treatment.naive,New,5797,1600971,5640,10884.512142461635
MGH00478_CD45pos_2_S360,Mel478,T.CD4,treatment.naive,New,4949,847779,4760,10528.857642617553
cy102_CD45pos_S245,Mel102,T.cell,post.treatment,New,4165,543939,3989,8161.115679422818
CY89CORE11_G06_S174_comb,Mel89,?,treatment.naive,Tirosh,4257,173193,4011,9708.428580804892
cy94_cd45pos_B01_S109_comb,Mel94,B.cell,post.treatment,Tirosh,4087,310888,3856,8123.222247387885
cy98_CD45pos_CD8pos_S48,Mel98,Macrophage,post.treatment,New,7292,1341794,7103,13315.67889291349
cy72_CD45_pos_E05_S917_comb,Mel72,T.CD4,post.treatment,Tirosh,3469,105746,3238,8321.321829736287
cy98_CD45pos_CD8pos_S61,Mel98,T.CD8,post.treatment,New,5285,879149,5090,11118.053072392197
cy74_CD45_pos_A04_S676_comb,Mel74,T.CD8,post.treatment,Tirosh,4370,265287,4175,9762.525926826556
cy105_CD45pos_S229,Mel105,T.cell,treatment.naive,New,3821,244786,3607,7711.13006725612
CY89FNA_D07_S235_comb,Mel89,T.CD8,treatment.naive,Tirosh,2733,51339,2557,8993.116869274576
cy103_CD45pos_S139,Mel103,B.cell,treatment.naive,New,5622,546773,5464,10814.720767765572
cy98_CD45pos_CD8pos_S56,Mel98,T.CD8,post.treatment,New,4341,1066318,4182,8189.592786726695
cy112_CD45pos_S23,Mel112,B.cell,treatment.naive,New,4765,1492186,4640,7362.4171160085325
cy80_Cd45_pos_PD1_pos_D01_S85_comb,Mel80,T.CD4,treatment.naive,Tirosh,6461,224968,6361,15729.027198131807
cy105_CD45pos_S221,Mel105,T.cell,treatment.naive,New,4610,459854,4427,8988.415241372339
cy126_CD45pos_1_S75,Mel126,T.cell,post.treatment,New,2918,63508,2711,7959.525599399574
cy79_p3_CD45_pos_PD1_pos_AS_C2_R1_E05_S437_comb,Mel79,T.cell,treatment.naive,Tirosh,2180,21863,2039,7996.350698353438
cy121.1_CD45pos_S367,Mel121.1,Macrophage,post.treatment,New,4951,910870,4794,9448.138925440884
MGH00478_CD45pos_1_S194,Mel478,T.cell,treatment.naive,New,5998,763570,5806,10596.104265373146
cy60_1_cd_45_pos_HC_pos_HLDAR_pos_A09_S969_comb,Mel60,B.cell,post.treatment,Tirosh,3595,39564,3390,12024.507212300965
cy88_cd_45_pos_F07_S451_comb,Mel88,T.CD8,post.treatment,Tirosh,2530,47138,2372,8443.641069810452
cy04.3_CD45pos_S59,Mel04.3,T.CD4,post.treatment,New,4973,794448,4802,9975.801004394329
cy103_CD45pos_S107,Mel103,Macrophage,treatment.naive,New,6349,805137,6198,11694.099086438295
cy79_p4_CD45_pos_PD1_pos_C03_S315_comb,Mel79,T.CD8,treatment.naive,Tirosh,3461,169373,3232,8438.00290182477
cy80_CD45_neg_B05_S401_comb,Mel80,?,treatment.naive,Tirosh,3677,47018,3525,11538.478369523364
cy84_Primary_CD45_pos_A09_S393_comb,Mel84,T.CD4,treatment.naive,Tirosh,3542,133228,3309,9205.094927481856
cy102_CD45pos_S234,Mel102,T.CD4,post.treatment,New,2898,103919,2703,8063.191988390281
cy103_CD45pos_S208,Mel103,T.CD4,treatment.naive,New,4852,449864,4679,10523.338183156666
cy103_CD45pos_S142,Mel103,T.CD8,treatment.naive,New,5103,613654,4890,9862.756157367992
CY89A_CD45_POS_6_D01_S133_comb,Mel89,B.cell,treatment.naive,Tirosh,2451,45346,2246,7226.865043697419
cy110_CD45pos_S225,Mel110,T.cell,post.treatment,New,6250,399342,6058,11037.892160661026
MGH00478_CD45pos_1_S236,Mel478,T.CD8,treatment.naive,New,4013,524392,3813,7220.080380466917
CY88CD45_150813_G05_S365_comb,Mel88,T.cell,post.treatment,Tirosh,4250,343187,4009,8946.606272144829
cy80_CD45_neg_F06_S450_comb,Mel80,Macrophage,treatment.naive,Tirosh,4141,129011,3937,11468.534389452267
cy129PA_CD45pos_S188,Mel129pa,?,treatment.naive,New,2658,1197151,2544,7336.532061093882
cy98_CD45pos_1_S218,Mel98,Macrophage,post.treatment,New,7422,2619664,7272,12131.168953749086
cy103_CD45pos_S250,Mel103,B.cell,treatment.naive,New,6055,383129,5854,12702.863528671722
cy79_p1_CD45_pos_PD1_pos_AS_C5_R1_B10_S214_comb,Mel79,T.CD4,treatment.naive,Tirosh,3243,36939,3038,10669.77313032487
cy102_CD45pos_S228,Mel102,Macrophage,post.treatment,New,5948,480470,5733,12978.104843176581
merck_cd45pos_PL3_S349,Mel194,T.CD4,post.treatment,New,4714,886608,4558,9063.761912898433
merck_cd45pos_PL3_S328,Mel194,T.CD8,post.treatment,New,4725,559755,4561,10542.255894260668
cy102_CD45pos_S149,Mel102,T.CD4,post.treatment,New,6097,960619,5923,12456.86025984926
cy94_cd45pos_G05_S173_comb,Mel94,B.cell,post.treatment,Tirosh,4745,185669,4524,9670.734600908452
MGH00478_CD45pos_1_S213,Mel478,T.CD8,treatment.naive,New,3787,427828,3591,7740.941819183102
cy72_CD45_pos_B01_S877_comb,Mel72,B.cell,post.treatment,Tirosh,3646,36081,3485,10962.46187076737
cy88_cd_45_pos_3_D09_S621_comb,Mel88,T.CD4,post.treatment,Tirosh,2468,30626,2322,9345.785187125486
cy94_cd45pos_H09_S189_comb,Mel94,B.cell,post.treatment,Tirosh,3819,325244,3597,7156.485651391434
cy105_Zombineg_CD45neg_CD90neg_S137,Mel105,Endo.,treatment.naive,New,5969,606643,5798,12341.652255203613
cy80_CD45_pos_PD1_pos_E03_S147_comb,Mel80,T.CD4,treatment.naive,Tirosh,5345,367391,5134,12179.45074260312
cy128_CD45pos_S165,Mel128,T.cell,treatment.naive,New,4314,1117680,4103,7424.311685742514
CY84_PRIM_POS_ALL_8_B08_S116_comb,Mel84,T.cell,treatment.naive,Tirosh,2791,86173,2568,7583.486559006993
CY88CD45POS_7_D03_S231_comb,Mel88,T.cell,post.treatment,Tirosh,4854,404587,4630,9911.312912057409
CY58_1_CD45_H10_S1054_comb,Mel58,T.CD8,post.treatment,Tirosh,2353,56366,2171,7576.908743154192
cy110_CD45pos_S376,Mel110,Macrophage,post.treatment,New,3925,319031,3717,7702.138769264641
CY89A_CD45_POS_10_A05_S197_comb,Mel89,T.cell,treatment.naive,Tirosh,2630,58424,2421,7203.504699791884
CY88CD45POS_7_F02_S254_comb,Mel88,B.cell,post.treatment,Tirosh,3949,113829,3728,9852.524684044218
CY75_1_CD45_CD8_7__S241_comb_BCD8,Mel75,T.CD8,post.treatment,Tirosh,4963,390038,4794,10905.152109871622
cy80_Cd45_pos_PD1_pos_S133_F01_S133_comb,Mel80,T.cell,treatment.naive,Tirosh,3880,55678,3638,11778.67910827606
cy60_1_cd_45_pos_HC_pos_HLDAR_pos_H07_S1051_comb,Mel60,B.cell,post.treatment,Tirosh,3155,86528,2960,9619.90865504964
CY75_1_CD45_CD8_3__S172_comb_BCD8,Mel75,T.CD8,post.treatment,Tirosh,4648,213917,4461,12099.878598892996
monika_B10_S109_comb_BCD8_3,Mel75,T.CD8,post.treatment,Tirosh,5052,732618,4927,9551.900954947087
cy72_CD45_pos_B03_S879_comb,Mel72,T.cell,post.treatment,Tirosh,4290,95700,4071,10854.043616305513
MGH00478_CD45pos_1_S199,Mel478,T.CD8,treatment.naive,New,4350,599787,4164,8892.331822624066
CY88CD45POS_7_B07_S211_comb,Mel88,T.CD8,post.treatment,Tirosh,4691,620413,4512,8801.070889537536
cy60_1_cd_45_pos_HC_pos_HLDAR_pos_H08_S1052_comb,Mel60,?,post.treatment,Tirosh,3224,32539,2975,9719.180306759768
CY88CD45POS_2_C09_S417_comb,Mel88,T.cell,post.treatment,Tirosh,4289,588163,4108,8401.16307538268
cy80_CD45_pos_PD1_pos_E05_S149_comb,Mel80,T.CD4,treatment.naive,Tirosh,5300,123768,5076,14200.718613939265
cy72_CD45_pos_B09_S885_comb,Mel72,T.cell,post.treatment,Tirosh,3336,79149,3095,8923.905756567527
CY89A_CD45_POS_6_A11_S107_comb,Mel89,B.cell,treatment.naive,Tirosh,2890,91531,2675,8153.1871887884045
cy53_1_CD45_pos_1_D06_S42_comb,Mel53,Macrophage,treatment.naive,Tirosh,5865,278588,5696,12897.396959322032
cy80_CD45_neg_E02_S434_comb,Mel80,?,treatment.naive,Tirosh,4836,228877,4633,11203.182218611191
cy103_CD45pos_S262,Mel103,B.cell,treatment.naive,New,5036,447446,4815,9816.796469088735
cy94_cd45neg_cd90pos_H09_S381_comb,Mel94,B.cell,post.treatment,Tirosh,4480,176073,4274,9893.43239386543
cy60_1_cd_45_pos_3_G10_S370_comb,Mel60,B.cell,post.treatment,Tirosh,3673,137265,3462,9741.51605406946
cy75_1B_CD45pos_S49,Mel75,T.CD8,post.treatment,New,4012,493186,3818,7436.498230142629
MGH00478_CD45pos_1_S210,Mel478,T.CD8,treatment.naive,New,4870,801360,4671,10377.571062867108
cy110_CD45pos_S358,Mel110,Macrophage,post.treatment,New,5678,188701,5535,12118.338193126354
cy75_1B_CORE_CD45neg_S158,Mel75,CAF,post.treatment,New,7316,1361065,7191,14218.761504565608
cy110_CD45pos_S298,Mel110,Macrophage,post.treatment,New,6443,359405,6247,12352.339419731885
cy60_1_cd_45_pos_3_E08_S344_comb,Mel60,B.cell,post.treatment,Tirosh,4067,116668,3851,11825.672115310646
cy112_CD45pos_S348,Mel112,T.cell,treatment.naive,New,3250,1369024,3102,4319.118179728895
cy106_CD45pos_S280,Mel106,T.CD8,post.treatment,New,4379,973038,4204,7895.929032825808
cy80_Cd45_pos_PD1_pos_C06_S66_comb,Mel80,T.CD8,treatment.naive,Tirosh,5124,163935,4913,13117.657598114532
cy72_CD45_pos_A06_S870_comb,Mel72,T.CD4,post.treatment,Tirosh,3381,97040,3156,8579.24132546673
cy79_p1_CD45_pos_PD1_pos_AS_C5_R1_C05_S221_comb,Mel79,T.CD8,treatment.naive,Tirosh,4143,77661,3947,12493.604907852243
cy94_cd45pos_D04_S136_comb,Mel94,B.cell,post.treatment,Tirosh,9456,543178,9321,17378.26601928509
cy72_CD45_pos_F01_S925_comb,Mel72,T.cell,post.treatment,Tirosh,3134,61854,2908,9417.920392988828
cy88_cd_45_pos_E11_S443_comb,Mel88,T.CD4,post.treatment,Tirosh,3864,72703,3664,11907.618638005879
cy110_CD45pos_S290,Mel110,Macrophage,post.treatment,New,7338,1497209,7152,12444.591564467384
Cy80_II_CD45_A08_S872_comb,Mel80,Endo.,treatment.naive,Tirosh,3951,143846,3732,11093.200491755208
cy79_p5_CD45_pos_PD1_pos_G11_S659_comb,Mel79,T.CD8,treatment.naive,Tirosh,3122,79174,2936,9224.13483100094
CY75_1_CD45_CD8_8__S296_comb_BCD8,Mel75,T.CD8,post.treatment,Tirosh,4336,230840,4131,10506.865078885794
cy80_Cd45_pos_Pd1_neg_S275_D11_S275_comb,Mel80,B.cell,treatment.naive,Tirosh,3656,76784,3440,10020.843881857721
cy80_CD45_pos_PD1_pos_G03_S171_comb,Mel80,T.CD8,treatment.naive,Tirosh,3042,41097,2856,9889.901857629287
cy60_1_cd_45_pos_4_G09_S81_comb,Mel60,B.cell,post.treatment,Tirosh,3352,95230,3162,9222.864870921723
merck_cd45pos_PL3_S361,Mel194,T.CD4,post.treatment,New,4834,908912,4692,9732.755361071351
cy88_cd_45_pos_B07_S403_comb,Mel88,T.CD8,post.treatment,Tirosh,2671,28521,2533,9963.830516776923
CY75_1_CD45_CD8_8__S321_comb_BCD8,Mel75,T.CD8,post.treatment,Tirosh,3948,137671,3749,10406.518766769592
CY89FNA_E01_S241_comb,Mel89,T.CD8,treatment.naive,Tirosh,3007,84142,2812,9121.644472580421
cy98_CD45pos_CD8pos_S47,Mel98,T.CD8,post.treatment,New,5950,604533,5799,12199.193883700173
MGH00478_CD45pos_2_S341,Mel478,T.CD8,treatment.naive,New,3494,682235,3293,6851.625513722791
cy82_CD45_pos_2_E02_S530_comb,Mel82,?,treatment.naive,Tirosh,3889,26639,3855,12705.504758386789
cy94_cd45pos_B05_S113_comb,Mel94,T.CD4,post.treatment,Tirosh,4966,298580,4781,10902.691185372474
cy112_CD45pos_S306,Mel112,T.CD4,treatment.naive,New,4871,1380823,4762,8187.262709909677
cy80_Cd45_pos_PD1_pos_C08_S68_comb,Mel80,B.cell,treatment.naive,Tirosh,6389,212244,6187,14321.484845040704
CY58_1_CD45_G09_S1041_comb,Mel58,T.cell,post.treatment,Tirosh,3219,121962,3006,8850.476143685628
cy98_CD45pos_2_S332,Mel98,Macrophage,post.treatment,New,2768,946169,2647,8373.469995833828
cy74_CD45_pos_F12_S744_comb,Mel74,T.CD8,post.treatment,Tirosh,2810,38962,2683,9730.327821897092
cy79_p3_CD45_neg_PDL1_neg_G02_S266_comb,Mel79,Endo.,treatment.naive,Tirosh,4496,256429,4283,8455.0201748762
cy129PB_CD45pos_S203,Mel129pb,NK,treatment.naive,New,5007,373123,4865,10154.221751771394
cy103_CD45pos_S132,Mel103,T.CD8,treatment.naive,New,5565,516610,5379,11453.025555910375
CY94CD45POS_1_B03_S111_comb,Mel94,T.cell,post.treatment,Tirosh,4480,491060,4271,8648.522613133813
Cy72_CD45_B11_S695_comb,Mel72,T.cell,post.treatment,Tirosh,3300,295615,3112,6871.972742276581
cy72_CD45_pos_H09_S957_comb,Mel72,T.CD4,post.treatment,Tirosh,2548,40727,2396,8294.110765789595
cy105_CD45pos_calceinpos_S85,Mel105,T.CD4,treatment.naive,New,4296,635622,4122,7867.306121735318
cy75_1CORE_CD45pos_S20,Mel75,T.CD4,post.treatment,New,4956,460611,4809,9958.660049171121
cy80_Cd45_pos_PD1_pos_S158_G02_S158_comb,Mel80,T.cell,treatment.naive,Tirosh,3976,64384,3727,11758.109384573781
cy80_Cd45_pos_PD1_pos_S143_F11_S143_comb,Mel80,T.CD4,treatment.naive,Tirosh,4573,136562,4358,12054.074709660666
cy79_p1_CD45_pos_PD1_neg_AS_C1_R2_H04_S568_comb,Mel79,B.cell,treatment.naive,Tirosh,3314,48778,3121,10081.222457300904
cy80_CD45_pos_PD1_pos_E12_S156_comb,Mel80,T.CD4,treatment.naive,Tirosh,4209,103245,4008,11310.453565853553
CY75_1_CD45_CD8_8__S354_comb_BCD8,Mel75,T.CD8,post.treatment,Tirosh,5049,279139,4852,11725.025233063252
cy84_Primary_CD45_pos_E05_S437_comb,Mel84,T.cell,treatment.naive,Tirosh,2046,26440,1871,7696.389272540866
cy75_1B_CORE_CD45neg_S110,Mel75,?,post.treatment,New,6739,1594763,6616,11466.266259720862
merck_cd45pos_PL3_S357,Mel194,T.cell,post.treatment,New,4176,584387,4021,8099.829262937416
cy126_CD45pos_1_S8,Mel126,T.CD8,post.treatment,New,4320,413360,4132,9106.993153459453
Cy81_FNA_CD45_A08_S200_comb,Mel81,T.CD4,treatment.naive,Tirosh,3639,341332,3469,7688.767724207891
cy60_1_cd_45_pos_HC_pos_HLDAR_pos_H03_S1047_comb,Mel60,B.cell,post.treatment,Tirosh,2876,67503,2697,9481.561209233363
cy116_CD45pos_S311,Mel116,T.CD8,treatment.naive,New,4179,274240,3953,9190.3854455751
cy110_CD45pos_S243,Mel110,Macrophage,post.treatment,New,6405,1328605,6246,10718.772034122863
cy126_CD45pos_1_S90,Mel126,T.CD8,post.treatment,New,4503,457809,4312,9261.110485225681
cy79_p5_CD45_pos_PD1_pos_A11_S587_comb,Mel79,T.CD4,treatment.naive,Tirosh,3327,68468,3114,9509.760971796859
cy75_1CORE_CD45pos_S50,Mel75,T.CD8,post.treatment,New,4569,370433,4386,9176.580130097216
cy60_1_cd_45_pos_3_G06_S366_comb,Mel60,B.cell,post.treatment,Tirosh,5086,130647,4861,13121.46111838207
cy103_CD45pos_S177,Mel103,T.CD8,treatment.naive,New,4823,249408,4630,10503.48242601242
cy72_CD45_pos_C06_S894_comb,Mel72,T.cell,post.treatment,Tirosh,3159,63703,2963,8718.267884971105
monika_D8_S133_comb_BCD8_3,Mel75,T.CD8,post.treatment,Tirosh,5533,1043446,5397,9825.843884853664
Cy72_CD45_D04_S712_comb,Mel72,T.CD4,post.treatment,Tirosh,3100,169927,2873,7463.612618053221
cy58_1_CD45_pos_H05_S665_comb,Mel58,T.CD8,post.treatment,Tirosh,2920,28903,2704,10026.601260018728
cy72_CD45_pos_G05_S941_comb,Mel72,T.CD4,post.treatment,Tirosh,3844,131966,3605,9928.988255357865
cy94_cd45pos_4_B11_S23_comb,Mel94,T.CD4,post.treatment,Tirosh,4438,828298,4273,7977.612211795017
CY89A_Core_15_A05_S5_comb,Mel89,B.cell,treatment.naive,Tirosh,3287,47471,3037,9791.629790343413
cy72_CD45_pos_F09_S933_comb,Mel72,T.CD4,post.treatment,Tirosh,3502,90294,3293,9141.09294041798
cy103_CD45neg_CD90neg_S69,Mel103,?,treatment.naive,New,5329,43440,5126,14556.311811423842
cy126_CD45pos_2_S137,Mel126,T.CD8,post.treatment,New,4176,1060003,4025,6798.417199874573
cy102_CD45pos_S112,Mel102,T.CD4,post.treatment,New,5074,931590,4911,10316.455338419819
cy80_Cd45_pos_Pd1_neg_S337_G01_S337_comb,Mel80,T.CD8,treatment.naive,Tirosh,3578,46593,3345,10575.607545445677
cy106_CD45pos_S330,Mel106,B.cell,post.treatment,New,4567,699543,4409,7995.671291096916
CY75_1FNA_F12_S552_comb,Mel75,T.CD8,post.treatment,Tirosh,3814,97285,3552,10376.081163264218
CY88CD45_150813_D09_S333_comb,Mel88,B.cell,post.treatment,Tirosh,4617,631479,4421,9652.93098455782
cy60_1_cd_45_pos_3_F10_S358_comb,Mel60,B.cell,post.treatment,Tirosh,2459,43970,2273,8278.034794661538
cy80_Cd45_pos_Pd1_neg_S203_A11_S203_comb,Mel80,B.cell,treatment.naive,Tirosh,3976,116061,3734,9686.775344512487
cy102_CD45pos_S198,Mel102,T.CD8,post.treatment,New,3540,61264,3310,9758.996621388316
cy129PA_CD45pos_S13,Mel129pa,Macrophage,treatment.naive,New,5771,821614,5581,10598.953398716982
merck_cd45pos_PL3_S360,Mel194,T.CD8,post.treatment,New,4915,984320,4778,9575.404541015436
cy82_CD45_pos_2_A12_S492_comb,Mel82,T.CD8,treatment.naive,Tirosh,3485,199696,3247,8597.284743148208
Merck_CD45pos_pl4_S21,Mel194,T.CD8,post.treatment,New,4664,694379,4510,10069.268272384326
cy128_CD45pos_S177,Mel128,T.CD8,treatment.naive,New,4040,693988,3869,6735.195615298183
cy75_1B_CORE_CD45neg_S170,Mel75,CAF,post.treatment,New,9941,1453012,9801,15077.3522464864
cy84_Primary_CD45_pos_B12_S408_comb,Mel84,T.CD4,treatment.naive,Tirosh,5395,222762,5163,13328.93961305542
cy60_1_cd_45_pos_HC_pos_HLDAR_pos_C11_S995_comb,Mel60,B.cell,post.treatment,Tirosh,2920,59159,2707,9442.66124313962
cy80_Cd45_pos_Pd1_neg_S372_H12_S372_comb,Mel80,B.cell,treatment.naive,Tirosh,12018,890494,11887,18821.313390123265
cy84_Met_CD45_pos_B05_S881_comb,Mel84,T.CD4,treatment.naive,Tirosh,2979,74994,2797,9333.144383459286
CY75_1_CD45_CD8_8__S319_comb_BCD8,Mel75,T.CD8,post.treatment,Tirosh,5038,275760,4830,12514.52398645433
cy60_1_cd_45_pos_HC_pos_HLDAR_pos_A12_S972_comb,Mel60,B.cell,post.treatment,Tirosh,2675,57850,2489,8546.22382688021
cy75_1B_CD45pos_S6,Mel75,T.CD8,post.treatment,New,3734,275771,3520,7868.954870120003
CY88CD45POS_7_C07_S223_comb,Mel88,Macrophage,post.treatment,Tirosh,7234,473502,7079,15636.775065251612
CY89A_CD45_POS_6_B06_S114_comb,Mel89,T.CD8,treatment.naive,Tirosh,3475,100178,3260,8805.0264056361
Cy71_CD45_B07_S499_comb,Mel71,T.CD8,treatment.naive,Tirosh,2075,24730,1937,8268.347130773713
cy103_CD45pos_S122,Mel103,B.cell,treatment.naive,New,4945,579715,4789,8655.714952140068
CY94CD45POS_1_F05_S161_comb,Mel94,B.cell,post.treatment,Tirosh,4121,221542,3904,9175.159624373473
cy79_p4_CD45_pos_PD1_pos_G04_S364_comb,Mel79,T.CD8,treatment.naive,Tirosh,3695,202648,3491,8717.189769833389
cy53_1_CD45_pos_2_F05_S1025_comb,Mel53,T.CD4,treatment.naive,Tirosh,3819,88081,3559,10122.693617137113
cy80_Cd45_pos_Pd1_neg_S291_E03_S291_comb,Mel80,B.cell,treatment.naive,Tirosh,3976,91573,3764,9903.77566635034
CY94CD45POS_1_C06_S126_comb,Mel94,B.cell,post.treatment,Tirosh,4268,137124,4037,10333.41968792188
cy105_Zombineg_CD45neg_CD90neg_S111,Mel105,Endo.,treatment.naive,New,5475,623693,5329,11580.900949237015
cy94_cd45neg_cd90pos_F05_S353_comb,Mel94,?,post.treatment,Tirosh,2139,451518,2022,7403.077234659209
cy112_CD45pos_S66,Mel112,T.CD4,treatment.naive,New,4273,1425236,4119,6284.412531380458
merck_cd45pos_PL3_S298,Mel194,T.CD8,post.treatment,New,5197,1106783,5045,10110.164611318105
CY89A_Core_15_G10_S82_comb,Mel89,T.CD8,treatment.naive,Tirosh,3807,160150,3572,9426.171794010028
merck_cd45pos_PL3_S365,Mel194,T.CD4,post.treatment,New,3091,108707,2878,7828.193578966209
cy53_1_CD45_neg_H03_S375_comb,Mel53,Endo.,treatment.naive,Tirosh,4216,60906,3975,11485.835926218739
CY75_1_CD45_CD8_8__S348_comb_BCD8,Mel75,T.CD8,post.treatment,Tirosh,5029,404000,4850,11503.001402289818
cy53_1_CD45_pos_1_A07_S7_comb,Mel53,T.CD8,treatment.naive,Tirosh,4798,185343,4611,11491.280952382243
CY75_1_CD45_CD8_3__S116_comb_BCD8,Mel75,T.CD8,post.treatment,Tirosh,4952,369660,4782,11065.081799617747
CY94CD45POS_1_H11_S191_comb,Mel94,T.cell,post.treatment,Tirosh,4422,101728,4192,11809.189421938569
cy121.1_CD45pos_S311,Mel121.1,T.cell,post.treatment,New,3758,305946,3510,7620.493750420633
cy98_CD45pos_CD8pos_S18,Mel98,T.CD8,post.treatment,New,5715,550691,5530,12524.84088431561
CY106_CD45neg_CD90neg_10cells_S289,Mel106,?,post.treatment,New,2518,1912305,2377,5766.044834572563
cy126_CD45pos_1_S22,Mel126,B.cell,post.treatment,New,4164,407441,4024,8284.171822216415
cy98_CD45pos_1_S212,Mel98,T.CD8,post.treatment,New,4511,1197713,4350,7972.8428847714085
cy94_cd45pos_F03_S159_comb,Mel94,B.cell,post.treatment,Tirosh,4467,240094,4246,10292.683309607084
cy102_CD45pos_S255,Mel102,T.CD8,post.treatment,New,4860,632384,4685,9773.154230551972
cy110_CD45pos_S347,Mel110,T.CD8,post.treatment,New,5943,820045,5806,11317.076898096417
cy75_1B_CD45pos_S16,Mel75,T.CD4,post.treatment,New,4311,428909,4162,7784.0966040569965
CY89A_Core_15_B09_S21_comb,Mel89,B.cell,treatment.naive,Tirosh,3067,80722,2838,8694.082040750283
cy84_Primary_CD45_pos_D07_S427_comb,Mel84,T.CD4,treatment.naive,Tirosh,3442,76581,3232,10135.678372604696
cy82_CD45_pos_1_H12_S576_comb,Mel82,Macrophage,treatment.naive,Tirosh,6293,22706,6148,16593.55796368912
cy60_1_cd_45_pos_HC_pos_HLDAR_pos_F10_S1030_comb,Mel60,T.CD8,post.treatment,Tirosh,2536,93142,2364,8044.552628704584
cy98_CD45pos_2_S349,Mel98,T.CD8,post.treatment,New,3761,711744,3578,6703.936723809116
cy88_cd_45_pos_3_F09_S645_comb,Mel88,T.cell,post.treatment,Tirosh,3674,132717,3463,10766.385443137198
cy112_CD45pos_S357,Mel112,B.cell,treatment.naive,New,5143,1375540,5020,8582.806034296123
cy79_p3_CD45_pos_PD1_neg_F03_S159_comb,Mel79,B.cell,treatment.naive,Tirosh,2708,37557,2543,8360.751120028064
merck_cd45pos_PL3_S347,Mel194,T.CD8,post.treatment,New,4771,880342,4620,9726.787912267782
cy75_1CORE_CD45pos_S96,Mel75,T.CD4,post.treatment,New,5118,505181,4976,9953.021375018518
cy72_CD45_pos_G11_S947_comb,Mel72,T.CD4,post.treatment,Tirosh,3499,111470,3288,8871.81694033594
cy60_1_cd_45_pos_3_G01_S361_comb,Mel60,NK,post.treatment,Tirosh,3382,153496,3138,8445.336117527833
cy80_CD45_pos_PD1_pos_G09_S177_comb,Mel80,T.cell,treatment.naive,Tirosh,3877,77283,3653,11229.883145752008
Cy72_CD45_C10_S706_comb,Mel72,?,post.treatment,Tirosh,2319,122934,2135,4332.567452192138
cy79_p3_CD45_pos_PD1_neg_A05_S101_comb,Mel79,B.cell,treatment.naive,Tirosh,2843,42504,2633,8912.27744925262
CY89A_CD45_POS_6_F06_S162_comb,Mel89,Macrophage,treatment.naive,Tirosh,5188,291730,4970,11609.78310178637
cy98_CD45pos_2_S311,Mel98,Macrophage,post.treatment,New,5329,1003515,5145,10997.77272716463
cy60_1_cd_45_pos_3_G07_S367_comb,Mel60,T.cell,post.treatment,Tirosh,3606,142863,3375,9644.004665958833
cy129PA_CD45pos_S20,Mel129pa,Macrophage,treatment.naive,New,4895,650185,4703,9816.381161299172
CY88CD45POS_7_G03_S267_comb,Mel88,B.cell,post.treatment,Tirosh,4733,464512,4553,9003.838157368165
CY88CD45POS_2_H08_S476_comb,Mel88,T.cell,post.treatment,Tirosh,2802,117548,2556,5248.522007523345
CY94CD45POS_1_G06_S174_comb,Mel94,T.CD8,post.treatment,Tirosh,4443,348453,4239,8506.505195238475
cy53_1_CD45_neg_H12_S384_comb,Mel53,?,treatment.naive,Tirosh,8296,50508,8124,17432.014287431604
cy105_CD45pos_S280,Mel105,T.CD4,treatment.naive,New,3997,591191,3827,7199.183323296884
cy121.1_CD45pos_S309,Mel121.1,T.CD8,post.treatment,New,4430,710185,4256,7664.236609243244
cy103_CD45pos_S238,Mel103,T.CD8,treatment.naive,New,5321,456240,5145,10613.835486878954
cy121.1_CD45pos_S364,Mel121.1,?,post.treatment,New,1929,909016,1834,6054.543900472637
cy126_CD45pos_1_S92,Mel126,T.CD8,post.treatment,New,4250,453658,4089,8494.318749299942
cy110_CD45pos_S260,Mel110,Macrophage,post.treatment,New,5733,296478,5583,12214.950931560757
cy79_p3_CD45_pos_PD1_neg_E11_S155_comb,Mel79,B.cell,treatment.naive,Tirosh,2298,28094,2142,7553.186664599467
cy94_cd45pos_G11_S179_comb,Mel94,T.cell,post.treatment,Tirosh,5487,286073,5324,11528.345955804976
Cy71_CD45_H03_S567_comb,Mel71,T.cell,treatment.naive,Tirosh,2683,98407,2458,6957.851300264903
CY89A_Core_15_C04_S28_comb,Mel89,B.cell,treatment.naive,Tirosh,2231,39029,2066,7233.616645782639
CY84_PRIM_POS_ALL_6_A11_S395_comb,Mel84,Macrophage,treatment.naive,Tirosh,3990,643316,3784,6930.72008293639
CY75_1_CD45_CD8_7__S284_comb_BCD8,Mel75,T.CD8,post.treatment,Tirosh,4802,514705,4617,10596.031094804956
CY88CD45_150813_E01_S337_comb,Mel88,T.CD8,post.treatment,Tirosh,3287,125365,3086,8559.472222428438
cy80_CD45_pos_PD1_pos_G08_S176_comb,Mel80,T.CD4,treatment.naive,Tirosh,3168,51478,2991,10341.276695658242
cy75_1B_CD45pos_S96,Mel75,T.CD8,post.treatment,New,4612,596953,4433,8521.406737054842
cy84_Primary_CD45_pos_A04_S388_comb,Mel84,B.cell,treatment.naive,Tirosh,3713,139667,3493,9375.527916577274
cy98_CD45pos_1_S220,Mel98,Macrophage,post.treatment,New,6015,1632886,5812,11104.616866255823
cy94_cd45pos_A08_S104_comb,Mel94,T.cell,post.treatment,Tirosh,5229,533382,5049,10322.275759951843
cy105_CD45pos_S213,Mel105,B.cell,treatment.naive,New,4430,358946,4239,8980.037543041934
cy84_Primary_CD45_pos_G11_S467_comb,Mel84,B.cell,treatment.naive,Tirosh,3339,139976,3116,8392.207288408565
cy60_1_cd_45_pos_HC_pos_HLDAR_pos_E11_S1019_comb,Mel60,B.cell,post.treatment,Tirosh,3073,83153,2866,8604.51743345469
cy60_1_cd_45_pos_3_H05_S377_comb,Mel60,T.cell,post.treatment,Tirosh,4102,149775,3883,11630.613000826626
cy72_CD45_pos_B12_S888_comb,Mel72,T.CD4,post.treatment,Tirosh,3131,48844,2943,9146.010596433453
cy105_CD45pos_S265,Mel105,T.CD8,treatment.naive,New,4256,403514,4047,8420.861931419497
CY89COREQ1_D04_S328_comb,Mel89,Macrophage,treatment.naive,Tirosh,4580,186209,4372,11184.104073110484
cy129PA_CD45pos_S23,Mel129pa,T.CD8,treatment.naive,New,4004,637261,3828,6985.555921348436
cy79_p4_CD45_neg_PDL1_pos_B02_S398_comb,Mel79,Endo.,treatment.naive,Tirosh,4559,191793,4348,11481.17547694537
cy80_Cd45_pos_PD1_pos_D10_S94_comb,Mel80,T.CD4,treatment.naive,Tirosh,3290,80063,3073,9187.732770517407
cy60_1_cd_45_pos_3_C11_S323_comb,Mel60,T.CD8,post.treatment,Tirosh,2918,69998,2731,9438.866534652518
cy82_CD45_pos_1_H05_S569_comb,Mel82,?,treatment.naive,Tirosh,8208,184086,8022,18371.164223639564
cy79_p1_CD45_pos_PD1_neg_AS_C1_R2_G01_S553_comb,Mel79,B.cell,treatment.naive,Tirosh,2969,34283,2756,9896.472126446657
cy105_Zombineg_CD45neg_CD90neg_S130,Mel105,?,treatment.naive,New,1955,475296,1817,5046.290498659284
cy116_CD45pos_S320,Mel116,B.cell,treatment.naive,New,3897,360275,3695,7338.087646822755
cy80_CD45_neg_H01_S469_comb,Mel80,?,treatment.naive,Tirosh,4050,98766,3831,9604.10200854548
cy80_CD45_neg_D04_S424_comb,Mel80,T.CD8,treatment.naive,Tirosh,3728,80251,3568,11538.620545836038
CY89A_Core_15_G12_S84_comb,Mel89,?,treatment.naive,Tirosh,3188,122652,2971,7380.13127572446
CY89A_CD45_POS_10_G12_S276_comb,Mel89,T.cell,treatment.naive,Tirosh,3118,93144,2899,8784.098276592467
cy129PA_CD45neg_CD90neg_S120,Mel129pa,?,treatment.naive,New,5008,211078,4864,10971.290894091591
cy79_p4_CD45_pos_PD1_pos_F05_S353_comb,Mel79,T.CD8,treatment.naive,Tirosh,3110,101918,2907,8900.409773067578
cy126_CD45pos_1_S81,Mel126,T.CD8,post.treatment,New,4175,486572,4014,8328.322590639982
cy75_1B_CD45pos_S82,Mel75,Macrophage,post.treatment,New,5149,768871,4994,8793.359357377838
cy80_CD_90_pos_C11_S899_comb,Mel80,CAF,treatment.naive,Tirosh,5562,179717,5515,15285.058051033357
cy110_CD45pos_S334,Mel110,T.CD4,post.treatment,New,4275,370989,4079,8862.79983821278
cy80_CD45_pos_PD1_pos_C11_S131_comb,Mel80,T.CD4,treatment.naive,Tirosh,4417,215381,4204,10172.405021348102
Cy72_CD45_F08_S740_comb,Mel72,?,post.treatment,Tirosh,3065,149837,2842,7460.796038018467
cy53_1_CD45_pos_1_F03_S63_comb,Mel53,T.CD8,treatment.naive,Tirosh,3678,96690,3437,10147.585049655983
MGH00478_CD45pos_2_S330,Mel478,T.CD8,treatment.naive,New,2555,386324,2386,3713.030779232785
cy116_CD45pos_S301,Mel116,T.CD8,treatment.naive,New,3854,491513,3663,7069.526342629872
cy116_CD45pos_S323,Mel116,T.CD8,treatment.naive,New,3939,324418,3749,7685.312019935367
Cy81_FNA_CD45_G06_S270_comb,Mel81,T.cell,treatment.naive,Tirosh,3309,290268,3111,6757.477848864139
cy58_1_CD45_pos_D02_S614_comb,Mel58,T.CD8,post.treatment,Tirosh,2718,20754,2493,9670.5728652723
Cy74_CD45_B10_S406_comb,Mel74,T.CD8,post.treatment,Tirosh,2374,49345,2215,8296.81078957374
CY75_1_CD45_CD8_7__S222_comb_BCD8,Mel75,?,post.treatment,Tirosh,4203,180585,4025,10381.689304034633
cy105_CD45pos_S244,Mel105,B.cell,treatment.naive,New,4423,413411,4233,8623.751031721691
cy53_1_CD45_pos_1_C02_S26_comb,Mel53,T.CD4,treatment.naive,Tirosh,5429,269994,5231,11505.58941832441
MGH00478_CD45pos_2_S350,Mel478,T.CD8,treatment.naive,New,3674,543316,3456,6716.349530531687
cy04.3_CD45pos_S79,Mel04.3,T.CD4,post.treatment,New,3462,382478,3272,6165.064083252422
cy80_CD45_pos_PD1_pos_E09_S153_comb,Mel80,B.cell,treatment.naive,Tirosh,5146,201548,4937,11997.403345411636
cy112_CD45pos_S41,Mel112,B.cell,treatment.naive,New,4249,1568741,4105,6481.731790360049
cy103_CD45pos_S203,Mel103,T.CD8,treatment.naive,New,4691,498850,4548,9319.464525349247
cy112_CD45pos_S63,Mel112,T.cell,treatment.naive,New,3470,2392937,3314,4446.322707534456
cy105_CD45pos_S203,Mel105,T.CD8,treatment.naive,New,4339,382005,4166,8603.79054584766
Cy72_CD45_C03_S699_comb,Mel72,B.cell,post.treatment,Tirosh,3442,212772,3232,7565.947235652268
CY75_1_CD45_CD8_7__S271_comb_BCD8,Mel75,T.CD8,post.treatment,Tirosh,4730,414785,4579,10558.442044945705
cy84_Primary_CD45_pos_C08_S416_comb,Mel84,Macrophage,treatment.naive,Tirosh,4713,267656,4515,11851.765244321115
cy105_CD45pos_calceinpos_S73,Mel105,T.CD4,treatment.naive,New,4048,272422,3840,9343.320562112702
cy80_CD_90_pos_F07_S931_comb,Mel80,CAF,treatment.naive,Tirosh,7958,149525,7776,19096.820815627245
cy80_CD45_pos_PD1_pos_D06_S138_comb,Mel80,T.CD4,treatment.naive,Tirosh,5169,194445,4964,12850.686932030527
cy110_CD45pos_S338,Mel110,T.CD4,post.treatment,New,4470,491996,4284,8629.208291886778
cy74_CD45_pos_F07_S739_comb,Mel74,T.CD4,post.treatment,Tirosh,3131,40147,2978,10683.854582142707
cy80_CD45_pos_PD1_pos_E04_S148_comb,Mel80,T.CD4,treatment.naive,Tirosh,5993,279835,5801,14057.430729514634
cy102_CD45pos_S159,Mel102,T.CD4,post.treatment,New,5221,727082,5054,10600.399421675367
cy53_1_CD45_pos_1_A11_S11_comb,Mel53,T.CD4,treatment.naive,Tirosh,4990,265531,4790,10701.78037153985
cy75_1CORE_CD45pos_S12,Mel75,T.CD4,post.treatment,New,4747,349597,4610,9731.958453403968
cy58_1_CD45_pos_C02_S602_comb,Mel58,T.CD8,post.treatment,Tirosh,3489,86710,3277,8380.130315777616
cy112_CD45pos_S381,Mel112,T.cell,treatment.naive,New,5547,2638534,5449,8480.103282021722
CY88CD45_150813_B09_S309_comb,Mel88,T.CD4,post.treatment,Tirosh,3698,287300,3464,8497.223457007458
CY89FNA_C04_S220_comb,Mel89,T.CD8,treatment.naive,Tirosh,3437,198991,3197,8450.80191546787
CY94CD45POS_1_B02_S110_comb,Mel94,B.cell,post.treatment,Tirosh,5696,172256,5485,13916.377471538617
cy98_CD45pos_2_S304,Mel98,T.CD8,post.treatment,New,3723,535869,3539,7329.0605760128265
cy102_CD45pos_S169,Mel102,T.cell,post.treatment,New,3347,240192,3183,6034.110306764508
cy103_CD45neg_CD90neg_S111,Mel103,?,treatment.naive,New,5259,477911,5098,11900.288942031286
cy60_1_cd_45_pos_4_C11_S35_comb,Mel60,NK,post.treatment,Tirosh,2177,23240,1989,7918.11084901817
CY75_1_CD45_CD8_7__S257_comb_BCD8,Mel75,T.CD8,post.treatment,Tirosh,5013,337694,4825,11719.28413935599
cy79_p1_CD45_pos_PD1_pos_AS_C5_R1_G01_S265_comb,Mel79,T.CD4,treatment.naive,Tirosh,2533,21067,2391,9364.462701214838
cy79_p3_CD45_pos_PD1_neg_F08_S164_comb,Mel79,B.cell,treatment.naive,Tirosh,3213,72366,2976,8002.294306363326
cy112_CD45pos_S351,Mel112,T.cell,treatment.naive,New,4822,2132728,4733,7388.773889042018
CY75_1_CD45_CD8_8__S313_comb_BCD8,Mel75,T.cell,post.treatment,Tirosh,2207,82287,2028,5920.467475486795
cy82_CD45_pos_2_H04_S568_comb,Mel82,Macrophage,treatment.naive,Tirosh,2726,165723,2651,9003.398255218166
cy58_1_CD45_pos_G05_S653_comb,Mel58,T.CD4,post.treatment,Tirosh,2088,10477,1928,8197.674536011826
cy84_Primary_CD45_pos_B03_S399_comb,Mel84,B.cell,treatment.naive,Tirosh,3913,127401,3711,10683.074072971147
cy102_CD45pos_S273,Mel102,T.CD4,post.treatment,New,3596,424763,3436,6939.851281182957
cy80_Cd45_pos_Pd1_neg_S273_D09_S273_comb,Mel80,B.cell,treatment.naive,Tirosh,3664,96042,3434,9257.455161310603
cy110_CD45pos_S220,Mel110,T.CD8,post.treatment,New,6974,1242756,6827,13150.857295407648
cy103_CD45pos_S221,Mel103,B.cell,treatment.naive,New,4605,454338,4439,9231.188107973881
cy126_CD45pos_2_S135,Mel126,Macrophage,post.treatment,New,4440,1538430,4286,8343.854113945643
cy75_1CORE_CD45pos_S82,Mel75,NK,post.treatment,New,4576,331974,4385,9319.365436861026
cy106_CD45pos_S250,Mel106,B.cell,post.treatment,New,3784,704292,3625,5337.192195221014
CY89A_Core_15_C03_S27_comb,Mel89,B.cell,treatment.naive,Tirosh,2396,42278,2175,7352.921018473016
CY88CD45POS_2_G03_S459_comb,Mel88,Macrophage,post.treatment,Tirosh,2337,1062659,2198,5490.856465753845
cy129PA_CD45pos_S79,Mel129pa,T.cell,treatment.naive,New,3953,535806,3784,7532.081133620026
cy98_CD45pos_CD8pos_S3,Mel98,T.CD8,post.treatment,New,4999,517930,4835,10737.33499843442
CY89A_CD45_POS_6_D10_S142_comb,Mel89,T.CD8,treatment.naive,Tirosh,2769,75982,2514,7708.817130131784
CY75_1_CD45_CD8_7__S260_comb_BCD8,Mel75,T.CD8,post.treatment,Tirosh,5928,504711,5805,13261.001073091706
cy60_1_cd_45_pos_3_D11_S335_comb,Mel60,T.CD8,post.treatment,Tirosh,3202,68029,3025,10780.625252343656
cy103_CD45pos_S123,Mel103,T.CD8,treatment.naive,New,6085,763837,5953,12159.077345785618
cy102_CD45pos_S267,Mel102,T.CD8,post.treatment,New,4297,516286,4077,8779.764332830662
cy98_CD45pos_CD8pos_S27,Mel98,T.CD8,post.treatment,New,4536,579062,4379,9200.981462174172
Cy81_FNA_CD45_D04_S232_comb,Mel81,T.CD8,treatment.naive,Tirosh,2028,47174,1863,7104.559376006066
cy75_1B_CD45pos_S69,Mel75,Macrophage,post.treatment,New,5388,932783,5235,10074.08927024458
cy105_CD45pos_calceinpos_S27,Mel105,T.CD4,treatment.naive,New,4850,964670,4679,8597.821656564292
cy94_cd45neg_cd90pos_F04_S352_comb,Mel94,Endo.,post.treatment,Tirosh,5790,816514,5590,13006.788694955667
cy80_CD_90_pos_E04_S916_comb,Mel80,CAF,treatment.naive,Tirosh,9578,206118,9455,19617.451546201424
cy129PA_CD45pos_S4,Mel129pa,T.CD4,treatment.naive,New,3832,427192,3632,7798.4497092071715
cy103_CD45pos_S105,Mel103,T.cell,treatment.naive,New,5315,422578,5129,11179.61756450272
cy79_p3_CD45_pos_PD1_neg_G07_S175_comb,Mel79,B.cell,treatment.naive,Tirosh,3635,183835,3427,7984.639517321129
cy129PB_CD45pos_S269,Mel129pb,T.CD8,treatment.naive,New,5006,1714123,4840,8735.7014343298
CY75_1_CD45_CD8_7__S255_comb_BCD8,Mel75,T.CD8,post.treatment,Tirosh,5154,495323,4969,11312.040604334295
CY94CD45POS_1_C01_S121_comb,Mel94,B.cell,post.treatment,Tirosh,6484,374646,6301,13724.303391978716
CY88CD45_150813_H10_S382_comb,Mel88,T.cell,post.treatment,Tirosh,2188,134010,1989,5189.797243962498
CY75_1_CD45_CD8_7__S203_comb_BCD8,Mel75,T.CD8,post.treatment,Tirosh,4109,246769,3913,9916.316416803493
cy60_1_cd_45_pos_3_B04_S304_comb,Mel60,T.CD4,post.treatment,Tirosh,3191,71946,2992,10535.019912423033
cy79_p1_CD45_pos_PD1_neg_AS_C1_R2_B06_S498_comb,Mel79,T.CD4,treatment.naive,Tirosh,2092,15872,1977,8220.962797234588
cy105_CD45neg_S265,Mel105,Endo.,treatment.naive,New,6088,991484,5944,11992.36646374259
cy94_cd45pos_G01_S169_comb,Mel94,B.cell,post.treatment,Tirosh,3373,122153,3143,8076.661234367317
CY88CD45_150813_E09_S345_comb,Mel88,Macrophage,post.treatment,Tirosh,6844,1128015,6689,13880.456802189343
Cy74_CD45_G08_S464_comb,Mel74,T.cell,post.treatment,Tirosh,3101,155197,2926,8644.95731363993
cy94_cd45pos_4_E08_S56_comb,Mel94,T.CD4,post.treatment,Tirosh,5203,371159,4998,10908.624299172994
cy106_CD45pos_S273,Mel106,B.cell,post.treatment,New,4293,838459,4125,6502.156182983928
cy60_1_cd_45_pos_3_B08_S308_comb,Mel60,T.CD4,post.treatment,Tirosh,2559,45713,2405,9367.53742049361
cy58_1_CD45_pos_F10_S646_comb,Mel58,T.CD8,post.treatment,Tirosh,2499,20620,2288,9006.021229475396
monika_C9_S125_comb_BCD8_3,Mel75,T.CD8,post.treatment,Tirosh,4976,714254,4812,9318.075136639794
cy102_CD45pos_S218,Mel102,T.CD4,post.treatment,New,4068,530443,3897,7256.2994249658495
cy102_CD45pos_S170,Mel102,T.CD4,post.treatment,New,5426,1125517,5284,10626.023978824374
cy128_CD45pos_S174,Mel128,B.cell,treatment.naive,New,3369,565978,3162,5613.68025276783
cy80_CD45_neg_D02_S422_comb,Mel80,?,treatment.naive,Tirosh,2717,80307,2508,8028.039533179132
cy75_1CORE_CD45pos_S17,Mel75,T.CD8,post.treatment,New,5101,584794,4950,9735.38823844141
MGH00478_CD45pos_1_S195,Mel478,T.CD4,treatment.naive,New,3792,382671,3605,7169.312339689661
cy60_1_cd_45_pos_3_F11_S359_comb,Mel60,T.CD4,post.treatment,Tirosh,3172,79591,2956,10008.689608251663
cy53_1_CD45_pos_1_G01_S73_comb,Mel53,T.CD8,treatment.naive,Tirosh,4971,305622,4756,10603.85434007613
CY58_1_CD45_A07_S967_comb,Mel58,T.CD8,post.treatment,Tirosh,3223,306944,3020,8208.461807406145
CY75_1FNA_A03_S483_comb,Mel75,T.CD8,post.treatment,Tirosh,2719,33418,2495,9258.198878517016
Cy80_II_CD45_A04_S868_comb,Mel80,?,treatment.naive,Tirosh,4642,213345,4420,12705.41789286218
cy79_p1_CD45_pos_PD1_neg_AS_C1_R2_E12_S540_comb,Mel79,B.cell,treatment.naive,Tirosh,3094,24056,2922,10572.030833559415
cy121.1_CD45pos_S379,Mel121.1,T.CD4,post.treatment,New,4425,775406,4248,7590.018048134078
Cy74_CD45_C01_S409_comb,Mel74,T.CD8,post.treatment,Tirosh,3190,144451,2981,8602.396092111165
cy102_CD45pos_S154,Mel102,T.CD4,post.treatment,New,4870,756974,4708,10086.276278922138
cy80_Cd45_pos_Pd1_neg_S200_A08_S200_comb,Mel80,B.cell,treatment.naive,Tirosh,4196,180141,3968,9885.8593712346
CY75_1_CD45_CD8_3__S119_comb_BCD8,Mel75,T.CD8,post.treatment,Tirosh,3378,148528,3179,8805.941330124333
cy79_p5_CD45_pos_PD1_pos_C02_S602_comb,Mel79,T.CD8,treatment.naive,Tirosh,3965,239407,3759,9485.162585323924
CY75_1_CD45_CD8_7__S210_comb_BCD8,Mel75,T.CD8,post.treatment,Tirosh,6342,233611,6223,15126.681665598438
cy60_1_cd_45_pos_HC_pos_HLDAR_pos_E07_S1015_comb,Mel60,T.cell,post.treatment,Tirosh,3237,122674,3032,9446.455584158484
cy98_CD45pos_CD8pos_S1,Mel98,T.CD8,post.treatment,New,5105,1212257,4953,10310.444613322114
cy106_CD45pos_S301,Mel106,T.cell,post.treatment,New,4582,1239586,4441,7429.2663257574095
Cy81_FNA_CD45_C01_S217_comb,Mel81,?,treatment.naive,Tirosh,3757,336239,3556,9040.555301603254
Cy81_FNA_CD45_G01_S265_comb,Mel81,T.CD8,treatment.naive,Tirosh,3518,292554,3301,8509.965691589587
cy79_p1_CD45_pos_PD1_pos_AS_C5_R1_D05_S233_comb,Mel79,T.CD4,treatment.naive,Tirosh,4360,80555,4137,12108.424603615755
cy110_CD45pos_S251,Mel110,Macrophage,post.treatment,New,6811,1047057,6634,11934.314783960308
cy53_1_CD45_neg_B04_S304_comb,Mel53,CAF,treatment.naive,Tirosh,4128,55326,3964,11864.277101642128
cy110_CD45pos_S241,Mel110,Macrophage,post.treatment,New,5527,282825,5364,12101.652322968894
cy105_CD45pos_S248,Mel105,T.CD4,treatment.naive,New,4923,767220,4788,9538.554655911583
cy110_CD45pos_S197,Mel110,Macrophage,post.treatment,New,7262,1187307,7070,12346.460725833564
cy80_Cd45_pos_Pd1_neg_S339_G03_S339_comb,Mel80,B.cell,treatment.naive,Tirosh,2442,20632,2272,8856.426859888052
cy79_p4_CD45_pos_PD1_pos_H09_S381_comb,Mel79,T.CD8,treatment.naive,Tirosh,3382,172199,3153,8053.053789031721
CY89A_Core_15_B08_S20_comb,Mel89,B.cell,treatment.naive,Tirosh,3363,113696,3148,8598.179448522607
cy79_p1_CD45_pos_PD1_neg_AS_C1_R2_F10_S550_comb,Mel79,B.cell,treatment.naive,Tirosh,2263,15158,2108,8778.84117009224
CY75_1_CD45_CD8_8__S344_comb_BCD8,Mel75,T.CD8,post.treatment,Tirosh,4762,162252,4586,12321.750117765401
cy94_cd45pos_4_E06_S54_comb,Mel94,T.CD8,post.treatment,Tirosh,4508,321657,4295,9095.68672660401
cy88_cd_45_pos_3_C07_S607_comb,Mel88,T.cell,post.treatment,Tirosh,2831,116816,2589,7212.0022562059585
cy04.3_CD45pos_S8,Mel04.3,T.CD8,post.treatment,New,3822,350730,3613,7706.589136038992
CY75_1_CD45_CD8_8__S359_comb_BCD8,Mel75,T.CD8,post.treatment,Tirosh,2290,88444,2115,5283.770175180258
cy88_cd_45_pos_B01_S397_comb,Mel88,T.cell,post.treatment,Tirosh,2447,31021,2302,9244.235349873397
CY88CD45_150813_C03_S315_comb,Mel88,Macrophage,post.treatment,Tirosh,7290,1534072,7117,14109.34357384744
cy53_1_CD45_pos_1_C11_S35_comb,Mel53,T.CD4,treatment.naive,Tirosh,3887,128670,3673,9455.500474328104
cy79_p3_CD45_pos_PD1_neg_G10_S178_comb,Mel79,B.cell,treatment.naive,Tirosh,4297,148841,4106,9263.33136445903
cy105_CD45pos_S215,Mel105,T.cell,treatment.naive,New,4203,258103,3995,9142.648029608255
cy110_CD45pos_S302,Mel110,T.CD4,post.treatment,New,4643,456652,4511,7572.3694827586805
cy98_CD45pos_1_S214,Mel98,T.CD8,post.treatment,New,4287,941479,4146,6901.051665051507
cy88_cd_45_pos_B09_S405_comb,Mel88,T.CD8,post.treatment,Tirosh,3101,34702,2985,11575.37842599417
cy60_1_cd_45_pos_3_A06_S294_comb,Mel60,B.cell,post.treatment,Tirosh,2437,36434,2253,8623.060585898607
cy79_p4_CD45_pos_PD1_pos_F09_S357_comb,Mel79,T.CD8,treatment.naive,Tirosh,3364,159628,3136,8648.740075287502
cy84_Primary_CD45_pos_A10_S394_comb,Mel84,B.cell,treatment.naive,Tirosh,3867,140243,3624,10203.978567501079
cy82_CD45_pos_1_D05_S521_comb,Mel82,T.cell,treatment.naive,Tirosh,2773,209680,2571,5801.21379710613
cy74_CD45_pos_B04_S688_comb,Mel74,T.CD8,post.treatment,Tirosh,2956,73960,2744,8565.334827475783
cy79_p1_CD45_pos_PD1_pos_AS_C5_R1_C01_S217_comb,Mel79,T.CD8,treatment.naive,Tirosh,4544,67207,4303,12624.654705641695
cy98_CD45pos_2_S331,Mel98,Macrophage,post.treatment,New,5994,690429,5795,12511.088303496794
cy98_CD45pos_CD8pos_S71,Mel98,T.CD8,post.treatment,New,5427,858624,5273,11420.640497377794
cy129PA_CD45pos_S75,Mel129pa,B.cell,treatment.naive,New,3909,684524,3714,6267.809464517649
CY94CD45POS_1_F12_S168_comb,Mel94,B.cell,post.treatment,Tirosh,5691,183926,5464,12142.370589101765
cy128_CD45pos_S114,Mel128,T.cell,treatment.naive,New,3761,949970,3573,5545.327048525774
CY75_1_CD45_CD8_8__S361_comb_BCD8,Mel75,T.CD8,post.treatment,Tirosh,4581,246096,4366,11568.120573563298
cy129PA_CD45pos_S68,Mel129pa,Macrophage,treatment.naive,New,8999,536531,8825,14430.522892766534
cy105_CD45pos_S234,Mel105,T.cell,treatment.naive,New,4513,405963,4318,9482.037922277952
cy126_CD45pos_1_S87,Mel126,T.cell,post.treatment,New,3940,381499,3760,7172.277165774736
cy98_CD45pos_CD8pos_S33,Mel98,T.CD8,post.treatment,New,4834,327063,4631,10674.062011428656
cy58_1_CD45_pos_H07_S667_comb,Mel58,T.CD8,post.treatment,Tirosh,2782,21081,2568,9814.969327284212
cy79_p3_CD45_pos_PD1_pos_AS_C2_R1_F09_S453_comb,Mel79,T.CD8,treatment.naive,Tirosh,2545,32551,2371,8952.23679781777
CY89COREQ1_G07_S367_comb,Mel89,B.cell,treatment.naive,Tirosh,2722,57000,2541,7594.702725351425
cy106_CD45neg_CD90neg_S317,Mel106,CAF,post.treatment,New,1851,859197,1761,6327.2746407165105
cy79_p4_CD45_pos_PD1_pos_D02_S326_comb,Mel79,T.CD8,treatment.naive,Tirosh,3564,180617,3351,8754.593427800717
cy94_cd45pos_F01_S157_comb,Mel94,T.CD8,post.treatment,Tirosh,4660,203282,4449,10027.007092267058
cy60_1_cd_45_pos_4_H08_S92_comb,Mel60,B.cell,post.treatment,Tirosh,5111,172624,4920,13199.365389100152
cy103_CD45pos_S234,Mel103,B.cell,treatment.naive,New,6306,554010,6110,11440.96690696856
cy102_CD45pos_S266,Mel102,T.cell,post.treatment,New,7173,936044,6953,13361.488113812662
MGH00478_CD45pos_1_S196,Mel478,T.CD8,treatment.naive,New,3824,450450,3658,7868.575084846815
cy80_Cd45_pos_Pd1_neg_S289_E01_S289_comb,Mel80,B.cell,treatment.naive,Tirosh,3959,87397,3720,10445.787800942586
cy98_CD45pos_CD8pos_S34,Mel98,T.CD8,post.treatment,New,4841,306721,4640,10711.635388827122
cy103_CD45pos_S190,Mel103,T.CD8,treatment.naive,New,4097,702402,3914,7488.97175395676
cy72_CD45_pos_A10_S874_comb,Mel72,T.CD4,post.treatment,Tirosh,3017,97964,2790,8552.005556408863
CY88CD45POS_2_F04_S448_comb,Mel88,Macrophage,post.treatment,Tirosh,4430,808191,4217,8364.497319741571
monika_B1_S108_comb_BCD8_3,Mel75,T.CD8,post.treatment,Tirosh,4548,597564,4377,9178.854718691677
cy116_CD45pos_S359,Mel116,T.CD4,treatment.naive,New,3292,181369,3078,7004.507463449367
CY89A_CD45_POS_6_G10_S178_comb,Mel89,T.cell,treatment.naive,Tirosh,2857,94005,2597,7794.02170233248
Cy81_FNA_CD45_A10_S202_comb,Mel81,T.cell,treatment.naive,Tirosh,2201,92127,1997,6874.154680145101
MGH00478_CD45pos_2_S340,Mel478,T.cell,treatment.naive,New,4218,570965,4031,8302.61361994379
cy102_CD45pos_S248,Mel102,Macrophage,post.treatment,New,4366,851207,4187,8275.920287290464
Cy74_CD45_E01_S433_comb,Mel74,T.cell,post.treatment,Tirosh,2097,62862,1916,6539.803964498007
cy80_CD45_neg_F12_S936_comb,Mel80,Endo.,treatment.naive,Tirosh,2972,8719,2917,12166.707381704182
cy79_p3_CD45_pos_PD1_pos_AS_C2_R1_F06_S450_comb,Mel79,T.CD8,treatment.naive,Tirosh,2124,16618,1971,8347.584075593652
cy103_CD45pos_S226,Mel103,T.CD8,treatment.naive,New,5375,916568,5213,9801.393047973905
CY89COREQ1_B11_S311_comb,Mel89,T.CD8,treatment.naive,Tirosh,4872,203917,4637,9029.371505970139
cy79_p1_CD45_pos_PD1_pos_AS_C5_R1_B09_S213_comb,Mel79,T.cell,treatment.naive,Tirosh,2420,25472,2274,9122.583331874475
cy129PB_CD45pos_S223,Mel129pb,T.CD4,treatment.naive,New,4968,1689461,4821,8784.824729195603
Cy81_FNA_CD45_B06_S210_comb,Mel81,T.cell,treatment.naive,Tirosh,3702,556894,3525,6730.413563650502
cy80_Cd45_pos_PD1_pos_S142_F10_S142_comb,Mel80,T.cell,treatment.naive,Tirosh,4098,126799,3854,10666.039518217276
CY75_1FNA_G03_S555_comb,Mel75,T.cell,post.treatment,Tirosh,3343,73364,3127,9264.00446555017
cy126_CD45pos_1_S89,Mel126,T.cell,post.treatment,New,4336,458330,4155,8631.695229710384
cy53_1_CD45_pos_2_D10_S1006_comb,Mel53,Macrophage,treatment.naive,Tirosh,2457,226373,2256,5623.934454551595
CY94CD45POS_1_F09_S165_comb,Mel94,B.cell,post.treatment,Tirosh,3119,79760,2892,8074.906390405775
cy53_1_CD45_pos_1_B11_S23_comb,Mel53,T.cell,treatment.naive,Tirosh,3930,65799,3743,9821.37491308567
cy121.1_CD45pos_S347,Mel121.1,Macrophage,post.treatment,New,5481,995902,5329,10216.763631386528
Merck_CD45pos_pl4_S74,Mel194,T.CD8,post.treatment,New,4191,649221,4036,7618.900457071952
CY89COREQ1_A07_S295_comb,Mel89,T.CD8,treatment.naive,Tirosh,3488,101542,3280,9232.317337948858
cy60_1_cd_45_pos_3_E06_S342_comb,Mel60,B.cell,post.treatment,Tirosh,3712,164412,3495,9772.264853257431
Cy74_CD45_H12_S480_comb,Mel74,T.cell,post.treatment,Tirosh,4419,12491,4310,15195.003411336309
Cy71_CD45_C01_S505_comb,Mel71,T.CD4,treatment.naive,Tirosh,2674,150994,2487,6691.4227054151015
cy98_CD45pos_CD8pos_S84,Mel98,T.CD8,post.treatment,New,3579,875524,3404,6480.62883191841
cy60_1_cd_45_pos_HC_pos_HLDAR_pos_C07_S991_comb,Mel60,B.cell,post.treatment,Tirosh,3357,88238,3146,9939.523035065
cy98_CD45pos_1_S240,Mel98,?,post.treatment,New,1992,577961,1881,6004.576400338024
cy121.1_CD45pos_S333,Mel121.1,Macrophage,post.treatment,New,4984,886202,4835,9153.845456446794
cy94_cd45neg_cd90pos_E06_S342_comb,Mel94,T.CD4,post.treatment,Tirosh,6213,1005111,6026,12360.617340994924
monika_D4_S129_comb_BCD8_3,Mel75,T.CD8,post.treatment,Tirosh,5075,1266894,4947,8825.604391936175
cy129PA_CD45pos_S28,Mel129pa,T.CD8,treatment.naive,New,5459,864247,5284,11083.724655991478
cy84_Met_CD45_pos_F04_S928_comb,Mel84,T.cell,treatment.naive,Tirosh,2850,123403,2670,8099.092526615668
cy82_CD45_pos_3_H10_S94_comb,Mel82,T.CD8,treatment.naive,Tirosh,3046,39620,2893,10628.752148487813
cy94_cd45pos_4_A09_S9_comb,Mel94,T.CD8,post.treatment,Tirosh,4524,297180,4335,9415.183932985006
cy84_Primary_CD45_pos_H01_S469_comb,Mel84,B.cell,treatment.naive,Tirosh,4072,208504,3849,9183.294509691983
CY75_1FNA_E11_S539_comb,Mel75,T.CD8,post.treatment,Tirosh,3697,83859,3460,10430.683401016922
cy84_Primary_CD45_pos_E04_S436_comb,Mel84,T.cell,treatment.naive,Tirosh,3661,200200,3450,8071.241084721612
cy98_CD45pos_2_S364,Mel98,Macrophage,post.treatment,New,4669,805386,4502,9874.881438449831
Cy72_CD45_E01_S721_comb,Mel72,T.CD4,post.treatment,Tirosh,3029,131527,2814,7304.7947890103405
CY116CD45neg_CD90neg_S196,Mel116,?,treatment.naive,New,4769,1475095,4665,7659.417237472646
cy98_CD45pos_1_S237,Mel98,T.CD4,post.treatment,New,3508,452305,3306,6877.344900705253
cy04.3_CD45pos_S17,Mel04.3,T.CD8,post.treatment,New,3809,699435,3628,6001.210074785726
MGH00478_CD45pos_1_S214,Mel478,T.CD4,treatment.naive,New,4243,457815,4050,8445.209614779698
cy106_CD45pos_S227,Mel106,B.cell,post.treatment,New,3094,875416,2937,3899.8934983403087
cy80_CD_90_pos_A02_S866_comb,Mel80,CAF,treatment.naive,Tirosh,7594,322825,7387,17559.81227275365
cy79_p1_CD45_pos_PD1_neg_AS_C1_R2_G06_S558_comb,Mel79,B.cell,treatment.naive,Tirosh,2913,28302,2704,9764.999838572528
cy82_CD45_pos_3_G11_S83_comb,Mel82,T.cell,treatment.naive,Tirosh,2432,13982,2309,8203.537802814393
cy126_CD45pos_1_S17,Mel126,Macrophage,post.treatment,New,5380,704555,5220,10747.616947487366
cy129PA_CD45pos_S43,Mel129pa,Macrophage,treatment.naive,New,5537,1040444,5324,9491.571421459925
cy60_1_cd_45_pos_4_E08_S56_comb,Mel60,T.cell,post.treatment,Tirosh,3073,104165,2842,9211.495907345154
cy105_Zombineg_CD45neg_CD90neg_S151,Mel105,?,treatment.naive,New,2468,559626,2301,4831.803815003279
cy98_CD45pos_CD8pos_S73,Mel98,T.CD8,post.treatment,New,4036,618762,3865,8242.189589480427
cy106_CD45pos_S222,Mel106,B.cell,post.treatment,New,4178,951259,4038,6340.563238957278
cy80_Cd45_pos_PD1_pos_B07_S43_comb,Mel80,T.CD8,treatment.naive,Tirosh,4280,109096,4033,11643.260095610127
CY75_1_CD45_CD8_3__S128_comb_BCD8,Mel75,T.CD8,post.treatment,Tirosh,4487,173812,4295,12265.105861810911
cy98_CD45pos_1_S208,Mel98,T.cell,post.treatment,New,4640,1212666,4470,7066.942362494179
Cy72_CD45_C02_S698_comb,Mel72,T.CD4,post.treatment,Tirosh,3718,262769,3500,8524.262771954182
CY89A_CD45_POS_6_B11_S119_comb,Mel89,T.cell,treatment.naive,Tirosh,3543,221290,3326,7092.3159438980965
cy102_CD45pos_S208,Mel102,T.CD4,post.treatment,New,4753,392472,4566,8871.007762490604
cy75_1B_CORE_CD45neg_S132,Mel75,CAF,post.treatment,New,6809,1471488,6666,12930.121360331672
cy74_CD45_pos_C05_S701_comb,Mel74,T.CD8,post.treatment,Tirosh,2790,28854,2635,9972.72496882909
CY88CD45POS_2_G09_S465_comb,Mel88,T.cell,post.treatment,Tirosh,4989,917207,4828,10596.314049627783
cy105_CD45pos_S216,Mel105,T.cell,treatment.naive,New,4469,574802,4319,7980.591035067997
cy102_CD45pos_S160,Mel102,T.CD8,post.treatment,New,5822,410262,5640,12196.386085448397
cy98_CD45pos_2_S374,Mel98,Macrophage,post.treatment,New,5765,1202363,5597,11327.26057011047
cy112_CD45pos_S327,Mel112,T.CD4,treatment.naive,New,5344,1614728,5208,9749.368259196382
Cy74_CD45_E09_S441_comb,Mel74,T.CD8,post.treatment,Tirosh,2605,95181,2407,7619.41907200604
cy60_1_cd_45_pos_HC_pos_HLDAR_pos_A08_S968_comb,Mel60,B.cell,post.treatment,Tirosh,3722,100480,3514,11055.547075573815
CY75_1_CD45_CD8_3__S122_comb_BCD8,Mel75,T.CD8,post.treatment,Tirosh,4479,130476,4259,12186.34167637414
CY88CD45_150813_G12_S372_comb,Mel88,Macrophage,post.treatment,Tirosh,4579,686863,4352,9704.67570928867
cy110_CD45pos_S256,Mel110,Macrophage,post.treatment,New,6712,1057676,6536,11656.214903614018
CY75_1FNA_H02_S566_comb,Mel75,T.CD4,post.treatment,Tirosh,3621,65466,3388,10864.744235337443
cy81_Bulk_CD45_neg_H08_S188_comb,Mel81,CAF,treatment.naive,Tirosh,4730,259114,4543,7545.944567487619
cy94_cd45pos_D01_S133_comb,Mel94,B.cell,post.treatment,Tirosh,8976,1217964,8884,15066.730965473971
MGH00478_CD45pos_2_S379,Mel478,B.cell,treatment.naive,New,4664,588234,4485,9535.567683614863
cy75_1CORE_CD45pos_S19,Mel75,T.cell,post.treatment,New,4914,554791,4760,9613.792865371488
cy80_CD45_neg_D07_S427_comb,Mel80,?,treatment.naive,Tirosh,5024,302857,4785,11132.285920630062
cy121.1_CD45neg_S291,Mel121.1,Endo.,post.treatment,New,2474,1527312,2331,6208.8326681714325
cy84_Met_CD45_pos_F09_S933_comb,Mel84,T.CD8,treatment.naive,Tirosh,2568,60483,2399,8722.443793862334
cy80_Cd45_pos_PD1_pos_D05_S89_comb,Mel80,T.CD4,treatment.naive,Tirosh,4114,64418,3919,11986.260711505041
cy94_cd45pos_H10_S190_comb,Mel94,T.cell,post.treatment,Tirosh,3867,277931,3646,8039.515358177523
Cy81_Bulk_CD45_D05_S137_comb,Mel81,?,treatment.naive,Tirosh,3176,259276,2965,6198.621332272422
cy116_CD45pos_S296,Mel116,T.CD4,treatment.naive,New,4153,342361,3972,8731.012838359038
cy98_CD45pos_CD8pos_S62,Mel98,T.CD8,post.treatment,New,3219,812058,3073,5094.869944034609
CY88CD45POS_7_E03_S243_comb,Mel88,B.cell,post.treatment,Tirosh,5093,661784,4883,9460.942397027226
cy60_1_cd_45_pos_HC_pos_HLDAR_pos_E02_S1010_comb,Mel60,B.cell,post.treatment,Tirosh,3232,81837,3007,9399.789707237103
cy60_1_cd_45_pos_3_A08_S296_comb,Mel60,B.cell,post.treatment,Tirosh,3716,67504,3506,11723.638950507626
CY58_1_CD45_F12_S1032_comb,Mel58,T.CD8,post.treatment,Tirosh,3287,149412,3071,8277.256924289319
Merck_CD45pos_pl4_S30,Mel194,T.CD4,post.treatment,New,5167,1319861,5035,10268.619219636745
cy60_1_cd_45_pos_3_E12_S348_comb,Mel60,B.cell,post.treatment,Tirosh,3027,35058,2880,10770.909500426296
cy103_CD45pos_S278,Mel103,T.cell,treatment.naive,New,5673,403812,5504,12311.075204160483
MGH00478_CD45pos_2_S375,Mel478,T.CD8,treatment.naive,New,4189,739158,4023,7527.835883691364
CY75_1_CD45_CD8_7__S240_comb_BCD8,Mel75,T.CD8,post.treatment,Tirosh,6922,243783,6804,16933.38418157357
CY88_5_F07_S739_comb,Mel88,?,post.treatment,Tirosh,3221,36993,3018,9761.42175291649
CY88CD45POS_2_C01_S409_comb,Mel88,Macrophage,post.treatment,Tirosh,7172,1691151,6979,13533.857297076294
CY89A_CD45_POS_6_B08_S116_comb,Mel89,T.CD8,treatment.naive,Tirosh,3371,124180,3128,8425.962873687353
CY89FNA_B07_S211_comb,Mel89,?,treatment.naive,Tirosh,3356,281282,3136,6697.06879105993
CY75_1_CD45_CD8_1__S93_comb_BCD8,Mel75,T.CD8,post.treatment,Tirosh,3965,192394,3753,10126.513903446812
CY88CD45POS_2_D06_S426_comb,Mel88,Macrophage,post.treatment,Tirosh,2763,560375,2594,6488.409968904231
cy110_CD45pos_S314,Mel110,T.cell,post.treatment,New,4559,939448,4358,6505.175672094136
cy94_cd45neg_cd90pos_D03_S327_comb,Mel94,Endo.,post.treatment,Tirosh,4315,300437,4095,9386.498242393014
cy98_CD45pos_2_S380,Mel98,Macrophage,post.treatment,New,5193,874343,5035,11494.22883617043
cy121.1_CD45pos_S345,Mel121.1,T.cell,post.treatment,New,3799,774926,3608,6628.686013661298
cy105_CD45pos_calceinpos_S5,Mel105,T.CD8,treatment.naive,New,4086,304444,3896,9112.732454828709
CY89A_Core_15_H09_S93_comb,Mel89,T.CD8,treatment.naive,Tirosh,3686,192986,3444,8712.42876727071
cy126_CD45pos_1_S49,Mel126,T.CD4,post.treatment,New,4281,858131,4116,7930.209508050535
cy121.1_CD45pos_S336,Mel121.1,T.cell,post.treatment,New,5069,390714,4938,10188.030133435572
Cy81_Bulk_CD45_F04_S160_comb,Mel81,Endo.,treatment.naive,Tirosh,3165,162839,2949,5397.4603064161365
cy103_CD45neg_CD90neg_S58,Mel103,Endo.,treatment.naive,New,3299,434324,3088,6590.381504856164
Cy81_Bulk_CD45_G05_S173_comb,Mel81,?,treatment.naive,Tirosh,2360,198402,2125,4956.203602497693
cy102_CD45pos_S280,Mel102,T.CD4,post.treatment,New,5033,644525,4840,10529.58061686407
cy58_1_CD45_pos_B08_S596_comb,Mel58,T.CD8,post.treatment,Tirosh,4206,72776,3984,11667.200097567506
Merck_CD45pos_pl4_S49,Mel194,T.CD8,post.treatment,New,4868,1109841,4737,9109.364890116143
cy79_p1_CD45_pos_PD1_neg_AS_C1_R2_H05_S569_comb,Mel79,B.cell,treatment.naive,Tirosh,3063,38713,2859,9240.792732807153
CY89A_CD45_POS_6_G06_S174_comb,Mel89,T.cell,treatment.naive,Tirosh,4072,147130,3824,9026.745207284544
CY75_1_CD45_CD8_3__S190_comb_BCD8,Mel75,T.CD8,post.treatment,Tirosh,5484,432052,5355,12337.596830499795
cy79_p1_CD45_pos_PD1_neg_AS_C1_R2_D10_S526_comb,Mel79,B.cell,treatment.naive,Tirosh,2773,33070,2610,9101.646305745573
cy94_cd45pos_D09_S141_comb,Mel94,B.cell,post.treatment,Tirosh,4102,64909,3901,11550.67911233988
merck_cd45pos_PL3_S314,Mel194,T.CD4,post.treatment,New,5083,859476,4918,9990.741549522276
cy74_CD45_pos_C06_S702_comb,Mel74,T.CD8,post.treatment,Tirosh,3434,84058,3245,10201.06916196438
CY88CD45_150813_H01_S373_comb,Mel88,T.cell,post.treatment,Tirosh,3568,195893,3360,6857.8550043391115
cy106_CD45pos_S381,Mel106,T.CD4,post.treatment,New,4750,1074339,4601,8313.005791095811
CY75_1_CD45_CD8_3__S147_comb_BCD8,Mel75,T.CD8,post.treatment,Tirosh,5317,229214,5131,13749.06056101656
cy129PA_CD45pos_S29,Mel129pa,Macrophage,treatment.naive,New,4807,655752,4623,9767.838646265805
Cy80_II_CD45_C12_S900_comb,Mel80,Endo.,treatment.naive,Tirosh,3901,138022,3684,10674.283784451516
cy94_cd45neg_cd90pos_F12_S360_comb,Mel94,Endo.,post.treatment,Tirosh,4085,93967,3921,11736.743679956737
cy110_CD45pos_S228,Mel110,T.CD8,post.treatment,New,5433,875246,5287,10128.924131633585
cy128_CD45pos_S134,Mel128,T.CD4,treatment.naive,New,3843,877417,3692,5849.32118574022
cy98_CD45pos_2_S295,Mel98,T.CD8,post.treatment,New,3677,341253,3515,8381.469546401477
CY89A_Core_15_E03_S51_comb,Mel89,T.CD8,treatment.naive,Tirosh,2553,41627,2388,9116.352195658328
cy79_p5_CD45_pos_PD1_pos_F06_S642_comb,Mel79,T.CD8,treatment.naive,Tirosh,3256,132267,3026,8852.521969129903
cy98_CD45pos_CD8pos_S17,Mel98,T.cell,post.treatment,New,4870,491924,4715,10021.87282038801
cy112_CD45neg_CD90neg_S120,Mel112,?,treatment.naive,New,1990,633739,1808,3759.520841474985
cy98_CD45pos_CD8pos_S29,Mel98,T.CD8,post.treatment,New,5300,320429,5123,11679.514738130947
cy79_p5_CD45_pos_PD1_pos_E11_S635_comb,Mel79,T.CD8,treatment.naive,Tirosh,5158,125307,4926,12483.36461514817
CY89A_CD45_POS_10_G09_S273_comb,Mel89,T.CD8,treatment.naive,Tirosh,2145,25018,1983,7803.071504192592
cy60_1_cd_45_pos_HC_pos_HLDAR_pos_H09_S1053_comb,Mel60,B.cell,post.treatment,Tirosh,3001,75448,2819,9662.745382423704
cy04.3_CD45pos_S84,Mel04.3,T.CD8,post.treatment,New,4433,604501,4222,8890.202062397198
cy94_cd45pos_4_E01_S49_comb,Mel94,B.cell,post.treatment,Tirosh,6288,598671,6140,12371.192831770004
cy79_p1_CD45_pos_PD1_pos_AS_C5_R1_H04_S280_comb,Mel79,T.CD8,treatment.naive,Tirosh,3000,30443,2810,10262.711858752122
Cy72_CD45_E04_S724_comb,Mel72,T.cell,post.treatment,Tirosh,3515,115671,3299,8818.023413311173
cy98_CD45pos_1_S230,Mel98,Macrophage,post.treatment,New,6021,1356748,5836,11365.844590730596
cy121.1_CD45pos_S313,Mel121.1,T.CD8,post.treatment,New,4591,671710,4393,8621.775305073337
cy04.3_CD45pos_S87,Mel04.3,T.CD4,post.treatment,New,3991,860455,3837,7128.240104161754
cy60_1_cd_45_pos_3_A03_S291_comb,Mel60,NK,post.treatment,Tirosh,2482,41619,2265,8598.915060940722
Cy74_CD45_E07_S439_comb,Mel74,T.CD8,post.treatment,Tirosh,2851,128480,2632,8038.044134187607
CY89FNA_B10_S214_comb,Mel89,T.CD8,treatment.naive,Tirosh,2978,72092,2776,8918.6825802535
CY89COREQ1_A02_S290_comb,Mel89,T.CD4,treatment.naive,Tirosh,3900,130918,3682,8984.662994656463
CY89A_CD45_POS_6_C12_S132_comb,Mel89,B.cell,treatment.naive,Tirosh,2902,116511,2659,6582.625941459848
Cy74_CD45_F04_S448_comb,Mel74,T.CD8,post.treatment,Tirosh,3279,125292,3087,9553.137140731418
cy94_cd45pos_4_E12_S60_comb,Mel94,B.cell,post.treatment,Tirosh,3764,16419,3583,11775.15810297979
Cy74_CD45_H08_S476_comb,Mel74,Macrophage,post.treatment,Tirosh,2994,119659,2801,8819.963721503977
cy126_CD45pos_1_S54,Mel126,Macrophage,post.treatment,New,5764,860487,5591,11826.598156784217
cy105_CD45pos_S261,Mel105,B.cell,treatment.naive,New,4581,765768,4410,8081.746819604916
cy80_Cd45_pos_Pd1_neg_S199_A07_S199_comb,Mel80,B.cell,treatment.naive,Tirosh,3399,83091,3151,8485.161416749383
cy94_cd45pos_4_D04_S40_comb,Mel94,B.cell,post.treatment,Tirosh,5774,883409,5661,11300.39524013619
cy129PA_CD45pos_S49,Mel129pa,B.cell,treatment.naive,New,4164,620916,3971,7153.24338601342
cy98_CD45pos_2_S336,Mel98,NK,post.treatment,New,4163,389731,3992,8340.782467508432
CY75_1_CD45_CD8_3__S170_comb_BCD8,Mel75,T.CD8,post.treatment,Tirosh,4001,142896,3786,10550.61271058796
cy58_1_CD45_pos_D10_S622_comb,Mel58,T.CD8,post.treatment,Tirosh,2199,13711,2052,8803.827411593265
Cy81_Bulk_CD45_D09_S141_comb,Mel81,?,treatment.naive,Tirosh,12845,323404,12740,22063.452578900353
cy72_CD45_pos_E06_S918_comb,Mel72,T.cell,post.treatment,Tirosh,2524,38350,2344,8092.478674928909
CY89COREQ1_D10_S334_comb,Mel89,T.CD8,treatment.naive,Tirosh,3520,112556,3290,8856.500748593593
cy94_cd45neg_cd90pos_G05_S365_comb,Mel94,?,post.treatment,Tirosh,3625,194174,3384,10005.162913374517
cy60_1_cd_45_pos_3_A10_S298_comb,Mel60,B.cell,post.treatment,Tirosh,2178,66853,2003,4241.364551577437
cy94_cd45pos_4_H04_S88_comb,Mel94,T.CD4,post.treatment,Tirosh,4370,463522,4179,8594.537772399584
cy88_cd_45_pos_C09_S417_comb,Mel88,T.CD4,post.treatment,Tirosh,2855,79471,2640,8705.065419009503
cy75_1B_CD45pos_S29,Mel75,T.CD4,post.treatment,New,4320,514776,4153,8130.908194692
Cy81_FNA_CD45_H07_S283_comb,Mel81,T.CD4,treatment.naive,Tirosh,2365,102948,2159,6041.240875359159
cy72_CD45_pos_H02_S950_comb,Mel72,T.CD4,post.treatment,Tirosh,3369,77670,3137,9331.64680884972
cy110_CD45pos_S326,Mel110,Macrophage,post.treatment,New,7274,2035013,7113,12333.501638911715
cy80_CD45_pos_PD1_pos_F07_S163_comb,Mel80,T.CD4,treatment.naive,Tirosh,4199,120550,3991,11105.144896242009
CY75_1_CD45_CD8_7__S214_comb_BCD8,Mel75,T.CD8,post.treatment,Tirosh,4083,312645,3885,9295.072439270358
cy79_p5_CD45_pos_PD1_pos_E07_S631_comb,Mel79,T.CD8,treatment.naive,Tirosh,4300,87033,4107,10746.251838655553
cy58_1_CD45_pos_H01_S661_comb,Mel58,T.CD8,post.treatment,Tirosh,4106,195791,3919,9418.423956182383
Cy81_Bulk_CD45_B01_S109_comb,Mel81,?,treatment.naive,Tirosh,4650,891914,4439,7869.21870509053
cy80_Cd45_pos_Pd1_neg_S296_E08_S296_comb,Mel80,B.cell,treatment.naive,Tirosh,3856,61421,3626,10721.47549769594
CY89A_CD45_POS_6_D08_S140_comb,Mel89,B.cell,treatment.naive,Tirosh,2657,55553,2426,7516.669324881954
Cy71_CD45_G04_S556_comb,Mel71,T.CD8,treatment.naive,Tirosh,3145,115473,2932,9031.077393438929
cy60_1_cd_45_pos_4_C07_S31_comb,Mel60,NK,post.treatment,Tirosh,3277,64503,3066,10724.015991443468
cy60_1_cd_45_pos_3_E10_S346_comb,Mel60,T.CD8,post.treatment,Tirosh,3317,98203,3113,10043.391253356729
CY89A_CD45_POS_6_H01_S181_comb,Mel89,T.CD4,treatment.naive,Tirosh,2385,28366,2218,8242.0769444957
cy94_cd45pos_4_B10_S22_comb,Mel94,B.cell,post.treatment,Tirosh,3508,358312,3317,6889.303079592466
cy82_CD45_pos_1_E09_S537_comb,Mel82,T.CD4,treatment.naive,Tirosh,4177,358658,3961,9588.926889597984
cy75_1B_CORE_CD45neg_S113,Mel75,?,post.treatment,New,6961,1369466,6844,12918.409244005747
cy04.3_CD45pos_S20,Mel04.3,T.cell,post.treatment,New,2944,622478,2772,4373.279201042465
cy105_CD45pos_S198,Mel105,B.cell,treatment.naive,New,2590,1555950,2446,6702.7186690207145
cy79_p1_CD45_pos_PD1_pos_AS_C5_R1_F11_S263_comb,Mel79,T.CD8,treatment.naive,Tirosh,3011,33617,2833,10541.430203739194
cy105_Zombineg_CD45neg_CD90neg_S128,Mel105,Endo.,treatment.naive,New,6282,652265,6125,12661.466864896849
cy121.1_CD45pos_S200,Mel121.1,T.CD8,post.treatment,New,4986,1949716,4855,7569.91868270565
cy79_p3_CD45_pos_PD1_pos_AS_C2_R1_G07_S463_comb,Mel79,T.CD8,treatment.naive,Tirosh,2023,16397,1876,7877.371961232581
cy94_cd45neg_cd90pos_C10_S322_comb,Mel94,CAF,post.treatment,Tirosh,3587,77718,3370,11213.01808261588
cy80_Cd45_pos_PD1_pos_A07_S19_comb,Mel80,T.cell,treatment.naive,Tirosh,5248,228976,5012,12688.99443825117
cy102_CD45pos_S225,Mel102,T.CD4,post.treatment,New,7705,471147,7514,14575.996283169901
cy105_CD45pos_calceinpos_S33,Mel105,T.CD4,treatment.naive,New,2860,148825,2665,7325.723277576955
cy112_CD45pos_S14,Mel112,B.cell,treatment.naive,New,3742,3381835,3579,5245.0439544521105
cy75_1B_CORE_CD45neg_S187,Mel75,CAF,post.treatment,New,2038,1283497,1936,5874.830692326691
cy04.3_CD45pos_S96,Mel04.3,T.cell,post.treatment,New,2339,13303,2151,9518.942591324936
cy98_CD45pos_2_S368,Mel98,T.CD4,post.treatment,New,4320,409190,4151,9867.938004907479
cy74_CD45_pos_G12_S756_comb,Mel74,B.cell,post.treatment,Tirosh,2909,63229,2724,8029.8380934666975
cy88_cd_45_pos_G01_S457_comb,Mel88,T.CD8,post.treatment,Tirosh,2314,24487,2187,9095.213725781668
MGH00478_CD45pos_2_S357,Mel478,T.cell,treatment.naive,New,3312,387559,3103,6410.358511655558
cy88_cd_45_pos_H07_S475_comb,Mel88,T.CD8,post.treatment,Tirosh,5542,200708,5328,14482.440306277666
Merck_CD45pos_pl4_S86,Mel194,T.cell,post.treatment,New,4534,914244,4398,8791.358441317274
cy79_p5_CD45_pos_PD1_pos_D06_S618_comb,Mel79,T.CD4,treatment.naive,Tirosh,3991,172905,3800,10619.293461672305
cy121.1_CD45pos_S360,Mel121.1,T.CD4,post.treatment,New,4426,760204,4247,8434.36518008692
cy79_p4_CD45_pos_PD1_pos_A11_S299_comb,Mel79,T.CD4,treatment.naive,Tirosh,2647,128851,2433,6326.338090817648
CY89A_Core_15_A12_S12_comb,Mel89,T.CD8,treatment.naive,Tirosh,2467,35096,2293,8729.40171588968
Merck_CD45pos_pl4_S32,Mel194,T.CD8,post.treatment,New,4476,811287,4335,8242.052935689531
cy103_CD45pos_S276,Mel103,T.CD8,treatment.naive,New,8501,157064,8367,18815.496788384808
cy79_p4_CD45_pos_PD1_pos_F06_S354_comb,Mel79,T.CD4,treatment.naive,Tirosh,3261,146655,3035,8054.540525466372
cy105_CD45pos_S220,Mel105,B.cell,treatment.naive,New,4965,625437,4788,9714.378510235063
cy103_CD45pos_S273,Mel103,Macrophage,treatment.naive,New,6078,494228,5888,12034.31620892729
Merck_CD45pos_pl4_S28,Mel194,T.CD8,post.treatment,New,4575,854323,4420,8943.554296540042
CY58_1_CD45_B07_S979_comb,Mel58,T.CD8,post.treatment,Tirosh,2808,248510,2593,6487.444897757572
CY89A_CD45_POS_6_A07_S103_comb,Mel89,T.CD4,treatment.naive,Tirosh,2867,41047,2677,9659.898589741302
cy116_CD45pos_S307,Mel116,T.CD8,treatment.naive,New,3993,398434,3778,7859.613838152302
cy79_p3_CD45_pos_PD1_neg_G12_S180_comb,Mel79,B.cell,treatment.naive,Tirosh,3635,212859,3428,7714.323729785907
Merck_CD45pos_pl4_S20,Mel194,T.CD8,post.treatment,New,4352,521653,4176,9321.228905175878
CY58_1_CD45_D04_S1000_comb,Mel58,T.cell,post.treatment,Tirosh,2973,107768,2743,7645.851721993384
cy105_CD45pos_S209,Mel105,T.CD4,treatment.naive,New,4511,375384,4350,9323.261406445246
cy72_CD45_pos_G07_S943_comb,Mel72,B.cell,post.treatment,Tirosh,3978,127014,3740,9564.760714603763
cy53_1_CD45_pos_1_G03_S75_comb,Mel53,T.cell,treatment.naive,Tirosh,3535,105420,3320,9689.311106894871
cy103_CD45pos_S239,Mel103,B.cell,treatment.naive,New,6937,676666,6787,13738.621684429647
cy121.1_CD45pos_S297,Mel121.1,B.cell,post.treatment,New,5163,996144,5018,9465.56009296819
cy88_cd45pos_5_B05_S209_comb,Mel88,B.cell,post.treatment,Tirosh,5597,752337,5411,11957.867508776793
Cy72_CD45_A03_S675_comb,Mel72,B.cell,post.treatment,Tirosh,3340,174901,3112,7305.191684405168
MGH00478_CD45pos_1_S274,Mel478,NK,treatment.naive,New,3983,496835,3797,7424.45219195699
CY89A_CD45_POS_6_C05_S125_comb,Mel89,T.CD8,treatment.naive,Tirosh,4370,112360,4184,11629.48038454267
cy105_CD45pos_S194,Mel105,Macrophage,treatment.naive,New,5661,522658,5498,11716.760677913173
cy121.1_CD45pos_S215,Mel121.1,T.CD8,post.treatment,New,4090,1353488,3932,6058.249370876152
CY89A_CD45_POS_6_A12_S108_comb,Mel89,T.CD8,treatment.naive,Tirosh,2751,112184,2516,7274.683916677327
cy116_CD45pos_S303,Mel116,B.cell,treatment.naive,New,4063,439301,3863,7122.125736540877
cy110_CD45pos_S289,Mel110,Macrophage,post.treatment,New,10484,1151616,10328,14134.552968550555
cy75_1B_CORE_CD45neg_S149,Mel75,CAF,post.treatment,New,7036,1347844,6883,12205.028566813507
cy102_CD45pos_S240,Mel102,T.CD4,post.treatment,New,3561,191708,3338,7789.622814831394
cy82_CD45_pos_2_F01_S541_comb,Mel82,T.cell,treatment.naive,Tirosh,3975,259333,3774,8596.476951177014
cy60_1_cd_45_pos_HC_pos_HLDAR_pos_D05_S1001_comb,Mel60,B.cell,post.treatment,Tirosh,2484,52680,2297,8100.37641551236
cy103_CD45pos_S241,Mel103,Macrophage,treatment.naive,New,4011,365790,3881,10914.706590725145
cy80_CD45_pos_PD1_pos_B08_S116_comb,Mel80,B.cell,treatment.naive,Tirosh,4024,46087,3869,12134.429842386122
MGH00478_CD45pos_2_S329,Mel478,T.CD4,treatment.naive,New,4200,615443,4021,7907.497507518667
MGH00478_CD45pos_1_S212,Mel478,T.CD8,treatment.naive,New,3924,594677,3723,7573.994336422013
cy60_1_cd_45_pos_3_B11_S311_comb,Mel60,T.CD8,post.treatment,Tirosh,4852,204427,4641,13653.862321431961
cy105_CD45pos_calceinpos_S1,Mel105,T.CD4,treatment.naive,New,4651,385375,4455,9343.270460192945
cy79_p5_CD45_pos_PD1_pos_B03_S591_comb,Mel79,T.cell,treatment.naive,Tirosh,3305,73467,3104,10069.911201031682
cy98_CD45pos_2_S303,Mel98,T.cell,post.treatment,New,3970,559188,3756,7723.2273929907615
CY84_PRIM_POS_ALL_8_B11_S119_comb,Mel84,Macrophage,treatment.naive,Tirosh,4794,260653,4589,11633.06018463622
cy53_1_CD45_neg_D12_S336_comb,Mel53,Endo.,treatment.naive,Tirosh,5006,59104,4864,14031.260305639182
MGH00478_CD45pos_1_S219,Mel478,T.CD8,treatment.naive,New,3876,510229,3691,7576.239810484887
cy105_CD45pos_S251,Mel105,T.CD4,treatment.naive,New,4176,266416,3976,9577.500350175316
CY89NEG_C11_S35_comb,Mel89,Endo.,treatment.naive,Tirosh,4609,146779,4364,11959.88676546334
cy88_cd_45_pos_E09_S441_comb,Mel88,T.cell,post.treatment,Tirosh,3411,72383,3227,10578.451196928338
Cy81_FNA_CD45_A11_S203_comb,Mel81,T.cell,treatment.naive,Tirosh,2633,112345,2450,6950.551191474172
cy88_cd45pos_5_D01_S229_comb,Mel88,Macrophage,post.treatment,Tirosh,8105,3520137,7982,13210.342020253469
Cy81_Bulk_CD45_C09_S129_comb,Mel81,?,treatment.naive,Tirosh,13276,335832,13175,22081.032408108724
cy79_p3_CD45_pos_PD1_pos_AS_C2_R1_B03_S399_comb,Mel79,T.CD8,treatment.naive,Tirosh,3815,47140,3636,12299.219736544303
cy60_1_cd_45_pos_3_H06_S378_comb,Mel60,B.cell,post.treatment,Tirosh,2658,52395,2495,8999.390684104972
MGH00478_CD45pos_2_S343,Mel478,B.cell,treatment.naive,New,4089,496386,3925,7538.889018092918
cy105_CD45pos_calceinpos_S42,Mel105,T.CD8,treatment.naive,New,3701,392820,3494,7849.727452814325
cy79_p3_CD45_pos_PD1_neg_A08_S104_comb,Mel79,B.cell,treatment.naive,Tirosh,2970,92440,2785,7890.726257272419
cy98_CD45pos_2_S375,Mel98,T.CD8,post.treatment,New,3746,515546,3561,7485.140869947039
cy102_CD45pos_S269,Mel102,T.cell,post.treatment,New,2095,26813,2001,7160.206501314709
cy116_CD45pos_S364,Mel116,T.CD8,treatment.naive,New,4187,460020,4000,8681.245182048107
CY58_1_CD45_C03_S987_comb,Mel58,T.cell,post.treatment,Tirosh,3175,219377,2971,7437.484508784714
cy79_p4_CD45_pos_PD1_pos_A09_S297_comb,Mel79,T.CD8,treatment.naive,Tirosh,3047,105113,2838,8529.624157996706
cy94_cd45neg_cd90pos_H03_S375_comb,Mel94,B.cell,post.treatment,Tirosh,4195,144203,3949,9363.995866830006
cy75_1B_CORE_CD45neg_S146,Mel75,CAF,post.treatment,New,7573,1677519,7416,13679.769777392645
cy129PA_CD45pos_S82,Mel129pa,T.CD8,treatment.naive,New,3971,625052,3766,7767.458003658625
CY75_1FNA_G01_S553_comb,Mel75,T.CD8,post.treatment,Tirosh,3433,75395,3184,10012.807901221035
cy79_p4_CD45_pos_PD1_pos_E03_S339_comb,Mel79,T.CD8,treatment.naive,Tirosh,2659,139649,2417,6614.375235261066
CY58_1_CD45_B11_S983_comb,Mel58,T.CD8,post.treatment,Tirosh,3507,211056,3283,8184.568437461883
CY89COREQ1_B06_S306_comb,Mel89,B.cell,treatment.naive,Tirosh,3837,113802,3607,9315.687853699068
cy79_p4_CD45_neg_PDL1_neg_D09_S1101_comb,Mel79,T.CD4,treatment.naive,Tirosh,3382,137131,3141,8201.09625975503
cy121.1_CD45pos_S316,Mel121.1,T.cell,post.treatment,New,3904,562951,3722,7140.562138033757
CY75_1_CD45_CD8_3__S158_comb_BCD8,Mel75,T.CD8,post.treatment,Tirosh,4479,349575,4281,10133.241552490455
CY88CD45_150813_C05_S317_comb,Mel88,T.CD8,post.treatment,Tirosh,4704,445962,4504,9426.360892174278
cy79_p1_CD45_pos_PD1_neg_AS_C1_R2_B04_S496_comb,Mel79,B.cell,treatment.naive,Tirosh,2407,19189,2265,8811.753207427433
CY75_1_CD45_CD8_7__S197_comb_BCD8,Mel75,T.CD8,post.treatment,Tirosh,3977,239010,3756,10494.547481859861
cy129PA_CD45pos_S69,Mel129pa,T.CD4,treatment.naive,New,4622,936593,4464,8734.531547061399
cy102_CD45pos_S153,Mel102,Macrophage,post.treatment,New,3219,1505369,3066,8360.708224276948
merck_cd45pos_PL3_S291,Mel194,T.CD8,post.treatment,New,4092,383454,3899,8570.052681643969
cy106_CD45pos_S237,Mel106,B.cell,post.treatment,New,3752,663157,3596,6152.6146902350765
Cy74_CD45_E08_S440_comb,Mel74,T.CD8,post.treatment,Tirosh,2698,132895,2493,6953.447079289197
cy75_1B_CORE_CD45neg_S104,Mel75,?,post.treatment,New,6940,1230124,6805,12360.727104995045
cy79_p3_CD45_neg_PDL1_neg_H07_S283_comb,Mel79,Endo.,treatment.naive,Tirosh,3723,21658,3625,11949.215711463574
Cy72_CD45_F09_S741_comb,Mel72,T.CD4,post.treatment,Tirosh,2970,131653,2727,7059.649002430042
cy04.3_CD45pos_S88,Mel04.3,T.CD8,post.treatment,New,3764,1032783,3579,7032.035166816859
CY89A_Core_15_E01_S49_comb,Mel89,T.CD8,treatment.naive,Tirosh,2726,50691,2544,8870.316238670906
MGH00478_CD45pos_2_S356,Mel478,B.cell,treatment.naive,New,2761,325634,2551,4885.890393026231
cy79_p4_CD45_pos_PD1_pos_B06_S306_comb,Mel79,T.CD4,treatment.naive,Tirosh,3221,167371,3017,7993.1496469423
merck_cd45pos_PL3_S293,Mel194,T.CD8,post.treatment,New,4409,368349,4231,10274.736508139646
cy04.3_CD45pos_S33,Mel04.3,T.cell,post.treatment,New,5093,959891,4951,9297.082085071464
Merck_CD45pos_pl4_S56,Mel194,Macrophage,post.treatment,New,5831,1384028,5708,11596.937852430676
cy102_CD45pos_S236,Mel102,T.cell,post.treatment,New,3658,266658,3462,7918.191655502591
cy98_CD45pos_1_S196,Mel98,Macrophage,post.treatment,New,5447,1339823,5283,9903.303281230197
cy129PA_CD45pos_S55,Mel129pa,Macrophage,treatment.naive,New,6290,754932,6106,12147.760006059812
cy129PB_CD45pos_S222,Mel129pb,Macrophage,treatment.naive,New,5387,1048798,5203,10429.376105714739
CY89A_CD45_POS_6_F07_S163_comb,Mel89,B.cell,treatment.naive,Tirosh,3145,116642,2904,7302.036970439087
cy128_CD45neg_S221,Mel128,?,treatment.naive,New,1850,1143981,1723,4493.871282442698
CY89COREQ1_B10_S310_comb,Mel89,B.cell,treatment.naive,Tirosh,3294,99500,3064,8023.420355104832
cy103_CD45pos_S270,Mel103,T.cell,treatment.naive,New,6982,266000,6799,15136.584127598466
cy112_CD45pos_S293,Mel112,T.CD4,treatment.naive,New,5368,1157606,5246,8952.56936029563
cy94_cd45pos_D11_S143_comb,Mel94,B.cell,post.treatment,Tirosh,7117,653958,6979,13183.143171963387
cy74_CD45_pos_C04_S700_comb,Mel74,T.CD8,post.treatment,Tirosh,5493,182963,5276,13631.536618586812
cy79_p1_CD45_pos_PD1_neg_AS_C1_R2_C08_S512_comb,Mel79,B.cell,treatment.naive,Tirosh,2789,33147,2620,9458.633599441438
CY75_1_CD45_CD8_7__S227_comb_BCD8,Mel75,Macrophage,post.treatment,Tirosh,7529,559757,7356,15793.883348173447
cy80_Cd45_pos_Pd1_neg_S343_G07_S343_comb,Mel80,B.cell,treatment.naive,Tirosh,3417,48369,3185,9983.487112643594
cy80_CD_90_pos_E03_S915_comb,Mel80,?,treatment.naive,Tirosh,2793,28931,2589,8952.077906293312
cy75_1B_CD45pos_S83,Mel75,T.CD8,post.treatment,New,4704,742754,4520,8720.704188782776
cy60_1_cd_45_pos_3_E05_S341_comb,Mel60,B.cell,post.treatment,Tirosh,2649,94330,2419,7438.0019559401335
cy128_CD45pos_S149,Mel128,T.CD4,treatment.naive,New,3656,938795,3507,5160.805853815243
Cy74_CD45_G11_S467_comb,Mel74,?,post.treatment,Tirosh,2046,135277,1900,6292.873276098122
cy98_CD45pos_CD8pos_S94,Mel98,T.CD8,post.treatment,New,5049,569740,4899,10442.551223655346
cy60_1_cd_45_pos_3_F06_S354_comb,Mel60,T.CD8,post.treatment,Tirosh,4735,56819,4528,14685.091553603399
CY58_1_CD45_F08_S1028_comb,Mel58,NK,post.treatment,Tirosh,3276,90516,3060,9015.678084773956
CY89A_CD45_POS_6_G07_S175_comb,Mel89,B.cell,treatment.naive,Tirosh,3112,108827,2836,7337.344543676617
CY58_1_CD45_H01_S1045_comb,Mel58,T.CD8,post.treatment,Tirosh,2205,34872,1999,7196.969142759561
cy88_cd_45_pos_3_B09_S597_comb,Mel88,T.cell,post.treatment,Tirosh,3215,108603,2990,8936.4512281609
cy79_p1_CD45_pos_PD1_neg_AS_C1_R2_H06_S570_comb,Mel79,B.cell,treatment.naive,Tirosh,3011,49633,2816,9455.916703794843
cy106_CD45pos_S197,Mel106,T.CD8,post.treatment,New,3349,447905,3162,5834.103128671871
CY84_PRIM_POS_ALL_7_B11_S215_comb,Mel84,T.CD8,treatment.naive,Tirosh,3209,203600,2970,7856.5878210795545
cy88_cd_45_pos_3_H08_S668_comb,Mel88,T.cell,post.treatment,Tirosh,2295,37060,2127,8248.578404300712
cy116_CD45pos_S295,Mel116,T.cell,treatment.naive,New,3561,275556,3387,7108.59552969709
cy72_CD45_pos_F03_S927_comb,Mel72,T.cell,post.treatment,Tirosh,3470,102950,3244,8921.107642336114
cy79_p1_CD45_pos_PD1_pos_AS_C5_R1_F06_S258_comb,Mel79,T.CD8,treatment.naive,Tirosh,2737,34814,2582,9493.65519770022
cy116_CD45pos_S339,Mel116,T.CD4,treatment.naive,New,4922,604495,4719,9493.544364905065
CY89A_CD45_POS_6_H02_S182_comb,Mel89,T.CD8,treatment.naive,Tirosh,3691,61942,3477,10557.543291393684
cy82_CD45_pos_2_B09_S501_comb,Mel82,T.CD8,treatment.naive,Tirosh,2262,82232,2025,5557.490256635371
CY84_PRIM_POS_ALL_7_G05_S269_comb,Mel84,T.CD8,treatment.naive,Tirosh,2023,19364,1920,8358.72717685536
CY94CD45POS_1_G02_S170_comb,Mel94,B.cell,post.treatment,Tirosh,8293,580184,8147,16590.481552544756
cy103_CD45pos_S196,Mel103,T.CD8,treatment.naive,New,3883,234835,3686,8699.856175927453
cy103_CD45pos_S183,Mel103,B.cell,treatment.naive,New,4973,444614,4792,9534.656592274896
cy121.1_CD45pos_S381,Mel121.1,Macrophage,post.treatment,New,5400,1546389,5230,9928.404015436667
cy110_CD45pos_S357,Mel110,Macrophage,post.treatment,New,6303,764211,6120,11770.431855662671
cy105_CD45pos_S235,Mel105,T.cell,treatment.naive,New,5870,747488,5709,12843.713877477132
cy04.3_CD45pos_S26,Mel04.3,T.cell,post.treatment,New,2339,14218,2185,9559.924463518762
cy88_cd_45_pos_H05_S473_comb,Mel88,NK,post.treatment,Tirosh,3126,102800,2908,8895.389716615373
cy60_1_cd_45_pos_3_C07_S319_comb,Mel60,T.CD4,post.treatment,Tirosh,2717,60317,2512,8573.59498243304
cy04.3_CD45pos_S89,Mel04.3,T.CD8,post.treatment,New,4362,874936,4152,8431.397156829382
cy75_1CORE_CD45pos_S29,Mel75,T.CD8,post.treatment,New,5191,569158,5050,10067.13535668768
cy116_CD45pos_S338,Mel116,T.CD8,treatment.naive,New,4276,384410,4097,9300.364948697488
cy75_1B_CD45pos_S52,Mel75,T.cell,post.treatment,New,4039,262385,3870,7907.569597349887
cy53_1_CD45_neg_C01_S313_comb,Mel53,CAF,treatment.naive,Tirosh,7584,354162,7411,15997.168787076062
CY88CD45_150813_H06_S378_comb,Mel88,?,post.treatment,Tirosh,2306,47158,2100,5427.126102723678
CY58_1_CD45_D01_S997_comb,Mel58,T.CD8,post.treatment,Tirosh,2555,69109,2338,7326.439467548296
CY75_1_CD45_CD8_3__S97_comb_BCD8,Mel75,T.CD8,post.treatment,Tirosh,4036,178377,3810,10253.864723535462
cy84_Met_CD45_pos_F11_S935_comb,Mel84,T.CD4,treatment.naive,Tirosh,3566,171574,3332,9184.426073167922
cy80_Cd45_pos_Pd1_neg_S272_D08_S272_comb,Mel80,T.cell,treatment.naive,Tirosh,3087,43658,2853,9495.615985389326
CY84_PRIM_POS_ALL_7_A01_S193_comb,Mel84,?,treatment.naive,Tirosh,10335,397034,10151,17282.033302622476
cy04.3_CD45pos_S12,Mel04.3,T.CD8,post.treatment,New,3916,1246308,3755,6102.781570849344
CY89A_Core_15_B03_S15_comb,Mel89,?,treatment.naive,Tirosh,4311,147636,4072,11369.104268232022
cy79_p4_CD45_pos_PD1_pos_G06_S366_comb,Mel79,T.CD8,treatment.naive,Tirosh,4052,175539,3827,9656.09505890398
cy102_CD45pos_S152,Mel102,T.CD8,post.treatment,New,5374,824089,5194,10407.119401171078
CY75_1_CD45_CD8_7__S248_comb_BCD8,Mel75,T.CD8,post.treatment,Tirosh,4503,357993,4312,10075.186375530142
CY84_PRIM_POS_ALL_8_E07_S151_comb,Mel84,?,treatment.naive,Tirosh,5591,683114,5383,11064.310575362719
cy80_CD45_pos_PD1_pos_A05_S101_comb,Mel80,T.CD4,treatment.naive,Tirosh,3245,45434,3053,9719.82627274403
Merck_CD45pos_pl4_S8,Mel194,Macrophage,post.treatment,New,5518,1555905,5366,10730.108015615198
cy103_CD45pos_S153,Mel103,B.cell,treatment.naive,New,6486,734351,6306,12599.918863661765
cy82_CD45_pos_2_B04_S496_comb,Mel82,T.CD4,treatment.naive,Tirosh,2251,182227,2032,4880.5229263748415
cy79_p4_CD45_pos_PD1_pos_H07_S379_comb,Mel79,T.CD4,treatment.naive,Tirosh,3691,152001,3467,9898.17149976513
cy94_cd45neg_cd90pos_H06_S378_comb,Mel94,?,post.treatment,Tirosh,5980,498214,5748,13645.315696016973
cy98_CD45pos_2_S357,Mel98,T.CD8,post.treatment,New,4378,688620,4219,8560.269076471279
CY75_1_CD45_CD8_8__S306_comb_BCD8,Mel75,T.CD8,post.treatment,Tirosh,4498,145690,4315,11638.95875286289
MGH00478_CD45pos_1_S202,Mel478,B.cell,treatment.naive,New,3585,411958,3406,6745.382812097517
Cy81_FNA_CD45_A04_S196_comb,Mel81,T.cell,treatment.naive,Tirosh,3334,237609,3121,8143.53563052143
cy110_CD45pos_S332,Mel110,Macrophage,post.treatment,New,5676,641536,5491,10570.492673646706
cy110_CD45pos_S382,Mel110,Macrophage,post.treatment,New,5006,310516,4823,10523.859418170843
cy80_CD45_neg_D05_S425_comb,Mel80,T.CD8,treatment.naive,Tirosh,3040,33018,2860,10501.197821279466
cy53_1_CD45_pos_2_B02_S974_comb,Mel53,T.CD4,treatment.naive,Tirosh,3498,39328,3279,11098.371750021226
CY89COREQ1_G05_S365_comb,Mel89,T.cell,treatment.naive,Tirosh,3189,81809,2926,8259.520025138545
CY89A_Core_15_C08_S32_comb,Mel89,T.cell,treatment.naive,Tirosh,2968,73384,2770,8297.522606481361
CY84_PRIM_POS_ALL_6_C04_S412_comb,Mel84,T.CD8,treatment.naive,Tirosh,3667,158087,3433,9389.803520302836
cy80_Cd45_pos_PD1_pos_B12_S48_comb,Mel80,T.CD4,treatment.naive,Tirosh,5398,218786,5171,13288.004408209152
cy105_CD45pos_calceinpos_S4,Mel105,NK,treatment.naive,New,4421,530505,4250,9031.866921693625
cy105_CD45pos_S212,Mel105,T.cell,treatment.naive,New,4615,359492,4440,9713.591108441899
cy126_CD45pos_1_S80,Mel126,T.CD8,post.treatment,New,4388,513326,4197,8947.692072621625
cy79_p5_CD45_pos_PD1_pos_A08_S584_comb,Mel79,T.CD8,treatment.naive,Tirosh,3791,81946,3576,10270.451256498924
cy60_1_cd_45_pos_4_B03_S15_comb,Mel60,B.cell,post.treatment,Tirosh,3227,59736,3017,10326.770166057453
CY88CD45_150813_C06_S318_comb,Mel88,CAF,post.treatment,Tirosh,2232,46138,1987,5499.0242272826945
cy116_CD45pos_S358,Mel116,T.CD8,treatment.naive,New,4340,340291,4160,9637.922159507252
cy60_1_cd_45_pos_HC_pos_HLDAR_pos_H11_S1055_comb,Mel60,B.cell,post.treatment,Tirosh,3715,61037,3456,11033.561668182609
monika_A2_S101_comb_BCD8_3,Mel75,T.CD8,post.treatment,Tirosh,5831,951618,5718,11759.133148991568
Cy81_Bulk_CD45_E11_S155_comb,Mel81,?,treatment.naive,Tirosh,2278,93552,2091,5526.665110852888
cy98_CD45pos_2_S290,Mel98,T.CD8,post.treatment,New,4374,714477,4211,8934.195196195888
cy98_CD45pos_CD8pos_S45,Mel98,T.CD8,post.treatment,New,5699,354988,5534,12076.654113816909
CY89A_CD45_POS_6_C07_S127_comb,Mel89,T.CD4,treatment.naive,Tirosh,4939,236138,4722,11647.528607841177
cy128_CD45pos_S181,Mel128,B.cell,treatment.naive,New,4548,1422676,4381,7093.4674662597945
Merck_CD45pos_pl4_S71,Mel194,T.CD8,post.treatment,New,4168,424513,4022,9613.239884246694
cy84_Primary_CD45_pos_B06_S402_comb,Mel84,NK,treatment.naive,Tirosh,4113,139882,3897,11064.864310556492
cy79_p1_CD45_pos_PD1_neg_AS_C1_R2_B12_S504_comb,Mel79,B.cell,treatment.naive,Tirosh,2048,13732,1927,8243.744065717474
cy80_CD45_pos_PD1_pos_B01_S109_comb,Mel80,T.CD8,treatment.naive,Tirosh,3147,53729,2958,10053.659857813807
cy88_cd45pos_5_C01_S217_comb,Mel88,T.CD4,post.treatment,Tirosh,9341,3698566,9241,14842.520483678367
cy121.1_CD45pos_S275,Mel121.1,T.CD8,post.treatment,New,2735,1330113,2567,3592.188590682696
MGH00478_CD45pos_2_S319,Mel478,T.cell,treatment.naive,New,4129,645855,3944,7932.675159669842
cy60_1_cd_45_pos_HC_pos_HLDAR_pos_B05_S977_comb,Mel60,B.cell,post.treatment,Tirosh,2824,53256,2634,9133.658702157518
MGH00478_CD45pos_2_S305,Mel478,T.cell,treatment.naive,New,3164,472168,2983,4914.165711312057
