index,exclude_genes,E_pop,highly_variable,means,dispersions,dispersions_norm,highly_variable_nbatches,highly_variable_intersection
RPS11,False,11.184726892764722,False,2.129176174776281,0.3606098749856801,0.30801213,0,False
ELMO2,True,5.333367409098026,False,0.572252992156511,1.2527870742383933,0.6186464,0,False
PNMA1,True,4.939749473145799,False,0.41995013885021015,1.3130217366473418,0.7024292,0,False
MMP2,True,4.436612736031506,False,0.1879196938759885,1.4164736170242636,0.8257071,0,False
TMEM216,True,4.937867642529705,False,0.36282616837577447,1.5075356022458664,1.1052239,0,False
TRAF3IP2-AS1,True,4.630229378052329,False,0.8107794256265968,-0.08532566915393536,-1.8226645,0,False
ERCC5,True,4.989449393312597,False,0.5103455282485563,1.2752609773598913,0.6770157,0,False
PDCL3,True,5.926308962666116,False,0.6708678867554866,1.3648403074103137,0.8292103,0,False
AEN,True,5.018984663856831,False,0.4807221655266821,1.2939648555086283,0.68685323,0,False
DECR1,True,6.9546223326770935,False,0.9416629953158595,1.3169400460274945,0.79419136,0,False
RPS18,False,12.512562338712927,False,2.292100450166936,0.32229495212505954,0.7422921,1,False
BRIX1,True,5.663696597442376,False,0.5777558806718038,1.3296497742490327,0.7524344,0,False
LMAN1,True,4.811995941964766,False,0.5435509615562264,0.9575577550557155,0.093224175,0,False
SUMO1,True,7.179318431073141,False,1.1269627164592562,1.1447995114258829,0.3920942,0,False
UQCR11,True,7.211307077520753,False,1.2690089510188325,0.915978892736032,-0.20795403,0,False
DDB1,True,5.94897497682312,False,0.7951612756055286,0.9789757356577105,0.1408821,0,False
CRNKL1,True,4.0886377083013254,False,0.3672582950063908,1.174899927136936,0.4237736,0,False
UTY,True,4.368322668347592,False,0.5087821030460542,0.8655577652704484,-0.11020185,0,False
DTNBP1,True,4.801677541137059,False,0.38146235016140895,1.3228227818322469,0.7332675,0,False
MIER1,True,4.992051478461624,False,0.6839413911138681,0.9593570217234821,0.086188756,0,False
TOB2,True,4.00106305620742,False,0.38890438795733107,0.9060712156949291,-0.115246065,0,False
INIP,True,5.5671998281777615,False,0.9391595212346957,0.28954641635968553,-1.1684388,0,False
BANK1,True,5.960237251513631,True,0.476671611429202,1.811893191827062,1.7026417,2,True
PROSC,True,5.246080095723764,False,0.5649524759417561,1.2074195733060267,0.5214115,0,False
SPIN2B,True,4.04148248902878,False,0.22563943403035974,1.4069762249402498,0.86195254,0,False
PIR,True,5.862481071608301,False,0.5213783645387376,1.3710605719553768,0.76213604,0,False
IPO9,True,4.302709592159292,False,0.657390022864283,0.14501793161956456,-1.4739912,0,False
CXCL13,True,8.566340798762358,True,0.5869743130028976,1.9881504281788231,2.0509093,2,True
SORL1,True,4.471068772395478,False,0.48741167404624786,1.1839512725678167,0.50474584,0,False
NAT10,True,4.538973379073353,False,0.41351595089793314,1.1643292414970579,0.43652707,0,False
SERPINF1,True,7.23057201677619,False,0.5787589404975173,1.5695520214002754,1.1949251,0,False
WDR34,True,4.901493648867093,False,0.3932601232136873,1.2305572038013888,0.52701765,0,False
TAOK3,True,5.4196776569421585,False,0.6834294130026233,1.1045510776379044,0.34561417,0,False
STK25,True,5.124018565676861,False,0.4733001439635457,1.3433480097813209,0.79228693,0,False
CDC25B,True,4.663608541651783,False,0.44147035218283653,1.2461871049211717,0.58341694,0,False
MAP1LC3C,True,5.765840221481925,False,1.1159188337102868,0.10586325535998298,-1.8625144,0,False
ABCD4,True,4.5561042534722755,False,0.46810772590004723,1.0870914474199536,0.27192932,0,False
SLC25A46,True,5.044575490632304,False,0.4331056684704289,1.2873413268072766,0.65694267,0,False
LARP7,True,5.05770531054722,False,0.59029971667941,1.1846549534185888,0.4616942,0,False
CD160,True,4.121013208396508,True,0.11894817370950436,1.7817785258090093,1.6189669,2,True
PHF20,True,4.609054369899828,False,0.553257904467704,0.9615449147248079,0.07302973,0,False
HNF1A-AS1,True,4.444203830568784,False,0.8149401085692551,-0.1895973213065829,-2.1091673,0,False
GTPBP1,True,4.722198656481038,False,0.6055070149234946,0.8038030915206538,-0.26505062,0,False
GLUD1P7,True,4.101719313270671,False,0.6841627272452384,-0.19204281918030927,-2.060586,0,False
ALDOC,True,5.815794209212935,False,0.4846604549744631,1.5653881953876325,1.2066673,0,False
NUDT1,True,5.540549870673444,False,0.5047810196159938,1.3864875776021757,0.8480738,0,False
ZNF83,True,4.964281316172776,False,0.39919646333354064,1.3294278352475535,0.75489813,0,False
PDCD4,True,7.144661038316663,False,1.2025922952710777,0.9480302462212792,-0.052458506,0,False
CST7,True,8.83172380081339,True,1.15629088414568,1.7180481140395192,1.6250943,2,True
SELL,True,8.252781413510823,True,1.0597039729321849,1.7588677193469202,1.6414477,2,True
CIAO1,True,6.315685115792986,False,1.0456423252071012,0.5529503874135975,-0.6474852,0,False
CCL19,True,5.239041284378838,True,0.05520234691865303,2.0332382732601424,2.0867019,2,True
PPIL1,True,5.311849071155226,False,0.4677258440152114,1.4076296778159891,0.8728559,0,False
STK17A,True,5.194438758349671,False,0.5445367898892021,1.2469063768062805,0.63261515,0,False
ABR,True,4.651081140463973,False,0.49066501665802476,1.0677237598872908,0.21347047,0,False
CD38,True,6.310293084374415,False,0.6481641533549898,1.4907335171791583,1.0925552,0,False
ZDHHC6,True,5.596169479578283,False,0.5682288253935176,1.3741204411992127,0.8574615,0,False
CTDSP2,True,4.5784983303346145,False,0.5273484527073891,1.051594544186671,0.17883497,0,False
RMND5B,True,4.203449564029458,False,0.2914614975022717,1.2920309016708886,0.6541682,0,False
EXOSC7,True,5.959409948147245,False,0.6118716062266615,1.3869479964515896,0.8624436,0,False
GYPC,True,7.1504973515034616,False,1.1645432796852468,1.0415135076720694,0.19785663,0,False
RNF4,True,6.40045975429368,False,0.9139335970522269,1.148982539710627,0.466075,0,False
EMC1,True,4.382525266310503,False,0.645110241458603,0.08614007506106121,-1.5918549,0,False
HDAC7,True,4.074387444416863,False,0.40283626279907475,1.070683052585575,0.23770116,0,False
GRB2,True,7.238214638679572,False,1.2527568123957389,0.8026832768353743,-0.3094739,0,False
DUS3L,True,4.64977616421285,False,0.3979433204035688,1.2400206852393376,0.5698341,0,False
EIF1,False,10.21220759398298,False,1.9908510852510934,0.13860193206663843,-1.1984016,0,False
GPN2,True,4.696641905451564,False,0.34759921249638337,1.3485635161415659,0.7487352,0,False
COQ9,True,5.635634322627737,False,0.5500848251367998,1.397302389759603,0.8696206,0,False
TRAPPC9,True,4.078663074183879,False,0.34114095687062146,1.1457798449853858,0.40058511,0,False
GCC2,True,5.016650466901713,False,0.6843912621761353,0.9605063750495679,0.07716134,0,False
RARRES3,True,8.462792591518436,False,1.2512817082475753,1.5064079726352215,1.3418646,0,False
PMF1,True,6.537910787870652,False,0.8407140378509621,1.3156242767749802,0.7735963,0,False
CRELD2,True,5.598864199443131,False,0.5045216373284469,1.327654548516867,0.7531198,0,False
CD82,True,7.411134580992858,False,1.2494383354086245,0.7620303437387013,-0.6462562,0,False
PTP4A2,True,5.758465017418717,False,0.85129181516693,0.9728152556489134,0.14872001,0,False
C11orf73,True,5.895949081368063,False,0.6899819927273824,1.3099728816822296,0.7537398,0,False
SEC14L1,True,4.712103670346515,False,0.5061955768670474,1.059993780839987,0.21301767,0,False
CHFR,True,5.043720272320208,False,0.5028254635680727,1.2658714509550086,0.6439418,0,False
NDUFS4,True,6.409966434749028,False,0.7364734179901592,1.3682951827406724,0.8543063,0,False
C9orf16,True,7.070433967704941,False,1.0761342147866038,1.1654219965190502,0.45886773,0,False
ERBB2IP,True,4.34636001220416,False,0.4971663727434913,0.8534429889413732,-0.15592612,0,False
FUS,True,6.420974899468267,False,1.220542073867536,0.3164154969786362,-1.83056,0,False
TF,True,5.996086487911151,True,0.20742189526229693,1.8185802033479668,1.6772479,2,True
CXorf56,True,5.456366688416218,False,1.0406734291460928,-0.10228619042657189,-1.8906108,0,False
ELAC2,True,5.148732052698816,False,0.5585622510914734,1.1991169440490261,0.49882478,0,False
ASS1,True,4.495879833741105,False,0.24062205714447865,1.4047842989739832,0.8667837,0,False
EMC8,True,4.290131414715254,False,0.3187116189742455,1.1991844526259319,0.4772327,0,False
POLR2J,True,6.693273907579527,False,1.0042858309678266,1.133544283741415,0.46239108,0,False
UQCRC1,True,7.989896301298124,False,1.213665197692106,1.2086701423440531,0.51682305,0,False
LOC729603,True,4.194411394918504,False,0.6517794633575902,0.07863710692418077,-1.5699241,0,False
POLG,True,4.622687977770026,False,0.4413733542572184,1.1568278009255089,0.43194258,0,False
HLA-J,True,4.189569502190437,False,0.7137580460013071,-0.04445816888158522,-1.7372859,0,False
LOC654342,True,4.047736787769694,False,0.2851801661768336,1.2549372669499497,0.55168694,0,False
UPF3A,True,4.617246042156948,False,0.4976429580473668,1.1504922279625003,0.394778,0,False
METTL21A,True,7.374900309215805,False,1.5488876066496027,-0.23422697130567027,-2.8234575,0,False
COX7A2,True,8.008468990571478,False,1.3625244212015317,1.0191506862683382,0.2802471,0,False
PDP1,True,4.323428640747137,False,0.3403051388113759,1.2428976680272545,0.5542128,0,False
FLJ39739,True,4.674317063846064,False,0.7089800888111117,0.45604443162304076,-0.8490011,0,False
ASNSD1,True,5.1500655245074,False,0.4982789615086147,1.3210583309231285,0.73133636,0,False
RP9,True,4.646511195547971,False,0.4099041930773094,1.3086384668920836,0.6933247,0,False
ARAP1,True,4.6400082935214915,False,0.5433542301571759,0.9705790005852643,0.09917793,0,False
UNG,True,5.159720467630811,False,0.45401430909337226,1.3811055262813094,0.8358397,0,False
GSTP1,True,9.864081776109424,False,1.536449681122146,1.2420742050484406,1.0144161,0,False
SLC9A3R1,True,6.775506084750946,False,0.8605011282586206,1.3816174162673902,0.8966108,0,False
CHMP7,True,5.909904922555072,False,0.7070666269004618,1.3175204617628815,0.7712747,0,False
FKBP4,True,4.974485116991611,False,0.56194501918767,1.0586385019490214,0.19620799,0,False
ZNF350,True,4.180239792189121,False,0.24296961807264517,1.525421188520529,1.0894449,0,False
UBE2W,True,4.437566925875759,False,0.5445523035968374,0.817577282822469,-0.19340585,0,False
SMC6,True,4.175447148837894,False,0.389026718383809,1.0582031923900046,0.21165393,0,False
OSGEP,True,5.262920357387388,False,0.4831241359465957,1.3712696744991502,0.831251,0,False
LPIN3,True,4.891208095594002,False,0.8749437938935984,-0.42093638255017946,-2.4050844,0,False
RPL4,False,11.50277632071675,False,2.180690609103976,0.25032684739629235,-0.52228624,0,False
PRPF3,True,5.74840020210821,False,0.69776412992429,1.1767476738543052,0.5014144,0,False
RBM6,True,6.757893747354745,False,1.1193675125639229,0.8894570756501359,-0.15373631,0,False
CYSTM1,True,6.751777332379607,False,0.7626856578752845,1.3738935444345717,0.85454106,0,False
BTK,True,4.972196342273917,True,0.3584891440527586,1.6249294295297099,1.3551675,1,False
KRCC1,True,5.347855736014766,False,0.5121108016812039,1.385272203632919,0.86841995,0,False
PIGL,True,4.346975833817062,False,0.29759274928001256,1.415200503792948,0.88688403,0,False
MOB1B,True,4.100232439751468,False,0.6105322880782459,0.11525609715815338,-1.5351919,0,False
HUS1,True,5.047708923705457,False,0.7342663797595528,0.5058418764748946,-0.7910915,0,False
UIMC1,True,4.353824694419712,False,0.3640706754719592,1.2129272374724966,0.53652513,0,False
POLD2,True,6.31414136345058,False,0.768475617918569,1.3039530485131654,0.7359195,0,False
ACOT2,True,4.992810556245712,False,0.4929860605502159,1.2854790149078896,0.6433801,0,False
ETFA,True,6.785142356405191,False,0.9082066597605607,1.293830183080054,0.74756086,0,False
ZNF146,True,5.417953870505322,False,0.6181522863409246,1.1999454038190394,0.5248456,0,False
KLHL6,True,4.3228325828839855,False,0.5416677781204908,0.8242420646674383,-0.20845155,0,False
NENF,True,5.055100714276065,False,0.4164419983016988,1.3956573343854064,0.84627676,0,False
ARGFX,True,4.248343411274103,False,0.7975345738009896,-0.5865041434472626,-2.7573829,0,False
CASC4,True,5.649099905878596,False,0.8523744567253667,0.7383910970820824,-0.3492373,0,False
GTSF1,True,4.974252301911381,False,0.29049812986414814,1.4974084858837255,1.0777893,0,False
AKIRIN1,True,6.140026881979659,False,0.7936723581729005,1.072652395664427,0.30088678,0,False
DNAJC9,True,6.197542973309537,False,0.6464397793768499,1.4457984884533346,0.9931866,0,False
DCTN1,True,5.81263630831813,False,0.7497702597293339,1.101771829890076,0.34903625,0,False
C1QBP,True,7.699395981633688,False,1.1585790577191133,1.2583922265706788,0.65833384,0,False
TCP1,True,6.948558939226142,False,1.018580392790402,1.16472121147102,0.5227834,0,False
TMED7,True,4.938071164880904,False,0.4987903154634302,1.0431272446198263,0.20935962,0,False
LDLR,True,4.158212650923383,False,0.6081644576442848,0.026259842979403866,-1.7253734,0,False
ASTN2,False,8.876538059541868,False,1.737399040857829,0.0620091596056975,-1.8392419,0,False
TAB2,True,4.085467709637735,False,0.3402560691857829,1.2324671993944252,0.533109,0,False
GPATCH8,True,4.533029796608413,False,0.5580085314782833,0.9317592644408541,-0.007013423,0,False
PGM1,True,5.29623197065435,False,0.511054254511897,1.2789084240945359,0.6189659,0,False
DCT,True,7.667907656559189,False,0.5518220429569206,1.5814990844336483,1.2277923,0,False
HLA-DOA,True,5.121539386096504,False,0.5618104048329338,1.143666988663242,0.39941177,0,False
DNAJB4,True,4.762568975287108,False,0.38464537433044144,1.113888481612482,0.3291392,0,False
PECR,True,4.339744694462386,False,0.3954114823863086,0.9619991660270307,-0.0051240525,0,False
HSPA2,True,4.1399781088970915,False,0.2534650801371734,1.3350352322541275,0.67684036,0,False
SERP1,True,6.704657181966424,False,1.0846706056895048,0.9727626435330523,0.14924343,0,False
NUP85,True,5.034830989507491,False,0.4923663345065395,1.2166524019840612,0.54219085,0,False
PIGG,True,4.52472076242191,False,0.44174395544207123,1.1308189564268338,0.33610195,0,False
RAB5A,True,5.450058767533138,False,0.5936030181733248,1.2136644386414028,0.5320316,0,False
DCAF11,True,5.5734061951307305,False,0.8144027776701395,0.6680946750614392,-0.43175855,0,False
XAF1,True,6.401163179451974,False,1.158880714407089,0.41882503538808014,-1.3354771,0,False
DAND5,True,5.175066438909719,False,0.979238754689834,-0.16977574841372578,-2.0247858,0,False
THOC7,True,6.29230489037849,False,0.7955317235980817,1.2806524961338734,0.6889869,0,False
TCTA,True,5.655681146711283,False,0.9269440140270848,0.368420580107892,-1.0228631,0,False
B2M,False,14.037295502089595,False,2.421429847263208,0.5329318615786794,1.0,0,False
SQLE,True,4.344869405939327,False,0.3536586591619585,1.1408984984934434,0.33107653,0,False
GLIPR2,True,5.987116735526031,False,0.6249337786827486,1.4726804206103747,1.0515546,0,False
PLRG1,True,5.140748149550611,False,0.5336069078032434,1.2630663720857918,0.59638536,0,False
SPG7,True,5.058100018628881,False,0.5581483614307469,1.1086458013037668,0.36025482,0,False
ZMYM6NB,True,6.644843430379307,False,0.7598040553285367,1.4773423298929944,1.0645936,0,False
PTCHD3P1,True,4.077199342528504,False,0.26623148115925,1.162033671790487,0.35363454,0,False
INPP5B,True,4.752227598367201,False,0.6479344131942283,0.6168546804271073,-0.56467414,0,False
PPID,True,6.002124170549902,False,0.9454246453766213,0.5827181602495239,-0.6066881,0,False
TRIM56,True,4.172368250983281,False,0.415068103027723,0.9558881824675933,-0.029303873,0,False
UBE2J1,True,4.771358952982854,False,0.48410172161280657,1.157985880253745,0.45553905,0,False
SAFB2,True,4.885103144772909,False,0.5446844016952694,1.128648859982666,0.38606247,0,False
KLRG1,True,5.553166624511952,False,0.5020961365109453,1.431532114403208,0.969752,0,False
E2F4,True,4.53341768817716,False,0.3631463216690388,1.3312250522607247,0.73666763,0,False
LOC729852,True,4.64292581838974,False,0.3944004549606789,1.288538301068524,0.6705725,0,False
GPX4,True,8.125701252935981,False,1.38148345578023,1.0896257410044479,0.43568215,0,False
BTBD10,True,4.731214539481388,False,0.3919853198502893,1.3013412061280514,0.67650414,0,False
RABGGTB,True,6.237008089319508,False,0.790976013986456,1.2353665375336953,0.6124479,0,False
ANKRD40,True,4.6679460744047345,False,0.6877830664134896,0.5809476098634552,-0.6942905,0,False
CALCOCO2,True,6.102564072495341,False,0.8493036056361883,1.0813704729046263,0.3138321,0,False
SNCA,True,5.262055994416527,False,0.5252440974183855,1.1809719070232927,0.43899935,0,False
SLC48A1,True,4.534400694801007,False,0.62009951085346,0.4817761218978832,-0.8861693,0,False
CDK16,True,4.565898079033588,False,0.4680784308759378,1.086826629025591,0.24348256,0,False
KLRC4,True,5.588657244256545,False,0.49385862627327937,1.5215470757528622,1.1431698,0,False
JAGN1,True,5.630098429086425,False,0.6132978143962202,1.310164755472525,0.7098126,0,False
BSDC1,True,5.68652177595546,False,0.6593568982846361,1.2603261689262957,0.6222864,0,False
NDUFAF1,True,4.490262298941544,False,0.4357339868628144,0.9181633976641462,-0.070775144,0,False
FOLR2,True,5.678015548736886,True,0.1814418149403907,1.9221675617880685,1.8648525,2,True
WSB1,True,7.1330841726868925,False,1.1626521567114763,0.7439111561429144,-0.39073545,0,False
PROS1,True,4.41737602927611,False,0.2966210317553646,1.0734577194515593,0.20779741,0,False
PSMB8,True,8.911147041744549,False,1.4770391892864756,1.1650119396770098,0.68215466,0,False
SDR39U1,True,6.584405360938049,False,0.8221531779659949,1.3672943846975765,0.867618,0,False
TBCCD1,True,5.417652788720146,False,0.855022848302992,0.39266945826822885,-0.9946818,0,False
AP2S1,True,6.971757658202818,False,1.0313234291193185,1.2155141045129876,0.543161,0,False
VAT1,True,7.31306191482216,False,0.9360441356246403,1.182319284505657,0.5382186,0,False
TUFM,True,7.550874216143879,False,1.1821430506375894,1.1217949183638796,0.29643136,0,False
SGSM3,True,5.722044678716819,False,0.6722207372114641,1.2101291392519318,0.5607063,0,False
TOMM22,True,6.9845581307663815,False,1.0306523312150373,1.144797061770052,0.42423606,0,False
SOCS3,True,5.111945802567915,False,0.45667470090025675,1.3675879474244401,0.85353833,0,False
POP4,True,4.913319884685933,False,0.501615126209756,1.2011611698136162,0.5118956,0,False
RUVBL2,True,6.516920272783732,False,0.7778577168778548,1.3473000497120362,0.79296803,0,False
CGRRF1,True,4.650077768009108,False,0.3154201062158574,1.4552002162478335,0.97078955,0,False
ISCA1,True,5.006579006258135,False,0.44559778188954835,1.3166984983298713,0.7213596,0,False
RPAP1,True,4.315687838246351,False,0.389991472584303,1.173437932664251,0.4195101,0,False
RPL27,False,10.622861144713626,False,2.035667384980207,0.4127357054644222,-0.043867126,0,False
SLC35A1,True,4.799934944281558,False,0.3759611958715484,1.2667128135508898,0.6307577,0,False
RDH11,True,5.994858023164919,False,0.7082377843152627,1.1743195585760353,0.48434082,0,False
ABHD14B,True,6.611391312840865,False,0.9033525327116056,1.3087249327621469,0.74454844,0,False
PIGT,True,7.184008085937909,False,0.9963638263560628,1.227495564584402,0.6426429,0,False
ALAS1,True,5.191858611446192,False,0.49604888176684364,1.2562264839813042,0.5882848,0,False
FOXO1,True,4.521892753248629,False,0.4120433409795593,1.222674390947746,0.56746715,0,False
CRLF3,True,6.197740492319352,False,0.8664329232241701,1.019754516094772,0.20679945,0,False
FARS2,True,5.028338628271301,False,0.45605994318310883,1.3343615298358729,0.7692685,0,False
CCDC28A,True,5.466588568431393,False,0.5400169523226385,1.420094217892327,0.9417283,0,False
PYURF,True,6.949768002591237,False,1.0547818185706666,1.1595331954085686,0.46203646,0,False
TSEN54,True,6.054010842834251,False,0.6582893187097958,1.4548355868708094,1.005433,0,False
ZC3H14,True,4.720271000237662,False,0.47097293443584387,1.1404520731403989,0.40151846,0,False
CRTAP,True,5.9077861539056595,False,0.9019709517806171,0.8087800497726987,-0.21200126,0,False
DDX50,True,5.142978695950388,False,0.5516823200859926,1.1977917952204162,0.4880197,0,False
STYXL1,True,5.315985310949106,False,0.5400582562846752,1.2908546535297827,0.6390287,0,False
BLVRB,True,6.447074319964683,False,0.6767195827828024,1.4479970344778093,0.9670832,0,False
BANF1,True,6.65400850229737,False,1.06034569517799,1.0485379312547227,0.22367837,0,False
HMBS,True,4.868637968369186,False,0.37758272738459897,1.3053303031835168,0.6950949,0,False
SLC25A24,True,4.055700567070092,False,0.32642164135579865,1.0043243825961135,0.08998711,0,False
SLC25A15,True,4.244567407598783,False,0.7258383398780054,-0.12936454421572163,-1.9654977,0,False
TDP1,True,4.3013478362868875,False,0.3367704820006615,1.3318066983774175,0.7456169,0,False
RFK,True,4.104387790985151,False,0.3614440256675636,1.0240136960455444,0.12346488,0,False
WIBG,True,5.2928337392396925,False,0.48227845913910294,1.3923145578422176,0.883931,0,False
NDUFB3,True,6.848943232272435,False,1.0395278039930707,1.0457923489463017,0.28791702,0,False
CHTOP,True,6.233592539480699,False,0.8517178073461925,1.1192225151533588,0.3901119,0,False
SEPT7,True,7.071373070520909,False,1.2654158830629014,0.7353867957032297,-0.70407164,0,False
GNLY,True,8.315103212142526,True,0.35756506969814356,2.18654774217328,2.4763834,2,True
USP38,True,4.020013468375331,False,0.3267166921179867,1.172726358409778,0.4126966,0,False
ARMCX3,True,4.877372462496374,False,0.4627441048395523,1.2354235027437726,0.5548404,0,False
ARHGDIB,False,10.410458346034098,True,1.8473210518903618,1.1576412276920025,1.4562521,1,False
AK1,True,4.4946304621099,False,0.6031908742667027,0.6547491605543965,-0.54539764,0,False
INTS7,True,4.204700544190512,False,0.46058356858321303,0.6558287202723003,-0.5624783,0,False
UCKL1,True,5.477735590497792,False,0.5538226344209598,1.2522341952835174,0.61039203,0,False
HNRNPH1,False,8.895636005853147,False,1.696634802008378,0.3972523407965922,-1.0759653,0,False
COX16,True,4.947446348249717,False,0.6564353841775256,0.9811404992686199,0.110507965,0,False
THAP4,True,4.728403488334028,False,0.3835602331817738,1.316161365758201,0.6966462,0,False
RBM4B,True,5.140954395543195,False,0.4845388136951265,1.3038792151651062,0.6985262,0,False
PPP1R15A,True,8.082812889816907,False,1.2572069478384127,1.1578668849712244,0.50479865,0,False
RB1CC1,True,4.575587552048134,False,0.5066637438329168,0.9595674299693224,0.070311256,0,False
NEIL2,True,4.6611576986125405,False,0.405151955914401,1.2964963699498893,0.64054793,0,False
EIF4E,True,5.983625686946618,False,0.8377117816736344,1.0680519648872933,0.29025027,0,False
EXOC4,True,6.628250579265494,False,0.8876074290434475,1.1939620154004968,0.5592565,0,False
EMB,True,6.466065113622547,False,0.894480636729698,1.2386966934728412,0.649752,0,False
USP15,True,5.503903375723331,False,0.7291049868973238,1.048593516776871,0.2654985,0,False
PTGER2,True,4.673013268965097,True,0.29265272023859834,1.6451722154634931,1.3980149,1,False
SLC31A1,True,4.836935978497367,False,0.8641603775649893,-0.2667477281746704,-2.2702997,0,False
GFOD1,True,4.799275320540807,False,0.2839739017547796,1.5376313924775156,1.1333991,0,False
COMMD1,True,5.89982694920028,False,0.6319935446003686,1.3985227481956266,0.8918471,0,False
WASH7P,True,4.003999761328017,False,0.49346642008349795,0.7919568236152749,-0.29880872,0,False
MFGE8,True,6.465130070694758,False,0.5880856047382654,1.2225295097451143,0.5982074,0,False
PRMT5,True,5.237845230557749,False,0.49614656380679606,1.271670979668784,0.6122695,0,False
PDLIM1,True,5.70822863834443,False,0.4430993436495539,1.6352291007001913,1.3587538,0,False
RNF126,True,4.342733377308175,False,0.34994482920402203,1.3630040679511377,0.79367256,0,False
CEP63,True,4.463898811461733,False,0.4305974016672227,1.102973428482087,0.28057066,0,False
CLIC4,True,5.312011479426675,False,0.5184570530872549,1.075381697072775,0.27974588,0,False
ALOX5AP,True,8.060152711689804,True,1.0156426318089073,1.7208592837747245,1.6693407,2,True
RIPK3,True,4.366699265696828,False,0.2903295934360085,1.4991550648575593,1.0627815,0,False
BIRC6,True,4.240214779500474,False,0.5820888815122163,0.6506652803471007,-0.4760002,0,False
RFT1,True,4.693018132393866,False,0.7956729556990155,-0.007876260089333217,-1.7128069,0,False
ELP6,True,5.38843010387287,False,0.4804995396084214,1.3554174586244025,0.813794,0,False
TACC1,True,4.639506736348981,False,0.5572572833221933,0.8913875770134041,-0.025865449,0,False
SAMHD1,True,5.808337001512678,False,0.689613393246072,1.2940066101835455,0.73213655,0,False
MDM2,True,5.473790842517815,False,0.9209202013536963,0.27009994861294456,-1.2015227,0,False
CAPNS1,True,5.107659101174061,False,0.5128308878254777,1.339649286803567,0.73835474,0,False
SNHG15,True,5.8527852806850875,False,0.575839234605313,1.3926426711658717,0.88949525,0,False
KLHDC3,True,6.231211518577608,False,0.7924669133143913,1.2233016006384514,0.5882885,0,False
SLC25A4,True,4.9253940735281185,False,0.5868906789157862,1.0176604744895115,0.1092211,0,False
CYB5B,True,4.829134959331113,False,0.6214716994227957,0.9523041736031469,0.026851162,0,False
TESPA1,True,4.883786501501921,False,0.5299005521708312,1.1777811221527004,0.48610651,0,False
NDRG1,True,4.306723550566343,False,0.4100561886396923,1.0507456333992584,0.17014064,0,False
MRPL46,True,5.314961012906988,False,0.4534012613101649,1.3900042389405542,0.87310165,0,False
MAPKAPK3,True,5.171061040323777,False,0.49019003007253925,1.287904924405386,0.66949916,0,False
PRKD2,True,4.476700430948311,False,0.3872667451595936,1.3950569123155803,0.8688464,0,False
ZFP36L1,True,8.206563346238042,False,1.5412284567165426,0.6522819842108611,-0.60225207,0,False
CYSLTR1,True,4.367329038672139,False,0.2382562469363274,1.6716575409422392,1.388684,0,False
CCNB2,True,4.686715261842686,False,0.24002055751313162,1.4079968398710845,0.83260745,0,False
TMEM175,True,5.0190010125973545,False,0.4881875267070097,1.240014598159657,0.61012304,0,False
PCNP,True,6.824727290194721,False,1.043199648532093,1.1096059666788713,0.41539338,0,False
LAT,True,7.28212248473923,False,0.9279164914325906,1.5691172847398174,1.2883675,0,False
KCNA3,True,4.6304304406339,False,0.3257819653475943,1.5044690059002201,1.109964,0,False
SKIV2L2,True,4.238870768897163,False,0.3941129241840736,1.076929051031065,0.23918048,0,False
ROPN1B,True,4.4640100845227595,False,0.29933613086396327,1.283711809462937,0.5897707,0,False
CD28,True,5.318286797613728,False,0.575100568630577,1.3105067403859512,0.74427444,0,False
SEPT2,True,7.270497353608962,False,1.193848330765449,0.9191422140030966,-0.1252838,0,False
GPATCH3,True,4.049616338713512,False,0.25029989411306575,1.2872931007759587,0.6345134,0,False
PSD4,True,4.907189411023746,False,0.4963887014976402,1.3024400261346072,0.7410328,0,False
CCNB1IP1,True,5.590390494137714,False,0.5205453757498739,1.4451743571768985,0.9633718,0,False
SEC61G,True,7.350456386681882,False,1.094308462745617,1.2501642893283753,0.64069676,0,False
FAIM,True,4.286525190714525,False,0.436097219835432,0.7295310203206784,-0.39554715,0,False
ANKRD36,True,5.998217020976356,False,0.9179419738296473,0.9293151962924026,0.053864185,0,False
EIF3J,True,4.379198402236734,False,0.44088685709806663,1.0112601662327179,0.13449502,0,False
LOC100128420,True,4.183341742009057,True,0.15802877446667216,1.7566268301611636,1.5487217,1,False
RTCA,True,5.790224251671358,False,0.9484256257665735,0.4273891219548738,-0.8988967,0,False
FAM134C,True,5.99321141194163,False,0.8772119711523825,0.7710659479009729,-0.24736251,0,False
COMP,True,5.33182457428344,True,0.03511603251428876,1.7139665460699143,1.3829274,1,False
LOC493754,True,4.205789951021666,False,0.45046573529897466,0.9266173830991069,-0.051103573,0,False
ACSL1,True,4.738159765745672,False,0.39058515677528516,1.1779443017019058,0.4351159,0,False
ABCC5,True,4.092336930346069,False,0.3248788291543912,1.1099869621731089,0.26987413,0,False
RBBP7,True,6.911276378366847,False,0.9385551216095214,1.2729378559770144,0.73219115,0,False
NCOR1,True,6.260686281159365,False,1.0796353911230265,0.8126711664081243,-0.2945793,0,False
TXNRD1,True,5.116441221184997,False,0.5466969177780467,1.0978554853381652,0.31087118,0,False
UBE2H,True,4.155896687861852,False,0.40734181473512054,1.065668569301702,0.19039127,0,False
FAM156A,True,5.123679039660856,False,0.4846869238070534,1.193442381288195,0.47741634,0,False
LINC00685,True,4.190744390931795,False,0.3991709886577556,0.9847246363702833,0.08670568,0,False
CWC22,True,5.028726874059493,False,0.5102214750447802,1.23622439642832,0.58961225,0,False
PPP1CB,True,7.006843571897762,False,1.2677425229972017,0.7384230307770084,-0.71777415,0,False
ARF5,True,7.464074235501557,False,1.1679020823215804,1.1020040105142945,0.31383288,0,False
CCT3,True,8.136814467949355,False,1.2796146712394647,1.169400236872871,0.57527477,0,False
SLC3A2,True,7.82536692717922,False,1.1502314346132292,1.1822095247410327,0.50591874,0,False
RAD50,True,4.2486424750572445,False,0.47904532806611105,1.0021337077352421,0.09465441,0,False
NCL,True,8.338694145730019,False,1.5532246088263526,0.6703590464556749,-0.5532236,0,False
PSMD10,True,5.864442067922927,False,0.6411931853797724,1.2938908280954051,0.6857722,0,False
HCG18,True,4.119749736983508,False,0.5593951802652612,0.5262422992113266,-0.75094485,0,False
NUDT16L1,True,5.846721972521763,False,0.5509759815106945,1.4982194904996082,1.0742763,0,False
PRKRIP1,True,4.268297274617504,False,0.3457991749312713,1.3357392504432624,0.74496657,0,False
MED21,True,4.888188073319115,False,0.45527100135787146,1.2972275394788457,0.67616713,0,False
SYT11,True,4.767887268476028,False,0.5711464571894465,0.8670683888752557,-0.14676312,0,False
LRMP,True,5.8315588848886835,False,0.5677864781907693,1.4653335665136087,1.0405495,0,False
BHLHE40,True,5.768040704845257,False,0.6105756771924773,1.2042110138956543,0.5771612,0,False
IST1,True,6.482146123772897,False,1.0013161376967687,0.9991423887428896,0.20301293,0,False
P2RY10,True,6.25285299349007,False,0.6010657515790534,1.6281549928814911,1.3753527,0,False
DDX21,True,4.742074040563954,False,0.5698337985878745,0.9998768864508538,0.12782356,0,False
MTO1,True,4.763119153507872,False,0.38917053229593257,1.3875017545452395,0.8772442,0,False
ADAR,True,5.975882367541448,False,0.9576833304807357,0.7388598581191668,-0.31013665,0,False
TM9SF2,True,6.717488533795244,False,1.0056467859735398,0.9416242328286448,0.0930887,0,False
HBB,True,5.824999978804609,True,0.07266750941718902,2.2140498731357763,2.5509174,2,True
MED15,True,5.8608177583141625,False,0.8901256841333993,0.8721190789336446,-0.05569218,0,False
MTPN,True,4.866746812068906,False,0.7075224795653065,0.7713759840198984,-0.29609454,0,False
UNC50,True,5.930198256774615,False,0.6546146438919012,1.2817314298356286,0.69333845,0,False
C21orf33,True,6.44030100039775,False,0.9266562879222592,1.136056992735694,0.4458971,0,False
IRF2,True,6.401284576540252,False,0.8597746459587075,1.2804442909904619,0.6986665,0,False
SRPX,True,5.487300421582425,False,0.38881306015757244,1.4440503496344048,0.91310537,0,False
BRE,True,5.857297861522401,False,0.6984882074846634,1.2298791953005725,0.6028956,0,False
SDC3,True,4.165721872557119,False,0.3528401998271931,0.966808361047464,-0.018186742,0,False
TBC1D22A,True,4.818703786424837,False,0.5164372006553423,1.14858934339427,0.42267475,0,False
NAB1,True,4.339925260973808,False,0.37897156356124956,1.181293565726555,0.4407284,0,False
LAMTOR4,True,7.999732615131493,False,1.2754177466209466,1.2268855824947011,0.6183411,0,False
POLR2J3,True,5.45850589585296,False,0.774325899789416,0.945267957682555,0.077569224,0,False
PAR-SN,True,5.814876977781904,False,0.8453962192987738,0.4867847326326061,-0.70957774,0,False
NOL7,True,6.989846286588501,False,0.9684716814680749,1.2784176777834446,0.74074084,0,False
ICAM3,True,6.922176341835559,False,0.9553651984468232,1.3739125782295671,0.9141268,0,False
TAF8,True,5.315472546907386,False,1.0280114048823696,-0.1971829155689733,-2.0708425,0,False
ADAM8,True,5.198827730493987,False,0.44141112845314995,1.5143858140527562,1.1452141,0,False
MAN2B2,True,5.265647257764517,False,0.6117820868867502,1.1797770061900652,0.4686443,0,False
EIF1AY,True,5.099947457193538,False,0.4682027613981301,1.5465119545265034,1.1677945,0,False
CHP1,True,7.606430987080093,False,1.5453671335916694,-0.23098749901759183,-2.7997322,0,False
ACAP2,True,4.223420507610175,False,0.5614699943912355,0.5898488879715248,-0.6248427,0,False
PPP4R2,True,4.0059102558448165,False,0.31339094799156586,1.0527691627017388,0.16178115,0,False
GUCD1,True,4.894800619902618,False,0.5561910279301265,0.9942385621103081,0.118187584,0,False
LRRN4CL,True,4.443196149322569,False,0.7793052872998101,-0.229612895660476,-2.0753453,0,False
CHCHD6,True,5.492472163336349,False,0.5767348301068849,1.2319302629974347,0.54670733,0,False
CA5B,True,4.7902513919372325,False,0.8652478949825475,-0.10295780388863185,-1.9524858,0,False
TBC1D15,True,4.765049883573383,False,0.6653976848457743,0.47277715177986873,-0.8488484,0,False
ZNF830,True,4.758212957108371,False,0.377522600600268,1.4163706792861679,0.90670675,0,False
MRPS21,True,8.050371636853326,False,1.2506548649467262,1.254795477689544,0.6963974,0,False
NONO,True,7.86818950035581,False,1.4439767310659433,0.6971914950265897,-0.50111425,0,False
ITCH,True,4.350297129570641,False,0.4946834542010373,0.8968881678451739,-0.03959113,0,False
MBP,True,6.581146854478999,False,0.8012482605949032,1.2267148119343778,0.6043679,0,False
GTF2H2C,True,4.841520004158052,False,0.7785906617620515,0.18921128686165134,-1.408353,0,False
HELZ,True,4.331254319924432,False,0.6189928741237153,0.5550129356194662,-0.68553686,0,False
PTRH2,True,5.518449414102149,False,0.5081025053105196,1.306465816999303,0.71478057,0,False
MPEG1,True,4.728238202319079,False,0.3605044016708486,1.4152247775135391,0.9411202,0,False
NDUFA12,True,7.406289279633806,False,1.0145552142139325,1.3207317780062007,0.8246452,0,False
STAMBPL1,True,5.25292524130047,False,0.49903578728799136,1.3992077833074337,0.89654225,0,False
KLHL20,True,4.261387803603002,False,0.35856124100600406,1.1811874377632452,0.42256352,0,False
SRM,True,4.499380905114714,False,0.348612184994202,1.2522804465640416,0.57068634,0,False
CHURC1,True,5.9676576357143105,False,0.927359841440628,0.8927576405859886,-0.022015236,0,False
HDAC1,True,7.201180301365036,False,1.0637240034335678,1.2183406167295958,0.5758064,0,False
VMA21,True,4.765033342056644,False,0.6579351373841471,0.4803940393220562,-0.8168709,0,False
CAV2,True,4.571285135187382,False,0.6146972152928988,0.28080309253203917,-1.1823285,0,False
NEK9,True,4.466337390142565,False,0.5279107277947219,0.9132820638928524,-0.03465311,0,False
CHRM3,True,5.23530393710517,False,0.9402065471289918,0.06413036331428328,-1.5526575,0,False
ASF1A,True,5.088534321561114,False,0.48120484237654404,1.4066930891235874,0.91315055,0,False
IGSF6,True,5.4167243473390405,False,0.287478716624872,1.6390435503539378,1.3456253,0,False
SNRPB2,True,6.053221012240324,False,0.8932689627174193,1.0488419542966463,0.26656747,0,False
ERICH1,True,5.116383511416472,False,0.6473027693831861,1.1471915864868785,0.40171012,0,False
SLC25A51,True,4.436886803464206,False,0.7086325045843676,0.05232383809913894,-1.6146526,0,False
RAB28,True,4.13433894062571,False,0.35006096041514567,1.1689675733950184,0.41649488,0,False
HAUS7,True,4.806078822676193,False,0.3544950079564789,1.409608490172946,0.9077206,0,False
RPN2,True,8.259477917871886,False,1.3492589319007227,1.0609118630680354,0.3716564,0,False
CTSO,True,4.798622321203686,False,0.3886949287010193,1.327816218071526,0.72258013,0,False
TERF1,True,5.023550892235046,False,0.766040548793189,0.41563271224158205,-0.89829123,0,False
KIF22,True,5.800121442916912,False,0.5847064736207512,1.3797897278882698,0.8642524,0,False
NINJ1,True,6.910823292763668,False,0.7719059784271113,1.457127574193068,1.0429999,0,False
SFXN4,True,4.662157917677211,False,0.3569317650163177,1.3591219993506747,0.8020885,0,False
HIST1H1D,True,4.452590757848334,False,0.2798068851992297,1.6117174072736566,1.2875721,0,False
MYL6B,True,5.195038813731204,False,0.5347091493987872,1.246194656690818,0.5730705,0,False
OST4,False,8.999560816934585,False,1.6400390302688699,0.9489805691272858,0.40750352,0,False
VAMP7,True,5.760438541846609,False,0.6242814090298668,1.3010388700714703,0.71158034,0,False
HLA-C,False,11.493824170785018,False,2.124159119686289,0.4264857342554314,0.5709877,0,False
BBIP1,True,4.464399427186542,False,0.5381083237424452,0.9504432578216334,0.004449724,0,False
SBDSP1,True,5.369921231078399,False,0.5464091588672738,1.3186193841692389,0.7516992,0,False
N4BP2L1,True,4.38739823174489,False,0.36600788231912196,1.3152544426063442,0.7228819,0,False
HAUS3,True,4.510984023910641,False,0.7107596131626462,0.15411740304094862,-1.4288818,0,False
RSF1,True,4.83462600166985,False,0.6386032059680165,0.9688954931843476,0.084971264,0,False
HMGXB3,True,4.316774392667084,False,0.4474423654463574,0.9499724118454753,0.015359171,0,False
WDR83,True,4.243984162946336,False,0.2864725769471045,1.3331798071061138,0.71804786,0,False
RABL5,True,5.311508070555871,False,0.9921155617689645,-0.1572717396081484,-1.9652464,0,False
GALNS,True,4.373633488403976,False,0.3348849249010619,1.1932108121293803,0.4476939,0,False
HIST1H1C,True,5.863872632794704,False,0.5786986218956499,1.430116000258907,0.9376423,0,False
PDK3,True,5.259684498713084,False,0.7624082969284557,0.6838234540379234,-0.41979787,0,False
CASP4,True,7.509277635963145,False,1.0642555080399378,1.3584468568427288,0.88151443,0,False
TPR,True,5.089980472609748,False,0.7608102606121381,0.7587193378918256,-0.2751204,0,False
MTX2,True,5.702272870900553,False,0.6142555772573353,1.2173800758788949,0.5316781,0,False
LYRM7,True,4.84951892030338,False,0.8921160987399106,-0.18275651611253851,-2.0609415,0,False
BRD3,True,4.870189521667452,False,0.5801050188523429,1.020415974232944,0.23107658,0,False
SERPINA3,True,8.235922516996029,True,0.4155496612293509,1.7476324277929747,1.5711956,1,False
LOC100506190,True,5.552518818729814,False,1.0191334742363412,-0.06816331224529872,-1.8001132,0,False
FBXL4,True,4.03072777972132,False,0.30576116783588203,1.2270243650482455,0.52590317,0,False
UGT8,True,6.09527381088037,False,1.137546303448615,0.16345180823448893,-1.6704601,0,False
HINT1,False,9.002046244735919,False,1.607867485829578,0.9873594578371125,0.41030267,0,False
CHCHD2,False,9.364983861444077,False,1.7084618028129204,0.8726578099533482,0.5366287,0,False
RPL38,False,10.385143404905424,False,1.9662523953120876,0.5693862490420809,0.6667077,0,False
SUMO1P3,True,4.46124299957446,False,0.3287607336545341,1.3039186590330178,0.69271666,0,False
CYR61,True,4.988959699029226,False,0.21329919513607762,1.3921316244168378,0.8462091,0,False
C1orf86,True,5.080213643945007,False,0.8464700557635053,0.25122003139758187,-1.1796627,0,False
TMOD3,True,4.679864668974797,False,0.6466908532010863,0.49547166814519183,-0.7706544,0,False
ILF3-AS1,True,6.031262419232293,False,1.0889722032959672,0.2606531737961761,-1.2023648,0,False
HRSP12,True,4.485544877649519,False,0.3065532828024995,1.4000999609794822,0.8661942,0,False
KTN1,True,5.032867971400873,False,0.6878518519953835,0.7707427174179029,-0.2642866,0,False
LAPTM4B,True,4.191444403260239,False,0.3361292950403897,1.0473880721518332,0.12490795,0,False
TMEM147,True,7.14221534621176,False,0.893126655044552,1.354853779479376,0.8359332,0,False
TRIM5,True,4.732441426690658,False,0.5958974963163927,0.7808135628324901,-0.29488647,0,False
APOC1,True,6.786741565484788,False,0.6074497721431402,1.5644507813687354,1.2013828,0,False
PARD6B,True,4.257309885801008,False,0.6647246221028404,-0.0166073379454099,-1.7649175,0,False
ARID1A,True,4.304703590717401,False,0.5750882986531771,0.7820569826368567,-0.27884743,0,False
RCN2,True,5.837835680431121,False,0.6410551260913593,1.2062530313153792,0.55087477,0,False
HIST2H2BE,True,4.599662098715525,False,0.31078244134865,1.2688956395687097,0.6188582,0,False
STARD7,True,6.19171514372001,False,0.8515583971044207,1.0464067487185167,0.24733685,0,False
SHMT2,True,6.41156742113627,False,0.7937902244399673,1.3097767138374663,0.75655395,0,False
UQCRH,True,8.934565808367763,False,1.4566957346995146,1.2238611726416329,0.79126525,0,False
SDHA,True,7.066436220274718,False,0.9955418068729476,1.204035599630275,0.6007349,0,False
NCLN,True,4.655208318488858,False,0.494163514258748,1.028879099002003,0.18613957,0,False
ZNF280D,True,4.343913572805038,False,0.4224318526988663,1.1241982894439464,0.33959636,0,False
RCBTB2,True,4.237207731572494,False,0.32749679717726937,1.2508436868161295,0.58885884,0,False
DRG2,True,5.337205099325993,False,0.5317000441277406,1.3593498050076844,0.8183689,0,False
KLRB1,True,7.341125414141861,True,0.5317209332181655,2.0418101863110016,2.1567268,2,True
SAFB,True,6.182791944051197,False,0.8414092928057275,1.1247571706661235,0.40082562,0,False
LOC154761,True,4.894467565460086,False,0.41756653280308664,1.418903829733451,0.91851205,0,False
ANKZF1,True,5.651829078624311,False,0.637350083701843,1.297408691690996,0.74689496,0,False
SENP5,True,5.278037997764292,False,0.8628772922079735,0.343172134285996,-1.0560272,0,False
LBR,True,5.783268973225032,False,0.6823412949802152,1.2048323600618147,0.5794713,0,False
IL2RG,True,9.173487377397482,False,1.4886405400596114,1.3799649748679435,1.2148684,0,False
CCDC51,True,4.607334144250068,False,0.3057711373583407,1.3182270095192083,0.6774748,0,False
ANKRD37,True,4.347754313976418,False,0.2754797910068547,1.436798433471206,0.9226424,0,False
GMPR2,True,6.066520350671643,False,0.6595737046445683,1.4198186978384641,0.93250346,0,False
ERGIC1,True,4.27416266242464,False,0.37104382395047697,1.065168240541453,0.21509574,0,False
KDM4A-AS1,True,4.521434605531847,False,0.6715933219919572,0.1946997539430795,-1.3409566,0,False
TSPAN32,True,4.082079006741414,False,0.26523660417272366,1.4694213859682614,1.004526,0,False
MAP4,True,6.069727397022096,False,0.9740685128706184,0.7444408669230755,-0.29619506,0,False
ORC3,True,4.857461679628236,False,0.4687850138019569,1.2522440173739429,0.5932375,0,False
EIF4EBP2,True,4.919535752405402,False,0.6914159571941603,0.7924552566490302,-0.2720921,0,False
DFFB,True,4.438731231604839,False,0.7264080585519896,0.015033441579141448,-1.6842186,0,False
IER2,True,8.030920442896067,False,1.2102671246219452,1.2113656342917587,0.5783831,0,False
AIFM1,True,5.189055400629621,False,0.7581628144555033,0.5455554434643639,-0.69365317,0,False
MRPL4,True,5.630004568257892,False,0.6844485991773082,1.151513287879907,0.4279902,0,False
NUDT4P1,True,4.447987625659898,False,0.5190208543431436,0.649900398969808,-0.48680305,0,False
C1QC,True,7.182098089923357,True,0.34743028180504576,1.9922153015675763,2.004036,2,True
SLC25A37,True,5.045016442266679,False,0.46901789023625207,1.284918293216956,0.67353946,0,False
SMARCC2,True,4.795562931053683,False,0.651630052018648,0.8362016856807551,-0.16616914,0,False
CCDC12,True,6.6278660298445065,False,0.8376595802792733,1.374183306558506,0.88168186,0,False
AMBRA1,True,4.033812823776572,False,0.458157308506028,0.7319344100440147,-0.40849048,0,False
USF2,True,4.474821228248304,False,0.44562985170713576,1.2525932304255019,0.5902846,0,False
C20orf24,True,5.7469583154112795,False,0.5406653131904197,1.3283703477787987,0.7867767,0,False
IRF2BP2,True,4.548613294230244,False,0.5263392292521633,0.9274648189628382,0.008661457,0,False
MSN,True,7.819691255977749,False,1.4091960076585544,0.7040648703006758,-0.5365589,0,False
SLX1B,True,5.772516188237493,False,0.7993392830618617,1.0849066700661885,0.31802237,0,False
ZFP106,True,5.266880936219375,False,0.8335366077623965,0.5253343068098408,-0.76478994,0,False
GTF2E1,True,4.837663087911605,False,0.7041910759851107,0.3617964116177701,-1.0135626,0,False
ARHGAP17,True,4.641965492766062,False,0.5195782759594896,1.063200687590747,0.26684126,0,False
SFPQ,True,4.524987228666802,False,0.5210676203609816,0.939132294821228,0.03188259,0,False
RGS16,True,4.5587797518528355,False,0.2575861697242686,1.4886944647441234,1.0306373,0,False
CA14,True,4.871767046282103,False,0.3162484792570085,1.3762548074322414,0.7952592,0,False
STAG2,True,4.844634106195861,False,0.5717131227715194,0.9391339043283038,0.068378106,0,False
MOB3C,True,4.248047983991098,False,0.2565673072256801,1.4654439327647133,0.98081964,0,False
LRTOMT,True,6.129562550571474,False,1.2302160760431642,-0.2674524289997031,-2.9855404,0,False
SCARNA9,True,4.260046196188578,False,0.3048434576155354,1.3918796227511439,0.8652676,0,False
CD55,True,6.42453091956112,False,0.8357539411776398,1.1883407341342158,0.54637384,0,False
RPS23,False,8.62130017001013,False,1.7786633880665947,0.18632552222492157,-1.3672054,0,False
FDPSL2A,True,4.598518294949484,False,0.8111256878545059,-0.23652969723422756,-2.0950012,0,False
FBXO27,True,5.02198378463167,False,0.9729980314985428,-0.2155859394555857,-2.1533372,0,False
NUP93,True,5.786835910888981,False,0.6620869629781749,1.1797800478529918,0.45648316,0,False
ZNF581,True,5.4435334285920565,False,0.45169640279313744,1.5250565688222477,1.1245724,0,False
FAHD2CP,True,4.110772629249041,False,0.28391612211048,1.2863154156758378,0.6255819,0,False
ATP6V0B,True,8.031226390798487,False,1.1840234778149643,1.2558151036045095,0.660145,0,False
SKP1,True,8.317237070043081,False,1.5641510023523697,0.7162909114698948,-0.43793932,0,False
ZBTB38,True,4.9533637523706116,False,0.5723921170601679,0.9797007574711667,0.13513167,0,False
FBLIM1,True,6.825918090709706,False,1.397436177652533,-0.13915799411846275,-2.6900191,0,False
PLTP,True,6.32452241116394,False,0.5932220450202796,1.3916144229263523,0.83906984,0,False
SLC25A1,True,5.473736351108225,False,0.4932129857210442,1.400876818853415,0.878704,0,False
EZH2,True,4.6538450175995205,False,0.42115516259776536,1.1153395684420724,0.33099812,0,False
DOCK8,True,5.674062368882426,False,0.8448207543857149,1.0008665729282527,0.18310076,0,False
PLEKHB1,True,5.867426518955486,False,0.5189832807222149,1.4733458628031675,0.9895876,0,False
MRPL33,True,6.649980459486844,False,0.8666360011408734,1.2968508099679958,0.7446815,0,False
RNASEK,True,8.447238696915708,False,1.5132713737208494,0.9464900949980941,0.13482039,0,False
PELO,True,4.246529848344177,False,0.3642427485551978,1.2134533555276223,0.47630575,0,False
ARMC1,True,4.9055277749303094,False,0.49238241140726186,1.1749049118401196,0.45646337,0,False
C9orf37,True,4.7695004817709705,False,0.3927347625036142,1.3856868244587814,0.85190916,0,False
TMEM66,False,9.54707540081778,False,1.7648697107253795,0.7891724185970523,0.31392092,0,False
PI4KA,True,4.622358744715463,False,0.5103833800107465,1.0400657547682988,0.21681204,0,False
POU2AF1,True,4.917943878374509,False,0.684350817169991,0.7327490960771866,-0.31925622,0,False
LEPRE1,True,5.189336742869009,False,0.48382902209960416,1.1812713049423484,0.4553323,0,False
MRPL12,True,5.9832471384216115,False,0.7080905980886611,1.222934120342564,0.5524415,0,False
R3HDM4,True,5.0827662244010074,False,0.4716160265104232,1.378130528419934,0.8829993,0,False
ZC3H3,True,4.102781663798346,False,0.3691112527540502,1.0851919660787857,0.25606772,0,False
ACBD5,True,4.183724418084882,False,0.5009324930661206,0.5969716111932986,-0.60396075,0,False
TIPARP,True,4.37075508022215,False,0.3263224835613896,1.2644741294141468,0.6045731,0,False
CCDC137,True,4.747341947738476,False,0.445060074329506,1.1591635528114046,0.40849245,0,False
ESRG,True,5.170625541831641,False,0.7250096378191704,0.8543328217165638,-0.14065483,0,False
PIBF1,True,4.141139217893561,False,0.348451586271566,1.2091746254995144,0.48604015,0,False
PDE6D,True,5.653786988938066,False,0.5669248872391186,1.395387226083026,0.87791455,0,False
DUSP2,True,8.509269094486847,False,1.0742149582069211,1.5986741300930887,1.3377357,0,False
SECISBP2,True,4.7886715446385235,False,0.5660389426729556,1.0113888098847394,0.16586673,0,False
PIK3C3,True,4.884635781527284,False,0.4543843293134803,1.2641408847735884,0.60997623,0,False
PAG1,True,5.057073963048426,False,0.7367888034170531,0.7147633468056703,-0.37139022,0,False
GNG10,True,6.429175830441062,False,0.8346134204742848,1.2426639922850646,0.6217297,0,False
APOL4,True,4.290207464201873,False,0.6214573298602999,0.48843372278495883,-0.83382356,0,False
GPCPD1,True,4.630676055681452,False,0.49216264412815414,1.0728076657109642,0.31000757,0,False
RAB14,True,4.5030808982685055,False,0.5257058525984022,0.8569954064798573,-0.12238075,0,False
CDK2AP2,True,7.1637290315618785,False,1.0288489326336914,1.2590895671903943,0.70634115,0,False
HDDC3,True,4.865554573714263,False,0.37700509974303903,1.4904948126093163,1.0490775,0,False
COMMD7,True,5.547090729384655,False,0.6012439984211467,1.307249198933197,0.7200609,0,False
CXXC1,True,5.418792200111008,False,0.5989546954928051,1.2852710630233708,0.6869973,0,False
CD40,True,5.6022797557408675,False,0.4804969599948267,1.5902112808090547,1.2874775,0,False
DYNC1LI2,True,4.630038667001637,False,0.5149596430684342,1.0063915997153328,0.13159585,0,False
GDI1,True,5.387451478637036,False,0.7138702308997082,0.8860767839530699,-0.049369182,0,False
PIH1D1,True,6.191037963678751,False,0.7662546318403862,1.2880460917198249,0.7154451,0,False
EFTUD2,True,5.846174504121705,False,0.7422260546664918,1.1209844513677345,0.3975247,0,False
HSPB11,True,6.326470946138624,False,0.737381006038675,1.3643684072265578,0.84740263,0,False
MED10,True,6.2502256031883165,False,0.757618485802799,1.352148124129902,0.8350434,0,False
ARHGAP4,True,6.288817773982421,False,0.8965449869485637,1.1679679393351488,0.48634917,0,False
UFD1L,True,5.883787895734375,False,0.7602417689922063,1.17287381426316,0.48386672,0,False
NDUFAF6,True,4.328774814299561,False,0.3658867997180427,1.2596903331510434,0.57097626,0,False
COA5,True,4.970786551161507,False,0.4963298920598246,1.2239920403937408,0.5181642,0,False
SCD5,True,6.496052179540749,False,1.2665429934168215,0.052888169912523805,-2.5106661,0,False
LSG1,True,5.006384798192363,False,0.5846559646311338,0.9288691643832316,0.0076242783,0,False
MAL,True,5.607825352539855,True,0.4232348180086626,1.7752220692720995,1.6157839,2,True
ARMC8,True,5.349937822893175,False,0.6240856020255316,1.13306726999802,0.4162374,0,False
MTRNR2L6,False,10.771444098612832,False,2.097109518547307,-0.06107451722760612,-2.1389046,0,False
SMC1A,True,4.1130240340910085,False,0.46122427345565087,0.8966314825047119,-0.09949723,0,False
TUSC2,True,4.318587256990181,False,0.4453567833015117,1.0748313579052813,0.26316363,0,False
CCDC104,True,5.284260441270095,False,0.4914646984344447,1.3383969930076436,0.7401931,0,False
ATP2C1,True,4.187084687699553,False,0.37482681720328154,1.0264533352891654,0.12978658,0,False
TMEM230,True,7.963705177886872,False,1.2703057538475995,1.1962599727048011,0.52389663,0,False
EGR1,True,7.071041965454965,False,0.7694133975047371,1.2500633925276787,0.66529346,0,False
CD58,True,6.788994131154708,False,0.7949555560785057,1.291647220415645,0.7167275,0,False
PSMC6,True,6.518840500688435,False,0.8591974215476266,1.225594953148771,0.5961416,0,False
TRAT1,True,6.692891576668985,False,0.7070300722827807,1.6527661246913015,1.4059025,0,False
PAGE2B,True,4.943733960121024,False,0.14401636022784622,1.5036009276335776,1.0083042,0,False
ITGB7,True,5.5070922687437776,False,0.45459285149403095,1.5540077467274354,1.2069674,0,False
CHKB,True,5.323214401242388,False,0.5040387161138069,1.4320091845549086,0.9506896,0,False
HUWE1,True,4.514664166669759,False,0.6783585538070673,0.5353291533832127,-0.73487973,0,False
CD180,True,4.223996973359662,True,0.23416968983296074,1.5911966577947705,1.2590528,1,False
TMPO,True,5.761235962824582,False,0.776474609402572,0.8915234019534981,-0.011794544,0,False
LYRM5,True,4.864614725854666,False,0.3850195972007082,1.431166035806303,0.9254932,0,False
OXCT1,True,4.879284886104648,False,0.4688832357986989,1.2333103289518963,0.5653584,0,False
PPM1M,True,5.247148016135825,False,0.4613572017954507,1.415811152951008,0.9433276,0,False
LEF1,True,5.022239856112614,False,0.4794569791460072,1.366027026410877,0.8122696,0,False
GTF2F2,True,5.815869778225505,False,0.6611720025954755,1.2508229762684975,0.63470364,0,False
PLA1A,True,4.312441042798065,False,0.216546804523828,1.4655414549150823,0.9098465,0,False
MOCS3,True,4.232835264935681,False,0.60369494098962,0.17324418379580434,-1.4409887,0,False
PPHLN1,True,6.453957908624785,False,0.8668577156327897,1.2032799629734476,0.54422617,0,False
MAP3K8,True,4.483986945630499,False,0.3625113557168883,1.3330804439271882,0.75494593,0,False
EFCAB14,True,5.453105991846686,False,0.7028705176633256,1.046875394974052,0.2592677,0,False
CPSF3,True,5.510419104639063,False,0.5504132414588927,1.2575912164184802,0.5927744,0,False
TMEM14A,True,5.471147763011297,False,0.5618374531087929,1.2941901798882207,0.6752332,0,False
GPKOW,True,4.51846811894324,False,0.46778303216503136,1.0276017406777052,0.13493185,0,False
YY1AP1,True,5.78343139101413,False,0.7056902415983448,1.1637796886146514,0.47842297,0,False
SULT1A1,True,4.702862793758744,False,0.40935374292997195,1.2387919655846216,0.55324405,0,False
GGPS1,True,5.611890913814912,False,0.9560876936374143,0.3437493994627736,-1.0667415,0,False
MAP2K2,True,4.484101525110488,False,0.4707333150780941,1.1684170888761432,0.43328273,0,False
UNK,True,4.796226421966047,False,0.36837254121337404,1.3187424791494098,0.69714636,0,False
LDHA,False,9.818441682508192,False,1.7137265324528197,0.9092732424112362,0.58593386,0,False
MRPL20,True,6.869292603531909,False,0.9748118142652342,1.2357678857242806,0.6596054,0,False
PHF19,True,4.453876047121672,False,0.34051937333824045,1.2728309333553223,0.60499394,0,False
ATP5S,True,4.4147504000019895,False,0.5307189818140001,0.6784082841937167,-0.47827727,0,False
TTC5,True,4.847155493503745,False,0.32570688757985666,1.49832019494735,1.0755439,0,False
XAGE1C,True,4.107790707813502,False,0.3359393203783211,1.074668217789141,0.19928688,0,False
TCTN1,True,4.244135161702163,False,0.3294821168050364,1.0929020051194824,0.23308,0,False
RBM14-RBM4,True,4.164907738241486,False,0.3512336466676472,1.2204670109090452,0.5375239,0,False
PPP2R5C,True,6.92424260272302,False,1.0375268284460972,1.1027569312673102,0.39626646,0,False
CAPG,True,7.715098739166577,True,0.8608385343777492,1.596713466904541,1.294613,1,False
MPZL1,True,4.332118788435357,False,0.39241930951024484,0.9908842602370707,0.058076583,0,False
MAD1L1,True,5.207293880687668,False,0.5948371488668486,1.1958339143800565,0.48550057,0,False
INPP1,True,4.227187439558306,False,0.30229228811172126,1.3112919557108755,0.6602891,0,False
ANKRD11,True,4.019500736407544,False,0.5171230396469734,0.7728908755854882,-0.30504495,0,False
NFKBID,True,4.760818828949587,False,0.3401745426449815,1.4269395670537988,0.9578081,0,False
CPM,True,4.167741626647815,False,0.6586058818265077,-0.1807620698588387,-2.0757647,0,False
MTCH1,True,5.8495896094126705,False,0.7228793384079165,1.1602139516171859,0.46831784,0,False
HK1,True,6.185332304915615,False,0.8069994278873075,1.2254413439262,0.59943897,0,False
CDC26,True,6.2459642228299055,False,0.7370906106052273,1.3747396458382983,0.8815908,0,False
MRPL35,True,4.260559187810591,False,0.3892063766395299,1.1382934306803039,0.32240888,0,False
MCAM,True,5.840520807291382,False,0.5047668804723148,0.9059864130021824,-0.0016377852,0,False
POLR3E,True,4.799628421496893,False,0.5153481127045754,1.1484839216746416,0.39611182,0,False
AQR,True,4.249686546556023,False,0.40862833335534815,1.0975334386579467,0.28492442,0,False
PMS2L2,True,4.157240550028584,False,0.3411340779266025,1.2735821905350206,0.61636084,0,False
CDCA7,True,4.493274364799158,False,0.32409899898413896,1.2880597060149295,0.6561773,0,False
RPL13AP5,False,11.773205293518306,True,2.2035515490987496,0.49883873841540316,1.4009241,1,False
RBL2,True,5.868859809379886,False,0.7523484668012335,1.1364030873874866,0.43310457,0,False
PPP1R10,True,4.968454891312199,False,0.6049546435945738,1.0043653659674208,0.16676985,0,False
CSE1L,True,5.512955653572669,False,0.6708291688301411,1.0520916218603542,0.21644862,0,False
TOM1,True,5.468478835758,False,0.6041427461258759,1.1958587103737424,0.49642274,0,False
MRPL50,True,5.656410899787219,False,0.5404572156263259,1.4013538193126336,0.9052918,0,False
RCAN3,True,5.131622533170001,False,0.4574549523023431,1.4228845281705556,0.924487,0,False
STYX,True,4.860012070826784,False,0.7362079078738066,0.38276839280513597,-0.94000065,0,False
CINP,True,5.626173854677629,False,0.5412549388251636,1.4136908715013745,0.8779417,0,False
MARCH7,True,5.954095068486394,False,0.7282743327999364,1.1796880253164344,0.5131474,0,False
PFKM,True,4.70810058686711,False,0.4481502715980322,1.1292069943802665,0.31322387,0,False
SGMS1,True,4.247768138701439,False,0.35697399449561124,1.2189077586685615,0.52433836,0,False
RIOK3,True,5.52666069732411,False,0.825414180934565,0.688300936164598,-0.43470109,0,False
HERC2P4,True,6.455476268238871,False,1.1255612833988033,0.49925239185582265,-0.9060303,0,False
ATG9A,True,4.91130068373265,False,0.47839609342091505,1.1292411193633463,0.38118,0,False
MRPS26,True,6.345622185221747,False,0.737086927000798,1.3661093953309154,0.8633914,0,False
ELP3,True,4.726224692782412,False,0.5242392401431457,0.921565368797339,-0.026245251,0,False
HIAT1,True,5.814518991295249,False,0.6656829786216845,1.2368280801792617,0.61925364,0,False
PELI1,True,4.840077085653887,False,0.48368525273052876,1.212101017161495,0.55257154,0,False
PPT1,True,7.302845679275258,False,1.03204332806145,1.2365067798020197,0.6596984,0,False
SLC35C2,True,5.696495513773282,False,0.6595732696933523,1.2618131274190643,0.6217346,0,False
RFC4,True,4.910641341088272,False,0.38746197041099284,1.3243999057297624,0.72148204,0,False
GNB2,True,4.387356400375551,False,0.4494156020708939,1.1583589572162563,0.40700668,0,False
NUP50,True,5.164743064987869,False,0.6787601964148362,0.9036844552294376,-0.006679866,0,False
CCDC130,True,5.3763089464807265,False,0.5301024291353545,1.3310500809923216,0.77869093,0,False
RQCD1,True,6.329340730685919,False,0.987329266503424,0.9884261672655464,0.1529506,0,False
PLEKHF2,True,5.258411652978592,False,0.4923070888255412,1.3120328740565346,0.7316907,0,False
GTF3C2,True,4.9021502679689615,False,0.49093598763251023,1.201931918909746,0.5019316,0,False
DIMT1,True,5.627379303944154,False,0.5993923640404897,1.3351862455242807,0.76441735,0,False
CNOT10,True,5.120889438477092,False,0.556846751967392,1.1310777118770674,0.37102717,0,False
MR1,True,4.188101114198709,False,0.6422845185267323,0.14433504011098808,-1.4680063,0,False
TCAIM,True,4.139867744101614,False,0.30527751226928146,1.1986619261903968,0.46992365,0,False
TNFRSF12A,True,5.345633715513398,False,0.3378072615073369,1.479595329292982,0.99261284,0,False
OASL,True,6.337940143379461,False,0.5864257625039724,1.6596666164913878,1.4093208,0,False
IFRD1,True,5.313984696601832,False,0.657283576829731,0.9593839423247114,0.10804168,0,False
WDFY1,True,5.578677701072546,False,0.6644421160702981,1.05178777840722,0.2571377,0,False
ZNF267,True,5.147963034843956,False,0.4452246262229639,1.3671949998098816,0.84185773,0,False
TXNIP,False,9.84874112448202,False,1.7241753453415125,1.0656489478451783,0.7401579,0,False
PET112,True,4.144506597403879,False,0.2731934377597644,1.3137557197899437,0.70148414,0,False
HLA-F-AS1,True,4.131168202778324,False,0.3886255669626759,1.124535125626974,0.30067077,0,False
RPL36AL,False,9.162549739486932,False,1.6582547613135183,1.0068589595783388,0.5730459,0,False
RAP2B,True,4.886183745892103,False,0.6292231413547278,0.8725545447434302,-0.057876542,0,False
CAMK2G,True,4.559554995931262,False,0.3972035503692512,1.3641307861983338,0.8146629,0,False
SRSF8,True,4.385446120580119,False,0.5801807196277866,0.5776569861531804,-0.66239274,0,False
HMGB2,True,7.08824113087987,False,0.9227267209179231,1.39343410687398,0.9459425,0,False
NSDHL,True,4.425485655753963,False,0.3088647567087898,1.3780280356793053,0.78136766,0,False
POLR2D,True,5.191552705541181,False,0.528541879579423,1.1955799606520174,0.48406008,0,False
C9orf114,True,4.261210013877218,False,0.4183531506188385,1.0610623381655677,0.2427135,0,False
TOPORS,True,4.375854080687072,False,0.3480229806940163,1.2753860030557442,0.6218864,0,False
FXR1,True,4.185432017586522,False,0.5214177688882854,0.8105205639036706,-0.23483835,0,False
CASP3,True,5.494681943381756,False,0.5386565594999131,1.3825511159329995,0.8537759,0,False
KCTD20,True,4.956099863581095,False,0.7038663700802441,0.4218002270275638,-0.93681437,0,False
RGS2,True,8.636173498134523,False,1.0425584321206216,1.5715149282446856,1.2558091,0,False
PTMA,False,10.613188879822046,False,2.0912032813615307,0.03687686189353585,-1.643876,0,False
NAPA,True,6.2184863380631,False,0.9255489650058647,1.006725687424539,0.18782547,0,False
NDUFV3,True,6.146172063315192,False,1.1713469738315645,0.08787116282354526,-2.1265278,0,False
PPP1R2,True,6.4769852696757875,False,0.9810246496488978,1.0455050066248932,0.2748429,0,False
TUBA4A,True,7.5822329261960375,False,0.9732271833085362,1.5950286582000683,1.3640993,0,False
EEF2,False,9.105173485935477,False,1.7324032851009976,0.3619839940239339,-1.1051548,0,False
RBM12,True,4.650260011392952,False,0.6315216526515486,0.8468962025181219,-0.1631012,0,False
SERGEF,True,4.974000985529016,False,0.3945417063327299,1.4648235932670652,0.99666196,0,False
DEDD,True,5.474426107460418,False,0.6329192226697418,1.1875226323241765,0.48973393,0,False
SCYL2,True,4.139475875180861,False,0.37201915806992925,1.0256402337888493,0.14735086,0,False
PTPN1,True,5.750554813979398,False,0.7898227374658582,1.0420026104291018,0.25420484,0,False
SKAP1,True,7.023047583035329,False,0.8812772783525697,1.516712542705825,1.1531048,0,False
PILRB,True,6.2561531091078,False,0.8569651972982064,1.158171674012166,0.45787066,0,False
IFITM3,True,9.509444834821437,False,1.4419135790518298,1.234970867168169,0.8117884,0,False
SLU7,True,5.759983346988795,False,0.8342981885969121,0.8494846780500068,-0.13390806,0,False
ANAPC11,True,7.469503753664682,False,1.1553640659287314,1.1816846813714887,0.49924666,0,False
ATP6V1B2,True,6.813275712088987,False,0.900577401362501,1.207628861417132,0.5540663,0,False
CAPZA1,True,8.389362280488323,False,1.5624474774692554,0.7183943812121001,-0.44831568,0,False
GLRX3,True,6.449013111165955,False,0.8471771385287354,1.1669234937924295,0.47382918,0,False
PGRMC1,True,5.7448546748498845,False,0.5952443936161549,1.298715955979962,0.6733444,0,False
CHM,True,4.206045420179206,False,0.5470011935534735,0.39489151128141575,-0.98882854,0,False
EPB41L4A-AS1,True,5.8063107811901284,False,0.700564297506689,1.3828819172119227,0.8835301,0,False
CCNL1,True,6.417693187117976,False,0.9590515983279551,1.017958644648647,0.21928814,0,False
TOMM6,True,7.291083553009287,False,1.1697264601974444,1.136360131678429,0.40901497,0,False
GDAP2,True,4.727861049030221,False,0.5162836216507323,0.8980481213099912,-0.052104626,0,False
COX6B1,True,8.13875362201552,False,1.3761443884222286,1.0902964773102009,0.44660282,0,False
DNASE2,True,6.073065692442549,False,0.7252829121546759,1.1559735537570328,0.44917518,0,False
LGMN,True,6.708953101902691,False,0.8709509643757635,0.7935238083476134,-0.2413798,0,False
NTMT1,True,5.6376463839286695,False,0.5598995315768475,1.3843018618981189,0.8516615,0,False
SDCBP,True,9.561120058938467,False,1.4499941159665344,1.2662934963025385,0.90241086,0,False
PYGL,True,5.085147853809168,False,0.4436589071774317,1.2152842300319382,0.46028525,0,False
NUBPL,True,4.108036651932722,False,0.5955522337146706,0.228086185783776,-1.3411475,0,False
NUBP1,True,5.581270936269116,False,0.5044677879150244,1.4806562971106259,1.0495217,0,False
FAM136A,True,5.612439963209411,False,0.6128216890291557,1.2900078952065428,0.6672504,0,False
RIN3,True,4.035047740229863,False,0.38245224016089147,1.0973090515638488,0.2908846,0,False
LY75,True,4.351824820263502,False,0.5130662059818293,0.8416750005943758,-0.13546397,0,False
TOX4,True,5.70522804256012,False,0.9124727223882269,0.6842107792825259,-0.44934812,0,False
HSPA9,True,7.253448192814781,False,1.1919550507283105,0.9165867668198523,-0.16802259,0,False
SURF1,True,4.732508423555496,False,0.30975831764679757,1.4679410332097396,1.0032419,0,False
LSM5,True,4.710936104448,False,0.5810300084229482,0.9804391374740078,0.07782466,0,False
ZBTB1,True,5.140743197918496,False,0.5081407435970847,1.2695381833197068,0.66128093,0,False
GTF2F1,True,5.585504622614223,False,0.6706730235688514,1.1935541645568617,0.49112454,0,False
RPS15A,False,11.448929297943051,False,2.174606485058905,0.3991127254709865,0.5848504,0,False
GIMAP7,True,8.151964710168428,True,1.1674749463509086,1.5999545081251443,1.4541746,1,False
UTP3,True,4.1798780152899315,False,0.31296113642088835,1.2712098846109048,0.6083138,0,False
CKLF,True,6.627378085349587,False,0.9009218643796867,1.3017594435543498,0.7637625,0,False
MBNL1,True,6.93099316089796,False,1.2482379031617405,0.6452040545557415,-0.66949797,0,False
NUP160,True,4.416237708449244,False,0.42955166502789094,1.171132404860453,0.4219187,0,False
SERPINB1,True,6.621985179226441,False,1.0284711524140622,0.9448949109963428,0.091742374,0,False
ZNF766,True,4.935614467946407,False,0.5220856681109524,0.9670311739369543,0.08402825,0,False
MOK,True,5.085519927884694,False,0.540578740342808,0.9868191735290812,0.06776872,0,False
IQGAP1,True,6.004402337392629,False,0.8930257347457,0.8211753934136629,-0.13385266,0,False
FOS,False,10.479748780863678,False,1.609786402974465,1.2844579732940127,1.1900108,0,False
ZNF226,True,4.9746925430585955,False,0.39217486844375804,1.5090044725475078,1.0806506,0,False
C14orf1,True,5.487799114054017,False,0.5719176174146062,1.3415416014439743,0.76371497,0,False
TUBB6,True,5.132530707707968,False,0.37436586130606386,1.2992341628916004,0.6417689,0,False
FLJ42102,True,4.471511154658036,False,0.8133309708155099,-0.10140538392130675,-1.9345998,0,False
BAZ2A,True,4.156719861920285,False,0.5224921902889034,0.809086352290324,-0.22023845,0,False
SECISBP2L,True,4.111586174191739,False,0.468650509014765,0.9275879970722547,-0.05900587,0,False
MARCH6,True,5.809834407772133,False,1.0230401709711319,0.5727621547179564,-0.62737936,0,False
ING4,True,6.174507695373096,False,0.6943660863253147,1.3862656259775252,0.87892777,0,False
DPH2,True,4.95220008757531,False,0.40408478155684546,1.3782389585249395,0.82656616,0,False
DIAPH1,True,4.653404978457404,False,0.528375168790705,1.1333544049602886,0.39661798,0,False
CORO1A,False,10.018389724671763,False,1.6809745746451217,1.3283180107943022,1.3025334,0,False
RRM2,True,5.154131361650805,False,0.5608932402459588,0.5497940499149628,-0.8500467,0,False
OS9,True,6.874938879066872,False,1.0567669637500003,1.009518580089267,0.2191594,0,False
SLC4A1AP,True,4.966211122706487,False,0.5122344502231876,1.2109797837281406,0.51771045,0,False
COG5,True,4.840394268888874,False,0.5497002807444744,1.11119776218482,0.34178248,0,False
C15orf57,True,5.500203586421321,False,0.5135537054619093,1.4369650765427378,0.9509962,0,False
COPS8,True,6.166204065429894,False,0.7780164600995139,1.2062571809365599,0.54153925,0,False
NGLY1,True,5.396657570207003,False,0.6154257803962815,1.1687948631632588,0.45695674,0,False
NCBP2,True,6.323643324758091,False,0.8210310105655514,1.1912208457630096,0.52537125,0,False
GPSM3,True,5.2918376125590765,False,0.7241364743258235,1.0318284405186942,0.24191783,0,False
SIL1,True,5.324590355971196,False,0.5305588281130897,1.2075471613437794,0.5318277,0,False
ASB6,True,4.650781504892137,False,0.7278136725708322,0.19784317699658682,-1.3600557,0,False
KLRC4-KLRK1,True,4.932899339652526,True,0.31122883583207883,1.6425275222830165,1.3901914,1,False
MIR3064,True,5.038635225369398,True,0.36850851749732005,1.5943997347940237,1.3171229,1,False
C21orf62,True,5.063321352854923,False,0.9879824704774971,-0.30110899508688016,-2.320605,0,False
LOH12CR2,True,5.319025480346192,False,0.9555304376162088,0.008936927091200551,-1.6840836,0,False
TNFRSF1B,True,7.09581907341117,False,0.964126814460549,1.2459807408893602,0.6681289,0,False
FAM69A,True,4.933481371970501,False,0.4373166912635711,1.3102921370558602,0.6986943,0,False
RBM22,True,4.945319869095314,False,0.5190250649737419,1.151527726287639,0.4505331,0,False
CBWD3,True,5.076651383955392,False,0.5682492335195977,1.1388568129513486,0.41142717,0,False
SNRPN,True,6.832455162139748,False,1.0603111081510659,1.1623098320118923,0.45882255,0,False
MRPL49,True,6.167334376206897,False,0.8383181544281244,1.0026035396269684,0.15763249,0,False
ASNS,True,4.374120911899887,False,0.2679024707480406,1.4701993034289993,0.9928355,0,False
SMU1,True,5.293859172959482,False,0.9113621435822632,0.24258203732380393,-1.2502688,0,False
ISG20,True,8.045388415106798,False,1.1949852224152409,1.4697107854731328,1.1998235,0,False
POLR1D,True,7.081194582833855,False,1.0133329497207155,1.2264355989111204,0.6448262,0,False
KRR1,True,4.932308063060612,False,0.6168445015947148,1.0144810068457915,0.18194607,0,False
CDKN2AIP,True,4.782490572376789,False,0.3579415017384817,1.4763491854207265,1.0333172,0,False
CXCL1,True,4.421177516842072,False,0.0838086553267365,1.6765201145151898,1.4266076,0,False
FAH,True,4.294583863965173,False,0.32260542238888024,1.1951552622844588,0.43047616,0,False
DNTTIP1,True,4.118462962596593,False,0.23370877185710426,1.3589073784025616,0.748223,0,False
MRPL40,True,6.546655593523633,False,0.7620716329553209,1.3563767358451155,0.8244904,0,False
SLC25A19,True,4.476941921909068,False,0.28020390541067164,1.4465619904512812,0.9785125,0,False
PMS2P5,True,4.563751892322006,False,0.5018517957002184,1.0807731498589044,0.29638934,0,False
SDF2,True,5.939434620018059,False,0.6296938336328313,1.3494778975592239,0.82933223,0,False
DZIP3,True,4.091562158017344,False,0.4463938116913222,0.6605489743407487,-0.5040982,0,False
NOMO2,True,4.020113839519826,False,0.36204885878275916,1.0809568480131169,0.21990941,0,False
RIT1,True,4.466889461590684,False,0.4585757353901255,1.0274431991687378,0.15679072,0,False
FAM210A,True,4.395495622116999,False,0.5042833570403149,0.6410761226295486,-0.556881,0,False
RHBDF2,True,4.696946875895137,False,0.4615820477863444,1.1550698625013824,0.41895384,0,False
REXO1L1,True,5.446272210315355,False,0.9894519319214667,0.07553152870027444,-1.5371853,0,False
FBXW11,True,4.501743892245639,False,0.462000586052531,1.062757040335566,0.23282033,0,False
NPIP,True,5.6895960384688,False,0.8114128766802844,0.8900375562922045,-0.017005939,0,False
NRIP3,True,4.1141825668133665,False,0.6719307193192289,-0.03809517663252404,-1.8278819,0,False
TMX1,True,5.722266472995608,False,0.8748853344810564,0.7145165672896627,-0.38202354,0,False
SAP30BP,True,5.702920385065587,False,0.7413779384356773,1.1381689552780454,0.42468584,0,False
MEAF6,True,5.439342231858474,False,0.9251632148921605,0.42331010588298346,-0.9195976,0,False
DSCR3,True,5.552142876742234,False,0.8181029267732776,0.6210013011251397,-0.5752241,0,False
SPSB3,True,6.741290690961003,False,0.8865130561104724,1.3480609897731193,0.8351194,0,False
LOC90834,True,5.648109888982282,False,1.0917471772384566,-0.07128757130848394,-1.8316247,0,False
SLC39A3,True,5.298017993937504,False,0.48426996433345476,1.283628811206864,0.6689802,0,False
C18orf25,True,4.300507218094211,False,0.401546099412763,1.1516063985760772,0.39656928,0,False
CD96,True,6.663662829494049,False,0.9888851826713227,1.1555543945960602,0.50756377,0,False
DENND1C,True,5.908406920648297,False,0.6818729780114208,1.4370990766207008,1.0055022,0,False
SLC41A3,True,5.097756750941278,False,0.4219191013953755,1.38530813555455,0.8317447,0,False
DGCR6L,True,6.7796966487220045,False,0.888575861668737,1.3342565417166496,0.7991265,0,False
TMEM128,True,5.037188264318979,False,0.5070090934319014,1.2787930175873123,0.6634809,0,False
CSNK1G3,True,4.582768009702981,False,0.42077627370170656,1.1923827576583883,0.48862505,0,False
TSPAN6,True,4.479768272665945,False,0.3571118970444088,1.2029812395149184,0.42781705,0,False
MATN2,True,4.19569784687468,False,0.21986052449047197,1.3111821721839907,0.6828878,0,False
ST6GALNAC2,True,4.576937885379278,False,0.3044031774218964,1.2591953529895832,0.5359342,0,False
FAM162A,True,6.461798025865672,False,0.767311352711026,1.4035389040529882,0.9119931,0,False
GNRHR2,True,4.121215833472777,False,0.6885046788819277,-0.06814519071861531,-1.8720981,0,False
FGFBP2,True,4.959817384581247,True,0.17794868109561685,1.859142874226051,1.7320862,2,True
ARHGEF6,True,5.350298360087781,False,0.647645597233137,1.1562220203010516,0.47920373,0,False
TGFBR2,True,4.954555101628302,False,0.49478226593438884,1.2397292271464353,0.58936477,0,False
RUNX1-IT1,True,5.212449009878702,False,0.4459940805321729,1.3633279804241685,0.87246203,0,False
CIB1,True,7.840721910779742,False,1.2194467690968236,1.271281397062637,0.7244069,0,False
LOC152217,True,5.811373097894847,False,0.6512542516270867,1.2932977025004266,0.69087285,0,False
HERC4,True,4.058056381810913,False,0.3573819468510864,1.0678593855949265,0.24295893,0,False
DRAP1,True,5.40169297542642,False,0.7535322242888656,0.9648003135437841,0.124283694,0,False
PEMT,True,5.332712816430771,False,0.4540693836027859,1.3735877181548268,0.8099802,0,False
ADPRM,True,4.9241401626513674,False,0.3523980744046572,1.5710267300031164,1.2116755,0,False
SNORD10,True,5.454640746658257,False,0.46653851595777707,1.3997379936097603,0.9411326,0,False
MYO1F,True,5.626146697713074,False,0.6627932896700157,1.2914233782799547,0.7072667,0,False
RAB11A,True,5.167126027586887,False,0.7451666742921119,0.7663962554303245,-0.29654935,0,False
PTBP2,True,4.1996989530292,False,0.399642666924407,1.0437398289988082,0.18506205,0,False
C19orf60,True,7.063747397428619,False,1.0389565445778532,1.2405167775534474,0.67245924,0,False
C7orf25,True,4.347609539784249,False,0.25999096550259615,1.4172418521262449,0.8818873,0,False
NDUFA3,True,6.9232323011965144,False,1.0239206913618322,1.2713459906602766,0.72936535,0,False
SHARPIN,True,5.16790288604749,False,0.5279676819862436,1.2721683310398697,0.6763616,0,False
UGP2,True,6.6150821639503015,False,0.8853124860034791,1.2123526868541088,0.5699672,0,False
CIRBP,True,7.840160900654833,False,1.4480435769730993,0.680217169477895,-0.58250076,0,False
SEC14L4,True,4.188700342388891,False,0.7318723750759069,-0.20777299275007366,-2.0791368,0,False
VPS52,True,5.111204787719879,False,0.559690871646314,1.1566653040556532,0.43729162,0,False
GPRIN3,True,4.74881041155601,False,0.49195913570210115,1.1804229565876607,0.5019711,0,False
TSR1,True,4.373483441548525,False,0.4487299209882716,0.9058904620215804,-0.06748465,0,False
RSRC2,True,5.936887359255626,False,0.8336010567971077,1.0542909674234116,0.2615075,0,False
FAM115A,True,4.012072329273115,False,0.3793931420226007,0.958670789279833,-0.025120748,0,False
UNC119,True,4.915770173444233,False,0.3592726058894824,1.4518538663096976,0.9973025,0,False
GPX3,True,5.762745130589426,False,0.3044401725364534,1.6779837544725833,1.3818249,0,False
TBCK,True,4.384773459622131,False,0.3922522894904977,1.1207439363661276,0.32277644,0,False
CDC42SE2,True,7.407702439933802,False,1.2374269358663046,1.0496261848381614,0.19008707,0,False
EIF2S2,True,6.01195851558654,False,0.9198714883929116,0.9485189189939353,0.07086613,0,False
RNF130,True,5.64919177240654,False,0.5807978855367073,1.251620986381286,0.5982525,0,False
SMIM15,True,5.079743423116963,False,0.542274013770836,1.2247995424595526,0.5419907,0,False
QRSL1,True,4.626097667527386,False,0.5934914462807984,0.7210012577205297,-0.3976872,0,False
CCDC22,True,4.673563583897634,False,0.350988495243967,1.3702886724023222,0.81307334,0,False
RARS,True,5.7257481758815105,False,0.621205107354474,1.2244867809805597,0.53811884,0,False
DSN1,True,4.174590007108828,False,0.3364870140103777,1.074147969160998,0.21157801,0,False
PTPLAD2,True,5.174187883195023,False,0.4153073737417501,1.516879026077559,1.1453444,0,False
GPRC5B,True,4.254447185962038,False,0.30219686682332736,1.1315863956334051,0.30072606,0,False
DIS3L,True,4.617260686471116,False,0.6284451204491808,0.3990217903211149,-0.97237754,0,False
LOC100130093,True,4.435606788772766,False,0.2709668162066874,1.4336709847442186,0.94870776,0,False
HDGF,True,4.500963103879739,False,0.48076350284651603,1.027830139246093,0.14982782,0,False
SETX,True,5.072597670501524,False,0.6809131865513665,0.9111376720920026,0.011479665,0,False
TMEM2,True,5.074211928441136,False,0.6682134653035656,0.9639384770591474,0.103808805,0,False
STX16,True,5.642942012624863,False,0.8012250814199551,0.8462769127542673,-0.10356629,0,False
CDC5L,True,4.207009332629491,False,0.5279177134770132,0.707316465236287,-0.43061224,0,False
LOC100506233,True,4.242531542604791,False,0.29828168292828483,1.4271669100357145,0.89800024,0,False
WNK1,True,5.290665369783921,False,0.8225143537614893,0.7153800852942043,-0.32759622,0,False
GSDMD,True,7.007361804432579,False,0.9100676358903208,1.355466920582028,0.8683742,0,False
PPA1,True,7.699264834680585,False,1.072564738701807,1.3480358100331276,0.8558687,0,False
ATCAY,True,4.531967569092156,False,0.8698391169298376,-0.46576296330436706,-2.5959892,0,False
STAG3L4,True,4.3938865762503925,False,0.3616365589127418,1.2213226639635661,0.5237499,0,False
PDHB,True,6.912481311238297,False,0.9069613606798325,1.2975542041552586,0.7547923,0,False
KRBOX4,True,4.743756231836033,False,0.5792550507090035,0.7098429728745652,-0.43898463,0,False
ITGB2-AS1,True,5.185551696800195,False,0.5490784840073045,1.2849021105248037,0.72250444,0,False
CALHM2,True,5.272626116488747,False,0.43092381992941353,1.5281335414589028,1.1542286,0,False
FBXO32,True,4.395997556598249,False,0.39380331324397394,1.0017581687653738,0.11320313,0,False
CLPP,True,6.6281614292807625,False,0.8276044575929368,1.3743239811774073,0.8869484,0,False
PAM16,True,4.938260643468644,False,0.4454213006644897,1.3206311240972424,0.71696955,0,False
ATP1B3,True,7.479279928034782,False,1.068826720633579,1.1848787758895971,0.55182475,0,False
CRKL,True,5.672803491231016,False,0.699827999088828,1.0359916947190035,0.24336731,0,False
ANP32B,True,7.253966376952329,False,1.2051453143603883,1.0570685562690172,0.17485738,0,False
RASA3,True,4.89934828566039,False,0.5173490854065059,1.181592331921773,0.50339186,0,False
PGD,True,6.259172899893136,False,0.7241949164952106,1.3184903607909133,0.74298835,0,False
CDKN3,True,4.787384621331481,False,0.2540547180432118,1.458154824145213,0.96101564,0,False
MPG,True,7.145321798538861,False,0.9882398848287042,1.2917330887211795,0.7674844,0,False
DHX36,True,4.528889350474791,False,0.5116424817244639,0.9363252972579736,0.03235646,0,False
TNFAIP8L2,True,4.802517543344009,False,0.2916438393685846,1.6285751242497744,1.3266921,0,False
PHTF2,True,5.4117508931422895,False,0.6027840947719179,1.2226885722804033,0.5842689,0,False
FTSJ2,True,5.558757600768038,False,0.4446330608226881,1.3648966959866706,0.8031944,0,False
WAC,True,5.461735789704444,False,0.9335389946201185,0.2533856198269368,-1.2044313,0,False
PYCRL,True,4.211830744131269,False,0.5168772839473494,0.4398173516133105,-0.9325987,0,False
PRKCQ-AS1,True,4.0054416209809185,False,0.2662705900677229,1.5407620889467917,1.1553528,0,False
CDKAL1,True,4.906061016652329,False,0.7209404479285559,0.5091606376467112,-0.76563483,0,False
STXBP3,True,5.4697691294419615,False,0.591215164360628,1.2654078780557332,0.63861036,0,False
EIF3G,True,8.309608582939703,False,1.415631674381452,1.0881495294205492,0.4360638,0,False
NPC1,True,4.982307859691823,False,0.5035629765572949,0.999438889098536,0.11608424,0,False
ALDH9A1,True,6.677641136696959,False,0.8686734018324085,1.3216625134014512,0.8035712,0,False
ZNF600,True,4.200272958561279,False,0.25673606393708204,1.3899195457380427,0.8599738,0,False
SLC18B1,True,5.013007078769695,False,0.39599357616306685,1.2891304448093321,0.6350904,0,False
RASSF1,True,6.552895133271064,False,0.74669886461548,1.4158695599716111,0.96394664,0,False
PITPNB,True,5.95179753337307,False,0.7259574186622358,1.1738638914331512,0.48765516,0,False
CARKD,True,4.894292907278777,False,0.44315789849924236,1.3013442174132308,0.6915652,0,False
SMEK2,True,5.123410114747157,False,0.5841512865419626,1.07020647522449,0.3121341,0,False
BTG3,True,5.729796418129695,False,0.6326688368295362,1.2334443523261571,0.56256235,0,False
PAK2,True,4.577713441908823,False,0.6126415727341988,0.7159404150302597,-0.35465658,0,False
ATP2B1,True,4.374682895706484,False,0.48574196049373686,1.0222908258794297,0.16583525,0,False
NBPF15,True,4.15123425443251,False,0.44952872252147613,0.8177163779034882,-0.22249973,0,False
UBE2J2,True,4.800675030668207,False,0.47471379300874816,1.2943201916971263,0.6781195,0,False
GNL2,True,5.400518249490105,False,0.5443521401884446,1.2425526148308568,0.5678212,0,False
LUST,True,4.974271273435027,False,0.6131212649590114,0.6856225064021411,-0.3641946,0,False
KLHL24,True,4.160894033716277,False,0.4715066236903537,0.7649373518945595,-0.28651264,0,False
CBR1,True,6.570030329610034,False,0.782421452068838,1.2912519038549446,0.7065574,0,False
TRAPPC6B,True,4.089887794437988,False,0.3416157390978133,1.089516574695382,0.24569753,0,False
WDSUB1,True,4.634252511244964,False,0.3619107636340245,1.3526111397579235,0.7536374,0,False
RAB2A,True,5.444764297137935,False,0.7237310362688272,0.9534114181217945,0.05556154,0,False
TFIP11,True,5.386159519124211,False,0.547067690622171,1.262866455623411,0.64557034,0,False
PIGX,True,4.918132366138589,False,0.9030183185809989,-0.18203157413854748,-2.0559516,0,False
GSKIP,True,4.447885598223713,False,0.28303677128595606,1.4443801803531437,0.9544916,0,False
POLR2G,True,7.259035959621179,False,1.0160368000503177,1.3088721334032565,0.80208135,0,False
GRAP2,True,5.043994364955231,False,0.41173180786702446,1.4899288186708648,1.0598296,0,False
CNBP,False,8.53794999739566,False,1.7083571225116487,0.24336015168521902,-1.2554837,0,False
HSPB1,True,8.272396599952645,False,1.2572302484071365,1.1524889029373633,0.41455376,0,False
SNHG16,True,7.285170722428381,False,1.1637525019424526,0.8061384533436864,-0.28852558,0,False
ITPK1,True,4.7616682981254135,False,0.7588714904827539,0.1458178440658991,-1.4032888,0,False
G3BP1,True,6.7130379618884435,False,1.0035775213300402,1.0683556930247704,0.33701664,0,False
NT5DC1,True,4.845201858548409,False,0.4706278049289683,1.2723309506119658,0.6176865,0,False
RBM15,True,4.156836487175174,False,0.32287350545063664,1.1672908485419393,0.42727384,0,False
AMZ2,True,6.465786515812428,False,0.7687009904786319,1.3113391924794235,0.7454987,0,False
GDF15,True,6.919265795219333,False,0.5246572972640066,1.5702542979979766,1.1963212,0,False
MESDC2,True,5.140589404285337,False,0.7485005944795297,0.7528428158078077,-0.3301969,0,False
GZMM,True,6.557325002785157,True,0.6005940490205242,1.6997166371667407,1.5025024,1,False
LOC727896,True,4.021581356553206,False,0.6675367220367333,-0.13190102937728448,-1.9628428,0,False
PAIP1,True,5.098603979427776,False,0.560587970864402,1.1408609853981135,0.3881994,0,False
UBB,False,10.515964259589127,False,1.9587746379798359,0.6074902992482824,0.28257155,0,False
TCF25,True,6.681399379300053,False,1.0304347278061483,0.9911972392694883,0.18405345,0,False
SLC38A5,True,4.171080657793667,False,0.21968884202981884,1.5515273991492138,1.1505328,0,False
ARL2,True,6.67085848609044,False,0.8778736197227552,1.2784673162698668,0.6906954,0,False
PI4KB,True,5.342653812177356,False,0.6413685776721798,1.0863292695221909,0.29240265,0,False
SNORA70G,True,4.382435735476769,False,0.28282691975237917,1.5266187202282233,1.1728547,0,False
OAZ2,True,6.304272402999534,False,0.7843348373860921,1.2427111312037036,0.623148,0,False
NOC4L,True,4.756079346102187,False,0.3916101538708259,1.292149013101532,0.6683047,0,False
FADS1,True,4.201366367495566,False,0.4035187659166805,0.8792529740251493,-0.19313495,0,False
ARL4A,True,4.421796041972984,False,0.388779021052183,1.194826913395965,0.4703026,0,False
SAAL1,True,4.764865183821419,False,0.356132660290638,1.4109174574366428,0.89973223,0,False
USE1,True,5.654483338330776,False,0.5542434901326375,1.4162128416939543,0.9196787,0,False
PCGF3,True,4.116467788898204,False,0.411378894458998,1.041662331029662,0.16985847,0,False
HNMT,True,4.004971458139615,False,0.4160460812147927,0.9205014577071862,-0.09445864,0,False
CDK11A,True,4.430704492405032,False,0.5701837737578292,0.9420670753682925,0.02878921,0,False
KPNA2,True,6.769241175250433,False,0.7158054176188007,1.3712562285453327,0.8211238,0,False
BIRC5,True,4.6322330763614685,False,0.2990880864589831,1.3429521416561727,0.7237278,0,False
FAM63B,True,4.397536706080877,False,0.5560185901028243,0.5611014031824737,-0.69621634,0,False
SPDYE7P,True,5.494957621943586,False,1.0064374458881693,0.2407566095237469,-1.239982,0,False
KATNB1,True,4.294637784191185,False,0.31203938098829004,1.267090919884916,0.6031321,0,False
CCDC124,True,5.933137511001495,False,0.8028948245311458,1.0717009708888925,0.28916365,0,False
BCLAF1,True,5.941078662477678,False,0.9444396747450614,0.8484603849448127,-0.10141584,0,False
GOLGA3,True,4.361898341398862,False,0.6125199283900198,0.5659573969336958,-0.71710277,0,False
SERPINB9,True,7.1544688848833795,False,1.2357444504820503,0.824186158576385,-0.51697487,0,False
GLE1,True,5.055149453321496,False,0.47681398348810483,1.2285254710007194,0.5613754,0,False
GTF2H2,True,4.191493197988271,False,0.4007351962844915,0.9783499102965136,0.0734257,0,False
LAIR1,True,6.189388057695653,False,1.1048592108338167,0.368043175244805,-1.2707375,0,False
GTF3C3,True,4.428550298264432,False,0.3913356614550126,1.1828733096596658,0.4476374,0,False
LRRC8D,True,4.616711954908923,False,0.3955015388217574,1.3152259198078022,0.6993124,0,False
METTL2B,True,5.055679738834722,False,0.8577443439226571,0.12706092305702915,-1.5030053,0,False
ALDH2,True,4.740099221923229,False,0.30466882922873395,1.5367807864047394,1.1351638,0,False
EMP2,True,4.5967818846661705,False,0.8590379926316957,-0.5041377784708534,-2.73469,0,False
C3,True,4.317067863876511,False,0.11630728863800102,1.568257476722223,1.189248,0,False
SRSF6,True,7.348506698688911,False,1.2161007932144225,0.8535708501016909,-0.28171104,0,False
POLE3,True,5.940099349297827,False,0.6684541713126175,1.3132211432019014,0.72912616,0,False
LOC100288069,True,5.147787693706464,False,0.669063065610209,0.909211296396367,-0.0015055242,0,False
NELFE,True,6.75673392834071,False,0.9291376350790075,1.256565183886487,0.67095166,0,False
HNRNPR,True,7.117688146189837,False,1.1232884236598757,1.010278840818295,0.11937676,0,False
SERPING1,True,7.012091852178566,False,0.5629802713341104,1.5532463080245367,1.1767443,0,False
C4orf52,True,5.538867006159323,False,0.540513151877617,1.4446602655281833,0.96470106,0,False
ADI1,True,6.2995068433620744,False,0.7932182878175691,1.2701813632052832,0.6703949,0,False
WBSCR22,True,6.972279115396823,False,0.9832781581743195,1.2078844228610524,0.6059977,0,False
ASUN,True,4.440466035257113,False,0.3704850832478981,1.2153092448908343,0.5043164,0,False
PSMD3,True,4.909986839610278,False,0.5347921726787404,1.0181167447240334,0.18835448,0,False
HLA-DRA,True,11.278284294404072,True,1.4920870202917007,1.8522667232325634,2.3959482,2,True
NIPBL,True,4.162482982599568,False,0.5121217919725178,0.8221215489030419,-0.19086426,0,False
ZNF331,True,6.175196150524778,False,0.7608006294117764,1.0911265209070833,0.36425078,0,False
ADCK4,True,4.2259697643800855,False,0.29281837550859136,1.2776974410334803,0.6202763,0,False
HMGN4,True,6.901116693348904,False,0.9641605155775068,1.2786070336673947,0.7464537,0,False
EIF3M,True,7.827620215611454,False,1.250919104206492,1.1714116072640843,0.43446404,0,False
ZNF24,True,4.691733389669582,False,0.5897474385170272,0.9359486191662472,0.058170572,0,False
MICU1,True,4.565681967547074,False,0.42838623595057873,1.1718913596438,0.44235128,0,False
PBDC1,True,5.7895266296899175,False,0.6015621428777957,1.4004245815401082,0.8950248,0,False
FUCA2,True,5.360536709372695,False,0.6084857425219765,1.0730802595814013,0.25231826,0,False
IRF3,True,6.190219708663546,False,0.7799469390417066,1.3255340338170685,0.7889991,0,False
GMFG,True,7.974628236504035,False,1.1650555804074276,1.4934702630778878,1.2595832,0,False
PIK3AP1,True,4.353524168041829,False,0.36265845645919936,1.2440376340488688,0.61481947,0,False
ZMAT5,True,5.502229333612311,False,0.5044106868329016,1.390275085113875,0.86783653,0,False
SLAMF1,True,5.522541961869665,False,0.4875184485638544,1.5735201410262163,1.2346591,0,False
PHLDA1,True,5.518689579845128,False,0.7658968142634677,0.6120743340488428,-0.542674,0,False
KDM5A,True,4.8504666323359995,False,0.6609428276708643,0.8623986341099237,-0.10624666,0,False
LSM12,True,5.964532434154953,False,0.9080977012012759,0.9363482392528292,0.048564315,0,False
CST3,True,8.747952139852021,True,1.0410557508765375,1.5872601412752092,1.3152863,1,False
WDR6,True,5.80098759771257,False,0.7259451005802681,1.1302105165040839,0.4259864,0,False
CD300A,True,5.133207873493325,False,0.36580945952306065,1.6017970331059992,1.2985749,0,False
CNIH,True,6.850167023649834,False,0.8812905604153985,1.2947491414133006,0.72148794,0,False
DHX16,True,4.900856491067348,False,0.4587191472008916,1.2723165528143265,0.6466783,0,False
SLC35A5,True,4.162568534013853,False,0.31340271382986495,1.2199259764153942,0.50623995,0,False
MIS18BP1,True,4.471790888933507,False,0.4908310463957465,1.0166435151869995,0.19165426,0,False
ARL2BP,True,5.898877203198217,False,0.6121114736181921,1.335944228905926,0.766632,0,False
CD99,True,8.369968062310583,False,1.4867844088614697,0.9338612490830219,0.111660466,0,False
GLA,True,5.133147454813061,False,0.4555854383036958,1.259012322708987,0.61128706,0,False
LYSMD2,True,4.9290664999024125,False,0.3671246678744279,1.5587500984834088,1.1972582,0,False
MNF1,True,4.677293780738879,False,0.4950926232855259,1.163509180646012,0.39018643,0,False
PIGP,True,5.326065862772285,False,0.49366681248725763,1.3901157488536655,0.8312699,0,False
TMED9,True,7.433378094431692,False,0.9791663650377829,1.2009103396998968,0.5614408,0,False
PJA2,True,5.59744661656845,False,0.6608908337936348,1.0665841647406173,0.3133253,0,False
MGST1,True,4.084335593462338,False,0.2057305711316769,1.5546476846245225,1.1151661,0,False
PHF1,True,4.566494019510844,False,0.3889703784651651,1.3002857372114063,0.6764487,0,False
FUBP1,True,6.404707069665187,False,0.9619148507990505,0.97511715370288,0.14200592,0,False
IL27RA,True,5.758912645126266,False,0.5745429911430678,1.4208589742187918,0.94436175,0,False
IGLL1,True,6.1576992042946745,True,0.26325686236590906,1.7454716471128748,1.5035114,1,False
AAMDC,True,4.984997156711685,False,0.38064585282667235,1.3453198259842876,0.73901725,0,False
ASH1L,True,4.602127560803059,False,0.6092114723575506,0.8609293335864265,-0.09411831,0,False
RBM38,True,4.1454810734455165,False,0.32614073475127314,1.3745505904147106,0.8396098,0,False
METTL21D,True,4.387382497151945,False,0.311897500472236,1.3738525587615642,0.8214539,0,False
SNHG9,True,4.5355916092935455,False,0.4261244689232782,1.322123358204298,0.7523271,0,False
TMEM140,True,5.62383306483892,False,0.607206103439627,1.2583707539006495,0.61895394,0,False
IFI16,True,7.977347577874483,False,1.4218580947382768,0.7262275477863532,-0.4567323,0,False
PRPF39,True,4.964324989208832,False,0.5215942700749197,1.1309604980282892,0.39410394,0,False
USP4,True,6.117800900222585,False,1.0177403556498081,0.5267476963246271,-0.69685394,0,False
NCOA3,True,4.9502789734789525,False,0.6551512378276882,1.0044820979497244,0.17080143,0,False
TMEM212,False,8.241045476736474,False,1.6301044606925792,-0.00760533792351098,-2.0016026,0,False
MTHFD1,True,5.466240740018359,False,0.6069481104751457,1.180558331496835,0.47363892,0,False
LINC00439,True,5.241365717047514,False,0.7228779559047156,0.664562607725556,-0.5070878,0,False
PAFAH1B3,True,6.053247167488312,False,0.624822744261617,1.381037330440666,0.84907526,0,False
ALDH6A1,True,4.33165934538356,False,0.2704082238741914,1.4576074003969992,0.9452541,0,False
GRWD1,True,5.461524458310399,False,0.6356503076951375,1.040378451982923,0.19028293,0,False
BCKDK,True,5.783368285398755,False,0.6419867555661316,1.263085179949897,0.6243338,0,False
CTSB,True,9.678137435750005,False,1.555319890074091,0.6566131102865365,-0.34934518,0,False
ZFP36,True,8.619157688102113,False,1.42019543676922,1.0700423613117116,0.41861272,0,False
TNF,True,5.762936425013053,True,0.3887031107791502,1.7141589764910183,1.5053096,1,False
CYHR1,True,5.109592859866913,False,0.4497578158583284,1.2221122289490758,0.528608,0,False
SIRT2,True,5.503122781499775,False,0.6083698934771022,1.2572742359770368,0.6170472,0,False
C1orf198,True,4.134486656787003,False,0.3254296865333579,1.0956857916600071,0.22414356,0,False
PGAM1,True,8.819919134680164,False,1.4732238429965832,1.1140287510628215,0.4933478,0,False
FAM114A2,True,4.011751586895095,False,0.291964829857095,1.2006770851660615,0.46958345,0,False
NGFRAP1,True,6.66834362076763,False,0.799995022760848,1.4185201468326294,0.94167733,0,False
ERCC1,True,6.240683782957314,False,0.9064904635100551,0.9463555985145709,0.06349183,0,False
PMS2P4,True,4.168632991823326,False,0.316000486346429,1.128081266153384,0.34892815,0,False
PARK7,True,8.902077130112485,False,1.563198762960083,0.9958926870940834,0.3498274,0,False
WBP1,True,5.43537363726043,False,0.5868940955488342,1.2331532568190289,0.5719892,0,False
COQ5,True,5.376004896580221,False,0.45799809157381116,1.4289792354985096,0.9486067,0,False
TUBA1A,True,8.235483422333882,False,1.2038858582548726,1.2534145321651882,0.67828614,0,False
LOC440288,True,4.4395582717518645,False,0.557152009460492,0.6245592008373508,-0.5411436,0,False
RARS2,True,5.3298270980130455,False,0.5435421903361423,1.2417828789402274,0.5599083,0,False
MEMO1,True,5.219869857420956,False,0.48488529414768095,1.335351191286338,0.7518522,0,False
LRBA,True,4.1340503245455595,False,0.43053371610911884,1.034521957693248,0.1444147,0,False
KRT8,True,5.212499048888061,False,0.5085764552697125,1.4039411746119095,0.8417068,0,False
LMAN2L,True,4.168757924336723,False,0.28538973175600313,1.2293965518409635,0.53547585,0,False
C1GALT1C1,True,5.0580465573176525,False,0.40508258867048713,1.3693181901371803,0.8240324,0,False
DPP7,True,6.908788627268066,False,1.0221860370153122,1.1177898543215345,0.42457896,0,False
PPOX,True,4.759242287711183,False,0.39320427479549636,1.3059707357038668,0.7011026,0,False
ROPN1,True,4.209191877368826,False,0.2614561414623491,1.295072959667125,0.6039238,0,False
C7orf49,True,5.529668518617148,False,0.561471694706817,1.2589638204503188,0.60762197,0,False
GABPB1-AS1,True,4.62441108833324,False,0.6315883106427433,0.4879533823824779,-0.79384136,0,False
GTPBP5,True,4.873320103823134,False,0.7756778275458179,0.2128428605531946,-1.3264416,0,False
SPP1,True,8.96264766907222,True,0.5982558251408283,1.7659795936890155,1.5848781,1,False
IGFLR1,True,6.936730694019839,False,0.8729227865303317,1.4759349619140547,1.0782075,0,False
HYPK,True,5.663585130503466,False,0.8133203537793152,0.9751901482221543,0.08711286,0,False
ASPSCR1,True,4.283728800571916,False,0.3052973556020133,1.2487412576778256,0.567455,0,False
FDFT1,True,7.013656092486383,False,1.012012852242664,1.1788325329210023,0.54028213,0,False
CCDC90B,True,5.703826547913759,False,0.6310881337977619,1.33019943564728,0.7485174,0,False
UBE2D3,True,8.289682778441145,False,1.4608774239117555,0.9012105891898738,-0.0063982084,0,False
NELFCD,True,6.669043399472939,False,0.920238799219571,1.1666459438333687,0.4965822,0,False
COX7B,True,7.917975444153865,False,1.1713735231721303,1.267860439479115,0.71307975,0,False
ATP6V1A,True,5.49555047965189,False,0.717006811099268,0.7713600505077187,-0.25626034,0,False
TRAPPC5,True,6.8293053437824165,False,0.9042848386254777,1.310468955015227,0.7567757,0,False
ANKRD17,True,4.059630329589269,False,0.4576926721404908,0.8678906553891069,-0.17139746,0,False
IL21R,True,4.838476437338954,False,0.5080583141332342,1.0849787898554002,0.32845098,0,False
C6orf48,True,8.117742861694436,False,1.3029528879785723,1.2529169933512878,0.68312854,0,False
FCAR,True,5.234459079250461,False,0.9789519488500644,-0.10822843279334339,-1.9052597,0,False
CTSK,True,6.966782858231984,False,0.5943794961040834,1.5590837170916878,1.1689728,0,False
EXOSC3,True,5.178622502024019,False,0.5347419716894364,1.2681822956200497,0.6246647,0,False
SMCHD1,True,4.562378361863262,False,0.5582320610197548,0.8489193222332182,-0.12009112,0,False
POP7,True,5.459849936808267,False,0.509716365096333,1.3526613179072342,0.76292753,0,False
PGGT1B,True,4.5941347709681315,False,0.46940145431168706,1.1052454575826194,0.3294445,0,False
CCNDBP1,True,6.409846616189078,False,1.047942480638562,0.8303773989004033,-0.12935562,0,False
GLOD4,True,6.273733511110525,False,0.7848603464795532,1.2779540565931313,0.69123054,0,False
SCCPDH,True,5.536928159785867,False,0.5583348181324668,1.2562452410777916,0.5846102,0,False
PRMT1,True,6.171470499681004,False,0.85424272365643,1.0994364445125238,0.3567121,0,False
TEX10,True,4.405867900762847,False,0.36715145655204057,1.223527156036158,0.5156082,0,False
NARFL,True,4.6942353415592795,False,0.3747288924792723,1.3133985027045947,0.7089844,0,False
PIM3,True,4.816054869938848,False,0.4333592021232372,1.2648051519478554,0.5994689,0,False
SRRT,True,5.020573464998454,False,0.5934885988251604,1.076855759312524,0.2858049,0,False
DMTF1,True,5.376656477911455,False,0.6321581806907186,1.1464402899672104,0.43920204,0,False
ACOT9,True,5.426275821602236,False,0.5183063913868751,1.316377857606581,0.73985887,0,False
THEM4,True,4.290335743725069,False,0.632188809338419,0.4156842428688818,-1.0231713,0,False
UBE2K,True,4.393088833894082,False,0.549170012895549,0.9187482755485349,-0.045312498,0,False
LIMS1,True,5.859159616340367,False,0.998298888554005,0.3181154705943515,-1.0793499,0,False
PIK3CD,True,5.694294286541644,False,0.8569849164529018,0.7859231703666987,-0.2505851,0,False
DERL2,True,6.066912504959551,False,0.6796772328549243,1.3738151247217827,0.85095865,0,False
DCUN1D2,True,4.648215631526702,False,0.8479394405644438,-0.09386994316893672,-1.9269798,0,False
ARPC1A,True,7.180729627658303,False,1.0029711791874263,1.2496094114508796,0.66708493,0,False
TXNDC12,True,5.8890520806546816,False,0.7641456485538327,1.1552268045556482,0.4458378,0,False
BLOC1S5,True,4.65929694494101,False,0.47458383464053855,1.0654140603400801,0.21501587,0,False
RPS4Y1,True,8.829344277398508,True,1.386029135372482,1.503215107500235,1.4448296,1,False
TMEM259,True,4.046627758938977,False,0.37799723468287083,1.0332254840632054,0.17550698,0,False
GPR18,True,5.435759186859219,True,0.3935437531814488,1.7245435189044425,1.5191395,1,False
ACAA2,True,6.1597970275504395,False,0.6918627128195682,1.3905024642511081,0.8740284,0,False
DAG1,True,4.220176443763773,False,0.39873074179417345,0.6618558429650876,-0.5305163,0,False
TTC27,True,4.264917385233998,False,0.3160264896460103,1.3091482101370424,0.68045557,0,False
ZFAND6,True,6.909249067799734,False,0.9282547965845583,1.2942496173506473,0.77434283,0,False
ZNRF3-AS1,True,4.6989497627666,False,0.8837268172508614,-0.1834516276021201,-2.1026952,0,False
RCC1,True,4.080480950262459,False,0.29921596663159106,1.253373960110699,0.5723442,0,False
CD86,True,4.143553843902172,False,0.2549412032553929,1.5241771816081293,1.1136504,0,False
CALM2,False,9.609509876855105,False,1.766112129009712,0.7775228084274791,0.25682527,0,False
BROX,True,4.263296562806052,False,0.3390724679309669,1.260748150219791,0.5695938,0,False
INTS12,True,4.617404094720028,False,0.341754201129147,1.42759251683654,0.89406985,0,False
CTSF,True,4.605968606204235,False,0.33653191815851324,1.2741711283673611,0.59314,0,False
GNA13,True,4.281969526921324,False,0.41990848950810455,1.0727247805611415,0.23658262,0,False
B4GALT4,True,4.380101352899247,False,0.3126854841636115,1.3103521970467868,0.6705375,0,False
CHD1L,True,5.311234858031189,False,0.5963298785035512,1.1357213730272804,0.37867752,0,False
MSTO1,True,4.655749454769262,False,0.43633658522160346,1.193290265157081,0.48988903,0,False
FUT8,True,4.533470404936383,False,0.43588146293687924,1.134304798086438,0.3515699,0,False
TRMT11,True,4.222472664444866,False,0.29192434690211655,1.3683640827879735,0.8054995,0,False
AGA,True,5.378465044403933,False,0.4899793993662149,1.3767624698483396,0.82878405,0,False
WWP1,True,4.127457173382569,False,0.35597348505504844,1.2002346831845592,0.48947972,0,False
STAT1,True,8.520120902343832,False,1.4094403429000937,1.072976647169843,0.38258353,0,False
PTTG1,True,6.787949967478517,False,0.7411277032282413,1.4844695185716437,1.0705255,0,False
POLR2M,True,4.68850542220906,False,0.4819881817339897,1.177449908636279,0.4545408,0,False
SSBP2,True,4.166759158066994,False,0.4564603517308816,0.8212607579630338,-0.27619812,0,False
MRFAP1,True,7.653279647251467,False,1.2562115948843746,1.0944822813162751,0.2623323,0,False
NME4,True,5.223631819151076,False,0.5214461238393625,1.223971133065649,0.50068057,0,False
CARD16,True,6.62527732346744,False,0.7729978009318654,1.4903165618423098,1.0799861,0,False
C9orf156,True,4.791622254332368,False,0.34712709940789227,1.526781301340762,1.1360904,0,False
POGLUT1,True,4.7170741102428755,False,0.4589873432208138,1.1720125964786785,0.4372086,0,False
GCDH,True,4.875464477739883,False,0.3955776202429382,1.4250067484900821,0.9154135,0,False
SSR4,True,8.940835011949886,False,1.4880911294442583,1.110078745789926,0.55153346,0,False
RGS1,True,10.35894794126758,True,1.4912027330400823,1.5689370007335954,1.7911909,2,True
AGPAT6,True,4.615634177510659,False,0.5704882050350603,0.7745662379247676,-0.29150522,0,False
BBX,True,4.6511266118563785,False,0.6062017693390569,0.9032097916388884,-0.015509825,0,False
EFEMP1,True,4.894261646161908,True,0.07715018077398123,1.7653223290544293,1.5569373,1,False
PIGB,True,4.4601898678648695,False,0.38239961992884547,1.224239584146516,0.5034307,0,False
CYTH4,True,5.541350793730632,False,0.6331980149238077,1.3147359475513674,0.7563719,0,False
COMMD8,True,5.537653636004991,False,0.5415778789467436,1.3936442849328778,0.87514794,0,False
PTPRC,True,8.70283419963033,False,1.5291346839486297,1.024596933277165,0.43124345,0,False
CCT7,True,8.047418299488225,False,1.2824773502129783,1.1442704792505036,0.51775235,0,False
ZFX,True,4.038070402367291,False,0.46789469874419987,0.8172525648838942,-0.2551163,0,False
UCHL3,True,5.746749708501714,False,0.5822563709742603,1.3773831080256613,0.85524887,0,False
RAB24,True,5.894637679889272,False,0.6517284973948521,1.3020762537223378,0.7053002,0,False
SLA2,True,5.926402697775191,False,0.697721935005265,1.1400070355006635,0.44557562,0,False
CCDC174,True,4.291005793157291,False,0.40888251922216345,1.2038650593338507,0.479405,0,False
C6orf211,True,4.681780151774378,False,0.3861328117164634,1.3256181636377282,0.7152224,0,False
IFFO1,True,4.719701718629064,False,0.4270146485064934,1.199240380641711,0.50373095,0,False
HEBP1,True,5.292565317469105,False,0.4913398815074954,1.2851217983587482,0.63955796,0,False
LUM,True,5.980372796324888,True,0.08813781599405995,1.8773044669927677,1.7226578,1,False
ZCCHC6,True,4.680955493882647,False,0.5086769725762674,1.0710275751486238,0.2890351,0,False
DTX2,True,5.2081654388245076,False,0.5877008581190533,1.1513849106902088,0.42572936,0,False
H3F3A,True,8.361512352961046,False,1.285019945724593,1.2882325174822418,0.7739075,0,False
RABIF,True,4.148748693330368,False,0.406137328228996,1.0398741677290035,0.12321339,0,False
LOC100130231,True,6.136856221631623,False,0.6848778779621885,1.4794987253792056,1.0744529,0,False
RPLP0,False,11.330350569961174,False,2.1454761399917457,0.3251796328201952,0.046167113,0,False
HNRNPD,True,5.5582529750966145,False,0.8342713085720777,0.8821047180565852,-0.06447895,0,False
RBM34,True,6.693714465738999,False,1.301022675480191,0.16770123738979834,-2.2423873,0,False
MKNK2,True,4.351664816722009,False,0.5043789169392089,0.8933218067500024,-0.07338279,0,False
SEC16A,True,4.121400086810994,False,0.476669268315571,0.9454150407555064,0.014709281,0,False
ZNF44,True,4.385985080021891,False,0.3497660602574403,1.0535828321136278,0.2038364,0,False
CCR6,True,5.174551867975909,False,0.7081495747157877,0.7125759744843521,-0.35878354,0,False
NEK5,True,4.913509377250355,False,0.9515931039704123,0.03523813754999825,-1.7096449,0,False
PUM2,True,4.6648307017406285,False,0.5254862496555999,0.9767441414182982,0.10891741,0,False
CMSS1,True,4.725662613031394,False,0.3984189532626252,1.3520308168032762,0.7738632,0,False
ANGPTL4,True,5.150457806898444,False,0.15320108304760122,1.5393000856162238,1.1764627,0,False
EMC2,True,5.922707355804486,False,0.6237735001515601,1.3384231138196472,0.77161825,0,False
ACOT13,True,4.15705980498068,False,0.5162774301331705,0.6701573264296034,-0.483454,0,False
SPPL2A,True,6.118725125035683,False,0.6237813015425018,1.3905305286842955,0.896763,0,False
SFXN1,True,6.016245431364457,False,0.9064508543513965,0.7951695210281262,-0.19506827,0,False
FAM102A,True,5.67840007745552,False,0.7507581400399927,1.130453420166005,0.4157108,0,False
TBCE,True,4.088684442341398,False,0.3033090048297101,1.2028723214772907,0.4727191,0,False
MAPK1,True,4.371461470049448,False,0.38861459629289563,1.1980544023797945,0.4877805,0,False
HN1L,True,4.099160945842858,False,0.34530279983099943,0.9713496399210275,0.04429291,0,False
TRIM34,True,4.45214070015849,False,0.263628877476333,1.5255026021852518,1.1276779,0,False
RNF216,True,5.0597734346236685,False,0.6832694237178627,0.842510602193689,-0.12079771,0,False
LINC00476,True,4.235683149104407,False,0.44685737486788035,0.8283769067536502,-0.272895,0,False
LILRB3,True,4.457449164087777,False,0.7341676984051959,-0.04364434094454038,-1.7835176,0,False
OXSM,True,4.01493618241109,False,0.22314243651365098,1.3114357597091342,0.69358015,0,False
NUPL2,True,4.651362256974368,False,0.41350487968607663,1.253439851401542,0.5733909,0,False
SF3A1,True,4.712801995514075,False,0.6504262184335206,0.7781186511803948,-0.28721842,0,False
BLVRA,True,6.32093473303042,False,0.7132217651312823,1.4121096222436138,0.91879123,0,False
DAZAP2,True,8.676564118795557,False,1.6090267689129538,0.8000259069600326,0.005149069,0,False
IKBKB,True,4.287824112304945,False,0.42463267214093653,1.1637391345309127,0.4034289,0,False
FRG1,True,5.9563669613827885,False,0.7919397367763589,1.1479088275681086,0.44619066,0,False
BTN2A2,True,4.4415139751953685,False,0.37390728521174466,1.2502438050198315,0.59264153,0,False
SDHAF2,True,6.6761891874898005,False,0.9010384401833047,1.27424925551245,0.7085742,0,False
ZNF706,True,6.202879438011062,False,1.0001269238550843,0.9240194673806944,0.052994262,0,False
DOK1,True,4.408309368815084,False,0.31539070734534536,1.4041654981597926,0.8870854,0,False
TMEM136,True,4.080928921501019,False,0.7058931636525286,-0.31163154450875225,-2.289645,0,False
AQP3,True,5.480331691551582,True,0.40406313126024673,1.704443524225487,1.4975727,1,False
BNIP1,True,4.3869859095541575,False,0.314188265123366,1.3344878503179842,0.73793334,0,False
SLC37A2,True,4.486107837479453,False,0.6735937819728586,0.3948347068112171,-1.0004452,0,False
ANKHD1,True,5.388070341574119,False,0.679304248801404,1.0078040408691002,0.18918386,0,False
MUT,True,4.050235928710476,False,0.3300628882808596,1.187834768104505,0.4223196,0,False
VPS37A,True,4.256575256786778,False,0.4068565189012123,1.0998777480095483,0.2630526,0,False
LARS2-AS1,True,4.027570256848949,False,0.6789385713091276,-0.1374662125509769,-1.9479367,0,False
BAZ2B,True,4.0297466057882865,False,0.4122654993448074,0.8801301430056896,-0.15583889,0,False
BRD7,True,4.156549747757044,False,0.34022770005962444,1.1402358616312767,0.37326217,0,False
NISCH,True,5.055789249726671,False,0.5910064946549487,1.0434916708567352,0.21085297,0,False
TCEB1,True,5.5413031501481465,False,0.9210380982067008,0.4761113321837966,-0.80865455,0,False
TAX1BP3,True,5.256651940344453,False,0.49418526660585094,1.340130839661068,0.7482699,0,False
RPL34,False,9.925976313183176,False,1.961888103958839,0.43301860021748384,0.06632275,0,False
WDR77,True,5.197010467419704,False,0.535846715196123,1.2654091530807006,0.6174509,0,False
ATF2,True,5.092661492791385,False,0.5201008359136896,1.1819092659989883,0.49560264,0,False
CEP85L,True,4.636000878307214,False,0.4134385970201071,1.2146910747295436,0.5113111,0,False
SLC39A13,True,4.620524783755557,False,0.4025217223516532,1.1669003345648483,0.4044621,0,False
ITFG3,True,5.111872409192038,False,0.5004269637698373,1.1202128633544397,0.35527536,0,False
ARL6IP5,True,8.116289662994435,False,1.419194420169668,0.9983033536883659,0.22302675,0,False
QTRT1,True,5.817895013994852,False,0.6044896040274559,1.374266556487429,0.845148,0,False
DYNLL1,True,8.229826899424133,False,1.2791712422125028,1.2498021139009001,0.6771158,0,False
DENND6A,True,4.278828140276621,False,0.6893697198186239,-0.022787487126450186,-1.7469445,0,False
DNAJC8,True,7.168284513615668,False,1.1092898479731976,1.1478297402999766,0.43352678,0,False
HDAC8,True,4.787785131809865,False,0.4103605288791592,1.2780950355999314,0.6569834,0,False
LINC00657,True,4.810740755724237,False,0.6473893190420561,0.6919459224091331,-0.43411922,0,False
SYTL2,True,4.483301970738924,False,0.36056829310924504,1.2770010914846743,0.6210438,0,False
CCDC91,True,4.829228056117184,False,0.4840770391326168,1.2602289804785043,0.60992295,0,False
MTFP1,True,5.844690430281045,False,0.5828218240059818,1.4516724081718413,0.98610383,0,False
PSMB4,True,8.971103078882697,False,1.4863796137528102,1.0777245363821,0.4691693,0,False
XPNPEP3,True,5.3282539820882375,False,1.0239685647654428,-0.44142369204666204,-2.5349488,0,False
PCMTD1,True,4.8729725966403565,False,0.607631014104915,1.001595466377415,0.17617029,0,False
MAPK13,True,4.220345574393305,False,0.6791957563478532,0.053706097906439945,-1.6327544,0,False
GTF2B,True,6.178510313831323,False,0.7451702562456479,1.3270456223121463,0.7855045,0,False
GUSB,True,5.7798799894409925,False,0.6674324425896957,1.1720695548439917,0.48593304,0,False
LIG1,True,4.801454413196486,False,0.4392960146850069,1.2453908786349215,0.58161324,0,False
MRPS16,True,6.029794610843761,False,1.0402202016301991,0.41621321827298724,-0.9362349,0,False
KRT18,True,6.256457177147087,False,0.6386475295636098,1.4558954827784616,0.94976866,0,False
CDK5RAP3,True,6.707302601603482,False,1.0095592212479905,1.0636469838554221,0.32187733,0,False
YTHDF2,True,6.766578508827852,False,0.9635274285214568,1.1740526667170958,0.53991604,0,False
ARPC4,True,8.138159045448939,False,1.4811327215903962,0.776679735548857,-0.30266234,0,False
EGLN2,True,6.47224512663188,False,0.8344409915844373,1.2873895400214836,0.7209312,0,False
KBTBD4,True,4.921500534782117,False,0.3738216782178741,1.5119514501628335,1.0802463,0,False
CNIH4,True,7.152327865632298,False,0.9460052635093484,1.2956371087380703,0.77499014,0,False
HTATSF1,True,4.89556903829612,False,0.4697787230005924,1.2340582948786403,0.5327063,0,False
NDUFA7,True,6.594814060071468,False,0.8358169710058415,1.3909205442396315,0.88646275,0,False
DCPS,True,5.088767698351314,False,0.47293562949112333,1.328046742077815,0.722361,0,False
LOC100272216,True,5.403206894934453,False,0.5305844752454216,1.217576882138955,0.5899825,0,False
OSBPL9,True,5.520618259561464,False,0.6818790311945775,1.0917098760292554,0.33267543,0,False
NUP107,True,5.3407876723625325,False,0.5503940186482724,1.2619931547919903,0.65840375,0,False
PDE4B,True,6.041228133696645,False,0.794027532917127,1.278967452695639,0.6963027,0,False
IDH3G,True,6.65182204965885,False,0.8308551060786799,1.3884865543495097,0.9042726,0,False
MAPRE2,True,6.104990021810553,False,0.8739560246229809,1.0757521078613357,0.30921817,0,False
ARFGAP3,True,5.580672175120853,False,0.6429584672025314,1.2093967817872302,0.51143587,0,False
IL1RN,True,5.380453467184328,True,0.16758403277551973,1.881274553058557,1.8155732,1,False
TMEM14B,True,7.176415225354951,False,1.0628331652811291,1.2243837646317584,0.59658056,0,False
WAC-AS1,True,4.215674706110406,False,0.6417013295893716,0.3685781348970609,-1.1052407,0,False
GRINA,True,4.125244996170065,False,0.42549593204701763,0.8308430929558165,-0.26431692,0,False
ADIPOR1,True,7.106803423528651,False,1.0428812334098758,1.1628512078405753,0.4638303,0,False
HKR1,True,4.51908554919288,False,0.3151875835859448,1.4190241502268575,0.9118217,0,False
DNTTIP2,True,6.0652208756956885,False,0.7502431538217498,1.2529905837582618,0.64535177,0,False
PCBD1,True,5.187582797511467,False,0.5271155711565114,1.3096945209361741,0.682152,0,False
TAF3,True,4.591916481322434,False,0.4168474300832599,1.318005852872622,0.7065653,0,False
LCP2,True,5.888033674916932,False,0.8591204299968436,1.0589985797296524,0.2755404,0,False
GLS,True,4.41013174157787,False,0.4645554428757753,1.0079949901823226,0.13497284,0,False
IL4R,True,4.005972620679908,False,0.3675360301934813,1.1436802386721268,0.40610132,0,False
SEC11A,True,7.312626157806424,False,1.122761787350882,1.1370353827199966,0.39530125,0,False
C18orf32,True,5.992997205235482,False,0.7762881743622961,1.2624681718661612,0.66491175,0,False
TM4SF1,True,6.3411979557641285,True,0.35241393142964916,1.622445039058443,1.2792927,1,False
SMG7,True,4.39200032681031,False,0.45874874524504167,1.0803394924268994,0.25215775,0,False
GINM1,True,5.12978772132303,False,0.4244201650262237,1.375903969109512,0.8123619,0,False
LOC100131096,True,4.662892963357589,False,0.6025839387146062,0.7321956041423375,-0.3893178,0,False
ZCCHC11,True,4.457117179691709,False,0.5279523431500648,0.958355178387444,0.060570996,0,False
C16orf87,True,4.632021170836172,False,0.35506912260624945,1.4187192947121618,0.9148482,0,False
SYPL1,True,6.982886650641186,False,0.9153526285315714,1.29380041461955,0.7475465,0,False
SDE2,True,4.6544596989049865,False,0.7145955089748279,0.16827728904195105,-1.4098897,0,False
RPS27L,True,6.751077529809325,False,1.0784344718292884,1.0010248729118616,0.11968006,0,False
TATDN3,True,5.678276722585298,False,1.0645567239458436,0.003868630002819803,-2.0485814,0,False
PDCD1,True,7.316927256001097,False,0.7790302335966006,1.6403628959863763,1.3787673,0,False
LAMP2,True,6.6481810188132755,False,1.0110433440882916,0.7236269134920108,-0.32681122,0,False
CAT,True,6.187335444857428,False,0.7452403583080625,1.339447546188397,0.80548865,0,False
C16orf80,True,5.986923847063274,False,0.6074826942924443,1.3748051006696969,0.8617135,0,False
CTNND1,True,5.139082418286277,False,0.5841506228907707,0.930189313353905,-0.10535667,0,False
NUDCD3,True,4.881925666986218,False,0.5507795426979178,1.0690766602303494,0.26004875,0,False
PDZD11,True,5.836662690940029,False,0.6328332482570374,1.3288924302978176,0.7429867,0,False
TMEM120A,True,5.395759727050483,False,0.5636193979617229,1.2459480213759189,0.58399284,0,False
SLC35F2,True,4.02600393715934,False,0.3025703220664331,1.2753872062231624,0.635539,0,False
LCP1,True,8.83482777457372,False,1.5035623385085382,1.1809046765984839,0.7073997,0,False
IGBP1,True,6.795827489364532,False,0.8685297645868153,1.3947816772288553,0.91750824,0,False
DCAKD,True,4.526651376114006,False,0.42083327336863496,1.0006203025853024,0.106439255,0,False
PITRM1,True,5.152507948364903,False,0.5572988410408111,1.1152940387494712,0.3459019,0,False
GUK1,True,8.715241726578043,False,1.4585559586177723,1.097500118989591,0.5053447,0,False
ADM,True,5.833244492896693,False,0.33674182577197087,1.5647979751087047,1.1986156,0,False
FGD3,True,6.171823361745977,False,0.7483297310157947,1.4124278974328424,0.9662517,0,False
VPS72,True,5.805414211515299,False,0.6637649277257088,1.3255950774796461,0.7295414,0,False
SERF2,True,7.394890411991271,False,1.5156535428856168,0.27925060804169255,-1.5258273,0,False
CD22,True,4.9124825280019415,False,0.3687128976916476,1.5707312873120736,1.2448831,0,False
CD47,True,6.546815536561809,False,1.1178068368909193,0.8101954000933882,-0.26740327,0,False
IMPDH1,True,5.305701791160347,False,0.5962650801263241,1.135836096477284,0.38869175,0,False
WHAMM,True,4.0714395212811825,False,0.662279175029443,-0.12241629625731568,-1.9494238,0,False
USO1,True,5.060755401177633,False,0.5580112054625406,1.022531301118582,0.22515233,0,False
ICOS,True,6.435597509830539,False,0.5593675416267385,1.6434732797210279,1.3837034,0,False
FASTK,True,5.711781735696782,False,0.6228332033442643,1.302589490367449,0.7071357,0,False
LMF2,True,5.62037441989467,False,0.7171026863197172,1.037004862587244,0.23064904,0,False
PCBP2,True,6.3123454381109925,False,1.0988916285089443,0.6887988719068123,-0.55641925,0,False
WDR83OS,True,7.498506366849814,False,1.177114372526633,1.181151475691503,0.4924403,0,False
MMADHC,True,6.946074765600327,False,0.9587270430681696,1.2291145614937942,0.6205266,0,False
RNF181,True,6.719327795841703,False,0.9468355115209504,1.2102465125626463,0.6105067,0,False
AFTPH,True,4.839671971054639,False,0.49382685856208414,1.144883032044341,0.4359492,0,False
FCER1G,True,8.110727251781688,True,0.581771618370074,1.9805732601645785,2.059393,2,True
DDX39B,True,6.6742700566029765,False,1.1223047009395444,0.8279189710648027,-0.27197015,0,False
TXNL4B,True,4.27817352142085,False,0.46007911207008734,0.7817393578797375,-0.31513983,0,False
SNRNP200,True,6.087611774448244,False,0.988461832437427,0.7534974911753732,-0.27678284,0,False
ZFAND2A,True,5.228917423546201,False,0.4228574648190765,1.4269442811380384,0.9403175,0,False
AP5S1,True,4.13423054484304,False,0.42523682266068696,0.785882276453078,-0.36904794,0,False
MED19,True,4.306634263016425,False,0.3871445117253631,1.18544945698351,0.46245366,0,False
CEACAM1,True,4.386551486011993,False,0.3178535840225546,1.2547511816726793,0.52806264,0,False
LRRC57,True,5.646178133503576,False,1.0596305899456708,-0.06699430035115633,-1.8235295,0,False
ANKRD32,True,4.0588153778028,False,0.35386994276155836,1.2875835375144962,0.6513022,0,False
PAGR1,True,4.3332587874936666,False,0.4431461080624196,1.0859186442988304,0.27040958,0,False
RAB18,True,4.75088775119592,False,0.5399642554379032,1.062691895777657,0.23538142,0,False
PHB,True,7.379298108085246,False,1.1283782029882072,1.10823000082949,0.3073837,0,False
MORF4L1,True,7.7232365790357,False,1.3531167937025166,0.850465081336528,-0.14242631,0,False
TMEM184C,True,4.954324617648403,False,0.6272918082297685,0.657795202796612,-0.49397472,0,False
ZC3H15,True,6.314667819087768,False,0.8894475497084171,1.153722908222143,0.45292583,0,False
ELK3,True,4.534754693954902,False,0.4055596024251079,1.1741147800191134,0.45998114,0,False
SBNO1,True,5.014142432117601,False,0.7672249594804796,0.7163730336802254,-0.37526828,0,False
PLEKHA5,True,4.703271819537095,False,0.8135534017122116,-0.2921329665800363,-2.2574372,0,False
ARCN1,True,5.7050684322091945,False,0.8254722447264174,0.6789641468181941,-0.3757665,0,False
HIGD2A,True,7.972366321083516,False,1.2721953792813574,1.2455233067999063,0.65587896,0,False
SGK3,True,4.528643003886335,False,0.6501098422283662,0.24180509675074663,-1.269875,0,False
TRAFD1,True,6.1118406177852656,False,0.7272591796602559,1.2975967392928638,0.71388614,0,False
PGS1,True,5.3889573598090665,False,0.5382837963015583,1.2789774309656952,0.6672272,0,False
MIEN1,True,6.647381932950662,False,0.7975641978242891,1.387339596806989,0.8957041,0,False
ACTG1,False,11.597759776346507,False,2.1489078051784096,0.18335598710079126,-1.0649782,0,False
KDSR,True,4.577571078920847,False,0.6344039164824172,0.5062311179972544,-0.7864941,0,False
HAVCR2,True,7.2913542246107985,False,0.9805970256998298,1.1399946241388457,0.47730574,0,False
NME1,True,7.9320954388085125,False,1.071901364399677,1.3543141638112335,0.89129406,0,False
RBM28,True,4.342094159293727,False,0.3868649991370516,1.1763102134524166,0.42638806,0,False
HNRNPA1,False,9.818366643959672,False,1.8873852612028332,0.4176204732126817,-0.39945617,0,False
BCAS3,True,4.566234856760648,False,0.46532728807069923,1.1093724138911434,0.29620296,0,False
POLA2,True,4.209136621189417,False,0.2886879153118167,1.2806919702045916,0.66021186,0,False
IFI27L2,True,6.434556683332934,False,0.7840692546906212,1.3466991760580793,0.8121661,0,False
FAM45A,True,4.872443090199875,False,0.408403190747885,1.3732975437219275,0.8021584,0,False
EVL,True,6.10528039746688,False,0.9213328901706287,1.15165377439079,0.47575137,0,False
CFD,True,5.198078838084809,False,0.2909929334537828,1.4283863120451956,0.9154922,0,False
PYCARD,True,7.1465735826189265,False,0.8687815122770033,1.499661104412319,1.1225156,0,False
ACSL4,True,4.273548178124496,False,0.3734925740930013,1.1340883165024023,0.34568,0,False
TMEM176B,True,6.1548294943015245,True,0.3384503920181603,1.7672628752011024,1.574788,1,False
SCO1,True,4.701399496494903,False,0.36253476783354477,1.3818792440645824,0.8377674,0,False
COMT,True,6.230075613334337,False,0.8198531511661755,1.1315209810660682,0.4059834,0,False
PDLIM5,True,5.695486745861439,False,1.0750891801672595,-0.19218753146024903,-2.0614023,0,False
GPR108,True,5.882814767888884,False,0.6582207045472943,1.3078874720806457,0.72351164,0,False
LETMD1,True,5.954045967168869,False,0.6442026717552354,1.3942979131697655,0.8746791,0,False
STT3B,True,4.229434858405942,False,0.30285767900093746,1.2036744458607567,0.52165353,0,False
CD3EAP,True,4.287094885583413,False,0.7403273679516347,-0.23572249533253564,-2.1062946,0,False
TMEM63A,True,4.546234893261928,False,0.4633964669802691,1.1994781270238635,0.47130987,0,False
RNASEH1,True,5.579214797543533,False,0.5706427084137129,1.349245880209284,0.7860953,0,False
FAM50A,True,5.811906837730319,False,0.6912661716026656,1.2408484408537324,0.566058,0,False
SMNDC1,True,4.147500792819259,False,0.419694667627741,0.9930814771423973,0.09908446,0,False
SLC30A9,True,5.130914595446218,False,0.5627128354357107,1.112892416585944,0.35655472,0,False
CCDC25,True,4.172141944218709,False,0.42027246149101527,1.0897371059833727,0.23085214,0,False
YIF1B,True,4.827032183750758,False,0.5472740961799669,1.0446786979276006,0.18184926,0,False
FLJ30403,True,4.636550718891265,False,0.7908364741574779,0.11969481524832042,-1.549499,0,False
NBN,True,4.691275535751762,False,0.5075630768323418,1.0974141749191602,0.32974157,0,False
TSTA3,True,6.3305050323148695,False,0.7624956344470812,1.3309490223806133,0.79853743,0,False
RAC1,True,5.737683863912111,False,0.7453086710061818,1.0884489702988929,0.30680242,0,False
AMICA1,True,6.4823236663412445,False,0.6984679978972574,1.5403265738764877,1.2026368,0,False
TC2N,True,5.159851790957885,False,0.5372691803481573,1.2901166223804474,0.7062847,0,False
PNKP,True,4.030838095474081,False,0.29929297311635406,1.1872708857155074,0.45252046,0,False
MATR3,True,7.022735016012018,False,1.229073533010436,0.7438317548475906,-0.5510111,0,False
DCK,True,5.6548959892092965,False,0.5974889744387013,1.339576998372999,0.8379237,0,False
DOCK2,True,5.582541295465624,False,0.7197455440553472,1.167657900793456,0.49399766,0,False
TUG1,True,4.607086252834435,False,0.4721376268573886,1.014906358557784,0.1879798,0,False
NUP214,True,4.4118802222862366,False,0.5566574634492802,0.8394295025533121,-0.1617436,0,False
DPYSL2,True,5.126982107491068,False,0.5540115747185757,1.0534744916110776,0.25418457,0,False
SDCCAG8,True,4.7762428507449,False,0.5398469528383817,1.0724915794115317,0.25843793,0,False
DNAJB1,True,9.513530292029156,False,1.4981084776948272,1.1390951995618313,0.7078724,0,False
CHID1,True,5.177048075826455,False,0.6140374930606874,1.0803237319629773,0.2601949,0,False
GIMAP8,True,4.046220419229784,False,0.27742940035238073,1.4013766970444905,0.879671,0,False
ACAD8,True,4.470737643750047,False,0.3265488355692043,1.3389028065886608,0.75551635,0,False
GNAI2,True,4.969057247950801,False,0.5940865910925459,1.0107424481218739,0.21115072,0,False
METTL8,True,4.1289913218221175,False,0.6756954772980244,-0.04795445384153561,-1.8350543,0,False
SLC39A7,True,5.2069556780249675,False,0.41628930175339635,1.1346605237940977,0.39409786,0,False
FAM129A,True,4.2188699149651425,False,0.4075841541032066,1.0961547209598015,0.2913887,0,False
ILF2,True,7.551755653788753,False,1.131902057478348,1.1844571283800156,0.47217962,0,False
NAPSB,True,6.716743432532221,True,0.5462474363074582,1.8569287048942065,1.7782295,2,True
ZNF506,True,4.421501476801239,False,0.5031220810177937,0.7339734710729379,-0.345583,0,False
PSMA3,True,7.605785288448717,False,1.1469950006645622,1.1623314432158096,0.45563698,0,False
ASCC3,True,4.31649315637989,False,0.4926223345988143,0.9527590927295391,0.057335977,0,False
LYRM1,True,5.411500267238026,False,0.4615405547792866,1.5087479683413758,1.1011293,0,False
DNAJC22,True,4.488300586425726,False,0.780857768793709,-0.1044328923675698,-1.8405542,0,False
TMEM18,True,4.820957543381721,False,0.5073112220429756,1.1723820416160706,0.41530424,0,False
ARHGAP30,True,6.494216474327963,False,0.8953202083880232,1.3266549689318832,0.79390496,0,False
PAIP2,True,8.101280713592605,False,1.3992249495918592,1.0069761132930308,0.21689202,0,False
SARS2,True,4.326710469355534,False,0.3215555374422421,1.3256950273012156,0.7326878,0,False
ACAT1,True,5.374254336313373,False,0.5602384086236423,1.2123512245929882,0.50789654,0,False
CARD11,True,4.054594503916133,False,0.3628344823517828,1.2389233469501009,0.5617007,0,False
RSL24D1,True,7.001651311253166,False,1.0355898712346412,1.2544290690076645,0.6627808,0,False
TSSC1,True,5.275874468051146,False,0.4678223717106236,1.3749313541644084,0.82323605,0,False
ZC3H7A,True,5.2713865817207735,False,0.6041147274297775,1.0819069970579012,0.3315881,0,False
LAIR2,True,4.6983402944954955,True,0.17729381531172655,1.8644276301817178,1.7643502,2,True
LINC00623,True,5.0890331886164475,False,0.49340832347798946,1.3734526086783871,0.8314535,0,False
ST3GAL1,True,5.339980636125207,False,0.7310828241731218,0.9383201274999201,0.055720944,0,False
MTRNR2L1,False,12.861898649782505,False,2.3333731858238416,0.0645560433621209,-0.6876821,0,False
GEMIN8,True,5.073414000277392,False,0.9206512628280878,-0.06801415417911752,-1.8442873,0,False
TEKT4P2,True,6.079098364008865,False,0.6878783254312935,1.227893696195673,0.5908413,0,False
PLA2G2A,True,4.845545224211816,True,0.041839108081416575,2.2731525847196457,2.408951,2,True
HENMT1,True,5.106657216105945,False,0.3709161663845807,1.5198276097541898,1.1311593,0,False
PIAS3,True,5.162543979146665,False,0.5756820625624108,1.1186064504056321,0.34776855,0,False
MRPL24,True,6.467968768852072,False,0.792907312717839,1.3229858263205982,0.7666167,0,False
GREB1,True,4.006151201657172,False,0.7073848408243382,-0.4666217605243972,-2.6217954,0,False
LMBRD1,True,5.680347732863613,False,0.6709849045216388,1.2534313857988195,0.6365137,0,False
EIF2B3,True,4.963735645540934,False,0.44207297159981085,1.3017875938187449,0.6798836,0,False
RPA2,True,7.036292094462506,False,0.9442308944254145,1.36834490834898,0.894754,0,False
MXD4,True,4.207682156111731,False,0.38031340899625565,1.200093970106609,0.4848806,0,False
TNFSF10,True,5.84265581333906,False,0.5917493026612064,1.405601651556212,0.9120036,0,False
SMARCB1,True,5.556693161002791,False,0.7684378638765017,0.9651067608231152,0.09236879,0,False
DTX3L,True,5.542344999834595,False,0.9605630883514961,0.32464512408550483,-1.1015148,0,False
PPAP2A,True,5.06234005015714,False,0.34012876211453846,1.4101740341012918,0.88255364,0,False
SLC2A3,True,7.139500455553717,False,1.0887522784708064,1.0885138943304278,0.36912677,0,False
WDR43,True,5.029676777401456,False,0.5745911210558625,1.0056369359831698,0.14862941,0,False
GNG5,True,8.001557928949792,False,1.3428024202839346,1.017042252948195,0.25702322,0,False
FOPNL,True,5.394415947658097,False,0.6863472603198973,0.9436420050082903,0.04090519,0,False
SNHG11,True,4.494879479033644,False,0.30270798888336037,1.3893572560699137,0.8589531,0,False
KIF5B,True,5.7820648709087195,False,0.8772579639019864,0.8894318423266855,-0.008608668,0,False
CSDE1,True,7.679661702559516,False,1.359020883906707,0.8081405412110991,-0.41613793,0,False
CLPTM1,True,5.2925959016307,False,0.5632067921330794,1.1304982341167515,0.3965056,0,False
ATP5B,False,9.058705053380908,False,1.5850123266567437,0.9075584655047846,0.102170095,0,False
CPSF3L,True,6.203394060224772,False,0.7496055462077631,1.3012681428799473,0.7425005,0,False
H3F3AP4,False,9.13490332392791,False,1.698008098978337,0.7932735745641114,0.29302308,0,False
GPI,True,7.7121367542164,False,1.492821498696021,0.13008088075498564,-1.9132634,0,False
ADORA2A,True,5.503875542558474,False,0.44772737613326474,1.5699985841907904,1.2439454,0,False
DHRSX,True,4.014554705042579,False,0.34620870577451435,1.1152655494772128,0.28712466,0,False
CAMK2D,True,4.966529883977404,False,0.5467152542276326,1.098735753937206,0.36599576,0,False
RPS27A,False,10.91937620338776,False,2.1324264648626077,0.26430683661772053,-0.4623127,0,False
HIST1H2BC,True,4.140035508920721,False,0.26369391033229966,1.3791062218742096,0.8147372,0,False
COIL,True,4.272181257828369,False,0.4196352030860436,1.092796978990201,0.24051365,0,False
TSC2,True,4.185189869939138,False,0.4306261367174671,1.0523173449629386,0.18515754,0,False
CPSF7,True,4.225585897340626,False,0.46487427467663345,0.8377481731478165,-0.17936262,0,False
LINC00649,True,5.718774479082221,False,1.054312145925234,0.11921179590153051,-1.4706582,0,False
ACP2,True,5.142077872776017,False,0.44911464985452443,1.289542435027384,0.6662041,0,False
MRPL54,True,5.89857851221944,False,0.636285373131124,1.423739134183383,0.9447526,0,False
LAG3,True,5.013642651070028,False,0.4330442930718133,1.4295668604796323,0.957907,0,False
SPTAN1,True,5.253528779880133,False,0.7235594111157768,0.9067328396738079,-0.008565857,0,False
ACTR1A,True,5.7774092823150545,False,0.7277445461895771,1.1439705292171256,0.45293394,0,False
RRP9,True,4.894663532826377,False,0.40707014217655707,1.286697962649592,0.6537679,0,False
PSMG2,True,6.817503542399944,False,0.9131277142260961,1.3145619775267945,0.78685874,0,False
GNB1L,True,4.1633486902562575,False,0.24713742507090058,1.4635985397156348,0.96310127,0,False
PPIG,True,5.931758845733845,False,0.9066377204418591,0.9853007196552868,0.16091263,0,False
RPSA,False,11.262661488440951,False,2.133405313965062,0.3154135919541083,-0.02519654,0,False
ECM1,True,4.959390199333667,False,0.370019222876335,1.2914464950016287,0.6108106,0,False
PARP14,True,5.781413269400967,False,0.8904798975725879,0.8180451678062837,-0.12705256,0,False
RPS8,False,11.853844654257443,False,2.2318158214630603,0.2856539867219987,-0.28950357,0,False
RPS19BP1,True,6.742645982944003,False,0.9080241970886036,1.2514587471537155,0.66223615,0,False
C10orf76,True,4.062029630931714,False,0.4544873465298661,0.7515733037877108,-0.3690547,0,False
UHMK1,True,4.81180085621476,False,0.5278489184594928,0.9861609241796336,0.13084,0,False
TADA3,True,5.888562710625976,False,1.0342121876833696,0.22679007669115597,-1.2661469,0,False
IFIT2,True,4.806495273539088,False,0.3032058143371726,1.5722097979517926,1.2275138,0,False
TIGD1,True,5.531027327394606,False,1.0357624230076423,0.010148989382095991,-1.6777284,0,False
NR3C1,True,5.319434958760799,False,0.6573993479908911,1.1320331912997528,0.41460112,0,False
CORO1B,True,5.617591820996398,False,0.7427200784803933,0.9986495788878536,0.15424304,0,False
AASDHPPT,True,5.360943027800343,False,0.6097848065968916,1.1546074230073593,0.4316269,0,False
PDXDC2P,True,5.16221379332074,False,0.7066986931436985,0.8866055153103911,-0.04389804,0,False
CKS1B,True,6.826940413106353,False,0.7435461155658167,1.455171734556445,0.9989003,0,False
MCM3,True,6.159676372216218,False,0.7019492901634616,1.2884787153780848,0.68052065,0,False
ANAPC7,True,5.496392072229503,False,0.5848188316074252,1.267988760039446,0.64739335,0,False
FAM110A,True,4.275086491156497,False,0.2757187400835909,1.402845135871315,0.9092014,0,False
CDC37L1,True,4.680305483466416,False,0.34314726891744696,1.4800564355146455,1.0119464,0,False
THTPA,True,4.798598440336235,False,0.3923432844721997,1.3899435552616968,0.84341425,0,False
CBLB,True,6.726199943271948,False,0.9636703296709042,1.1364144147920163,0.4423952,0,False
RPUSD1,True,4.134569540423504,False,0.2764170379358514,1.2720774090728084,0.63299334,0,False
CSK,True,6.2124051430857214,False,0.8347238302293041,1.2433440265248936,0.6373889,0,False
LCK,True,8.63856793225282,False,1.2871551556585974,1.5402748666610968,1.4275796,0,False
SGOL1,True,4.066779512165938,False,0.6427530069000884,0.012700434481130639,-1.7066618,0,False
AKTIP,True,5.148337998533573,False,0.4026034307499007,1.536287281908811,1.1448202,0,False
RHNO1,True,5.444032995981853,False,0.5908639035580823,1.2094345705757181,0.52041066,0,False
RAMP1,True,4.042185414277607,False,0.16234050554891735,1.514245567423878,1.067493,0,False
SMIM12,True,4.7660932403889635,False,0.7742954541876138,0.26175465795239605,-1.2095281,0,False
GAGE4,True,4.957690789231449,True,0.1165866199137064,1.9041849922075746,1.8893367,1,False
FN3KRP,True,5.4885790075054155,False,0.5207245063229866,1.3515317338769004,0.79964393,0,False
RHBDD2,True,6.594878996757069,False,0.8523412850159174,1.2642156445226924,0.66514087,0,False
GOLGA8A,True,4.905547404077321,False,0.5609691440414813,1.1604815227702039,0.48919415,0,False
TWF2,True,6.978601250846996,False,0.9552902280332343,1.314963558203283,0.7916507,0,False
DDX60,True,4.420980593857333,False,0.4324346084515183,1.2009114989907612,0.48635343,0,False
GLT25D1,True,5.640364038071596,False,0.7525606866592468,0.8859090270170561,-0.051115803,0,False
RPL22,True,7.895864930135737,False,1.5532526204207966,0.4994208629609942,-0.98112845,0,False
CYC1,True,7.608672291899299,False,1.0588151222272835,1.31040554774691,0.7839539,0,False
DENND4B,True,4.140334999775275,False,0.45466722108666785,1.074219767781087,0.24941695,0,False
RPS26,False,9.733649238799794,False,1.8555111623534524,0.6165002583858665,0.11370418,0,False
TTC39C,True,5.348440068117359,False,0.8526109285959129,0.6154928307466585,-0.5821224,0,False
THOC1,True,4.611084140322731,False,0.38450875340097457,1.296375416796843,0.65562797,0,False
ALDH1B1,True,4.328581154434894,False,0.5697581777762646,0.3114630003675684,-1.2221863,0,False
AP5M1,True,4.857751173120974,False,0.40192508499907686,1.3853410003572855,0.8578957,0,False
PARP6,True,4.322779405206418,False,0.3611771450726014,1.2303864095861434,0.523567,0,False
GAMT,True,4.788342346324223,False,0.5365233840541999,0.8603183824370211,-0.17375955,0,False
CXorf40A,True,4.422293593081825,False,0.3645824717810081,1.3245314939186719,0.7257595,0,False
PLEKHA1,True,4.028475642794945,False,0.48806090663406276,0.44009220484524747,-0.8760952,0,False
SNUPN,True,5.330258976372772,False,0.4575848417019208,1.3945755805717917,0.8965289,0,False
C1orf210,True,4.01537728347776,False,0.6620030786469537,-0.056160188002676276,-1.796706,0,False
OSTM1,True,5.249698896035332,False,0.6214479887011645,0.897363796380916,-0.009258214,0,False
CLCN7,True,4.04512591413159,False,0.37214214556528563,0.8747877610900441,-0.1562144,0,False
AMDHD2,True,4.91216620158379,False,0.44390354572083834,1.2612456835468424,0.6084736,0,False
STRAP,True,7.128256773801554,False,1.0565857379193186,1.1322997045162109,0.39130673,0,False
C20orf196,True,4.182706781933804,False,0.24263689019414778,1.4603540902382572,0.97895765,0,False
RRBP1,True,4.098600697692437,False,0.42642071543201204,0.8253358832840108,-0.27885503,0,False
MAT2B,True,7.7124597010306495,False,1.2600862513772608,1.1204181720277067,0.3205494,0,False
CCL4L1,True,8.509259770443364,True,0.7752577176231543,1.6802797964304679,1.466555,1,False
CSNK1D,True,4.841616436884605,False,0.5942627806222454,0.916805295742764,0.024689779,0,False
PER2,True,4.03114590306669,False,0.6698747426280505,-0.07287367226461572,-1.8374817,0,False
PRMT6,True,4.393422792905765,False,0.3150372293290278,1.3324681225747033,0.738449,0,False
ARFGAP2,True,5.769408713795145,False,0.7114701363945924,1.2310333067406884,0.61265427,0,False
PMS2P1,True,4.45527479588615,False,0.4466895993255122,1.19423545478513,0.46734038,0,False
FAM118A,True,4.837726215072587,False,0.5634848778101873,0.8899954592647,-0.08210812,0,False
NDUFB6,True,6.49839738984092,False,0.9148194145411888,1.1344890185509733,0.44429177,0,False
GABPB1,True,5.219530225272971,False,0.4594920962235708,1.4017010972887702,0.9137024,0,False
TBP,True,4.430356144702117,False,0.4201943582207064,1.1572103736399648,0.41767442,0,False
HPGD,True,4.131322774806117,False,0.23923984035547535,1.3339903635870054,0.68888205,0,False
CXXC5,True,4.896143600131792,False,0.3784701150647545,1.378974843084953,0.8173263,0,False
PRPF38B,True,5.926422672240201,False,0.9154756563444392,0.934737192304672,0.061255824,0,False
PFDN5,False,9.588449231115565,False,1.8059317907287515,0.7536717226398387,0.20889692,0,False
CMTM6,True,6.4215858987319665,False,0.9206503805567104,1.1574478080561803,0.49102342,0,False
FANCF,True,4.194665816420706,False,0.41321544817695166,0.916792290312278,-0.076563865,0,False
CSNK1A1,True,7.176920168043585,False,1.1677168586887177,0.9410099197308127,-0.07591176,0,False
LONP2,True,5.925699023968433,False,0.8081471927201842,0.9224991561015969,0.057981577,0,False
CCNC,True,5.682780408522162,False,0.6432435489686676,1.2694383156374167,0.6463616,0,False
UBAP1,True,5.390711383331917,False,0.6296767896035966,1.1124994453728894,0.3542554,0,False
CPPED1,True,4.146790007171378,False,0.6463038822810636,0.0669409193039971,-1.6327186,0,False
FAM92A1,True,4.308481693532748,False,0.31246808778528556,1.2045791836895487,0.42056704,0,False
IQCB1,True,4.915042458603245,False,0.42532984395177675,1.3264959201233149,0.7478658,0,False
SPATS2,True,4.268443457972327,False,0.7080853207914581,-0.10747158722152839,-1.9448452,0,False
COA1,True,6.471201763848728,False,1.1035055169550514,0.5257005378636288,-0.89917284,0,False
SEPT7P2,True,4.170140502768372,False,0.4134391801170695,0.9200367769216711,-0.036717474,0,False
SURF2,True,5.124730988043729,False,0.4347617814891823,1.4447329158891415,0.9514269,0,False
PSMC1,True,6.992350010078583,False,0.9935839060564152,1.2456683734007603,0.61039764,0,False
SLC7A8,True,4.615506484018301,False,0.3693861551094284,1.2044116200415655,0.45918426,0,False
CEP95,True,4.477097724346077,False,0.40341185543018754,1.1796714517927334,0.4468762,0,False
MAZ,True,4.9851317563301265,False,0.6015119513373693,1.0403684380739242,0.20874166,0,False
PIN4,True,4.803077656820973,False,0.5326783772979683,1.119297652490564,0.29790312,0,False
ACADS,True,4.170785252883227,False,0.2758861188826213,1.3646173469533376,0.7752361,0,False
MKRN2,True,5.099408716825183,False,0.46330861679067237,1.3348370705152048,0.7513416,0,False
LOC100128531,True,4.8304831459589455,False,0.8665217207998483,0.03370195933361066,-1.6681474,0,False
TFG,True,6.57055388062854,False,0.8340276908055155,1.2958425394844708,0.7236618,0,False
EPHX2,True,4.645720909900938,False,0.32901413784353684,1.4804159594087574,1.0032884,0,False
ANXA5,True,9.341485990375135,False,1.5090305019906194,1.1588128807698757,0.6206735,0,False
BATF,True,6.85405802901487,False,0.6992021563682704,1.641901329059424,1.3936229,0,False
KARS,True,7.020056492065333,False,1.0077170126501427,1.2459975603186275,0.64219743,0,False
FOXK1,True,4.224506401400788,False,0.7181066754704473,-0.09757384730122948,-1.8998277,0,False
UBE2G2,True,6.164991550940879,False,0.9991970791961884,0.656884571852251,-0.46797577,0,False
PARP1,True,6.622557483633603,False,1.0210191371917898,1.0045428361415438,0.21158211,0,False
FAM60A,True,5.624637137636149,False,0.6847028336572275,1.0975514587375597,0.36322823,0,False
DDX55,True,4.456385666963503,False,0.4722594808624572,0.9518045829420279,0.02386982,0,False
RPS15,False,11.404951306944774,False,2.1716903253766713,0.3263796124732243,0.0001688879,0,False
LOC100132352,True,5.730495612450261,False,0.8154974657307055,0.9900841233586521,0.15675701,0,False
PRKCSH,True,4.989730642654753,False,0.6604348159329081,0.7633116053204667,-0.2921388,0,False
DPH5,True,4.91524283804001,False,0.48494964496896475,1.223144731140287,0.5236633,0,False
HLA-F,True,8.510554722837798,False,1.4712382501262615,0.8665278880240589,-0.08526947,0,False
SMIM4,True,4.013225267740828,False,0.30253787561658985,1.2635723167356576,0.58781177,0,False
TBC1D4,True,4.61065757223709,False,0.44091321896248636,1.1350201080590097,0.39563176,0,False
GLUD1,True,4.588954169125785,False,0.4042894971971979,1.197326322763157,0.4858671,0,False
APIP,True,5.091831785956314,False,0.48017966493132447,1.2864969059831612,0.65864134,0,False
CCDC84,True,4.553427632188335,False,0.3618204715437324,1.3812540339369002,0.84484005,0,False
PHIP,True,4.686578268875492,False,0.6281476597123912,0.9211614718659573,-0.029704288,0,False
MYLIP,True,4.491912440486199,False,0.405737745796254,1.1952659770045169,0.46416086,0,False
LOC100131564,True,6.035878153237172,False,0.9819453740385633,0.6402579735964122,-0.4815812,0,False
AARS2,True,4.367811107957813,False,0.6648180790210749,0.16805581837071165,-1.4106162,0,False
SCAPER,True,4.85605480090817,False,0.47612074090475204,1.2096112638786312,0.5353574,0,False
CRYBB2P1,True,5.300960440606264,False,0.8404767671500726,0.4302958408513302,-0.9332351,0,False
NIP7,True,5.286417306033995,False,0.63115515197685,1.0330720290190998,0.17508997,0,False
FASTKD3,True,4.410202004820298,False,0.2840188309295813,1.425246761300425,0.9050486,0,False
SS18,True,6.189195280590303,False,0.989162961605972,0.5279764451528219,-0.7129332,0,False
MYD88,True,6.593979116115813,False,0.8299926986801156,1.329022408894794,0.79978466,0,False
PML,True,4.730779331788921,False,0.5489013513054626,0.9624408340057294,0.078909665,0,False
TAF1A,True,4.213900302591952,False,0.49736856279012764,0.576163057827813,-0.70952666,0,False
CBFB,True,4.831702735639124,False,0.4835332373565428,1.136552814165075,0.41163358,0,False
DPP3,True,4.79635960381402,False,0.42891208027640004,1.2411592615209892,0.5624263,0,False
COMMD4,True,6.3085439887496,False,0.7122687869114072,1.3242935116125054,0.7745376,0,False
DAB2,True,4.281989447447656,False,0.36186713223634587,1.1360073237541717,0.30193034,0,False
ZNF276,True,4.7618067068775325,False,0.5783311304709632,0.8636720934038031,-0.12982006,0,False
SERPINH1,True,5.988463038953247,False,0.6211801983660389,1.1403945595031424,0.38766155,0,False
CD244,True,4.415887166577116,False,0.2623230181072913,1.5567494456901172,1.1738964,0,False
LSM6,True,5.7879055758205356,False,0.6677533351815428,1.3528377554544582,0.8056741,0,False
TPM4,True,7.547053023662809,False,1.1967442313236254,1.1061903367460815,0.2907077,0,False
TNFSF4,True,4.414838230207032,False,0.27118455478162595,1.4254296808665416,0.902873,0,False
COPS5,True,6.485058966723732,False,0.7989716833167876,1.3570247219886764,0.84962314,0,False
ACADSB,True,4.090256938907388,False,0.6604166302848082,-0.018697734077082778,-1.787426,0,False
HERPUD1,True,8.0198014871907,False,1.1802692940576132,1.2498821256182069,0.66982585,0,False
BCL2L11,True,5.287750301550171,False,0.5883153986882916,1.1909519581226462,0.50250673,0,False
BPTF,True,4.390384120428481,False,0.5982444719095594,0.6995059142821665,-0.39888513,0,False
RPL21,False,10.788328343876636,True,1.7921187680181405,1.4520249124959945,2.0781112,2,True
JKAMP,True,5.805318883000849,False,0.6214673032735789,1.2887070266397767,0.7093638,0,False
MLLT6,True,4.634294311892027,False,0.7055334968430405,0.6163822461811328,-0.54260296,0,False
RNF26,True,4.440924371526753,False,0.32023736160087235,1.353395518556869,0.8103399,0,False
RAP1B,True,7.698086856751421,False,1.2086482679106734,1.1297536972735065,0.38307914,0,False
TRIM21,True,5.650475571037071,False,0.5371980356456129,1.4878254749505744,1.0651755,0,False
NLRC5,True,6.295576435406497,False,0.9722169360936825,1.0851805234489327,0.3696025,0,False
PCF11,True,4.16053118982322,False,0.4321387362113283,0.9552445599908295,0.043447383,0,False
NDUFAF2,True,4.969956531601785,False,0.47542908510729076,1.237917288203175,0.54792696,0,False
GATM-AS1,True,6.138275912228371,False,1.1987071367031379,0.07119944348223257,-2.5221992,0,False
TBCA,True,6.907721420292948,False,1.0110889889599468,1.1663611466414845,0.52336395,0,False
SNHG5,True,8.258209395215976,False,1.4430609739497395,1.083389279728567,0.487611,0,False
FNBP4,True,5.8477697768749195,False,0.8045546623245643,1.0319646360783092,0.25325543,0,False
C12orf43,True,4.413972591677996,False,0.4516684562821604,0.8884768311491515,-0.12005624,0,False
CLECL1,True,4.176245918547308,False,0.24952751137395096,1.6151774425069492,1.298095,0,False
GAGE2A,True,5.110928762739901,True,0.133410242229925,1.8111935472824743,1.6589481,1,False
YIPF1,True,5.2811512058576024,False,0.4855913712554426,1.3492653768219702,0.8068139,0,False
GALK2,True,4.440183027514118,False,0.3846629581672622,1.2701025518694244,0.60848457,0,False
MYO19,True,4.200732195160586,False,0.385729529564085,1.0699839707861734,0.22784166,0,False
REEP5,True,6.6853243192720715,False,1.027766541063,1.0426274085227671,0.2854245,0,False
FADD,True,4.676029827024692,False,0.4138018266648516,1.2229930541912277,0.54672706,0,False
ABI1,True,6.200721821631268,False,0.9028429431018882,1.0892060347072867,0.3303494,0,False
SLC1A4,True,4.180180646872746,False,0.31812964930068893,1.0682113968190887,0.17898983,0,False
HINT2,True,5.6351982678306385,False,0.5510978656188834,1.3384020383416866,0.7863234,0,False
PLD4,True,4.220600633282416,False,0.17147635318743681,1.6252769950312316,1.2960864,0,False
ENY2,True,5.020276757589755,False,0.6645010915978062,0.9888991474496233,0.08289371,0,False
TNFSF13B,True,4.154667133276944,False,0.3211506865751074,1.3385335007240755,0.7335666,0,False
CMPK1,True,5.311967909503154,False,0.6033099187623904,1.1396124526026497,0.4289481,0,False
ENSA,True,6.274711480760016,False,0.9731767703413923,0.8979553300704592,-0.00086640037,0,False
CKAP2,True,4.594131611896537,False,0.43229688288640417,1.2172438708838196,0.5451063,0,False
ZNF526,True,4.703740676645172,False,0.8199556783712769,-0.00518374998499177,-1.8040138,0,False
TRPM1,True,4.998578001354275,False,0.36771816818610825,1.1423029952274046,0.30508456,0,False
PPP2R1A,True,7.256459974296573,False,1.1687784658288596,1.0485049199387926,0.1116053,0,False
HNRNPM,True,7.6722653879955915,False,1.2399635207298898,1.056232310336359,0.13847053,0,False
MDK,True,6.1753575790692,False,0.5429101701682018,1.4002281673011345,0.8809314,0,False
RASSF2,True,4.347571963181195,False,0.43141725967972794,1.1013275378666156,0.30468395,0,False
AIMP1,True,4.987245851600242,False,0.6123702117497479,1.1021726170172301,0.31638983,0,False
DNAJC2,True,4.936028088963164,False,0.5195483857513948,1.2176780961083224,0.5204061,0,False
DNPH1,True,7.44599229699584,False,1.0450553240902831,1.3482270693277072,0.86850536,0,False
TNFAIP8,True,6.858098800199959,False,0.8553767129232706,1.5399438023596073,1.202176,0,False
GNB2L1,False,11.53365320927492,False,2.174035418059482,0.3603070529527068,0.3072985,0,False
STAG3L1,True,4.372726866977034,False,0.5004776138063448,1.0163541442433015,0.18646291,0,False
HECTD3,True,4.58701439648307,False,0.40243096737914635,1.1920340524914317,0.47637334,0,False
LGALS9,True,5.638345728324068,False,0.6622951496457976,1.3356149157390296,0.7899303,0,False
SCARB2,True,5.54016173467091,False,0.753736470762733,0.42539395140001646,-0.8946124,0,False
SLC16A3,True,4.879319134105107,False,0.379372867855019,1.233402590684856,0.5679236,0,False
APLP2,True,6.325051654671621,False,0.8153857535571599,1.1290925831387972,0.41177887,0,False
MICAL3,True,4.123440989805318,False,0.5104183817540281,0.562839769414867,-0.669455,0,False
HDAC2,True,4.99884083548085,False,0.7348507925492145,0.5370474261825225,-0.7257515,0,False
TIMMDC1,True,6.283880695817956,False,0.7653330983967424,1.2793957692908693,0.67806613,0,False
CRYZ,True,5.1587458413268354,False,0.4895761635740892,1.3125141532628604,0.7204307,0,False
GBAS,True,5.814981984570219,False,0.6706371661569341,1.2581642389056777,0.62171334,0,False
HSP90B1,True,8.297653607293343,False,1.3997779282155496,0.924132829682244,0.032210514,0,False
TNIP2,True,4.642609210697893,False,0.34027908450792227,1.412332371688787,0.8997643,0,False
NOL6,True,4.007113833433824,False,0.33783226316013826,1.1077315660209963,0.28978628,0,False
SPC25,True,7.379662222537525,False,1.4492663653216575,0.0857688177059344,-2.1344104,0,False
VAMP3,True,5.980879402189812,False,0.698658782975388,1.2443370945467516,0.61666787,0,False
TMEM234,True,4.088068635331692,False,0.26812261387516073,1.296534384757037,0.6624237,0,False
EIF3C,True,8.091555371033934,False,1.3917087414522444,0.9548890389785682,0.095065266,0,False
TCIRG1,True,6.8035685304691595,False,0.8896053674519095,1.2262737406663915,0.6305773,0,False
PARL,True,6.147053476146756,False,0.7101815645643231,1.3226562932926802,0.77566123,0,False
GRN,True,8.493306710366783,False,1.1634631220284113,1.3069882775873571,0.8060807,0,False
HSH2D,True,5.091696595542381,False,0.6504239547798496,0.8890812813973592,-0.038805082,0,False
SCAMP1,True,4.106463609783634,False,0.4937565965884205,0.5033162831096386,-0.8345868,0,False
PTS,True,4.474801090994421,False,0.3479585336252441,1.3114610866677316,0.6731373,0,False
BANP,True,4.626649343948945,False,0.4176941838977044,1.2412757604985778,0.5739246,0,False
CYP51A1,True,5.560936830283782,False,0.9646004904269978,0.09934798866924949,-1.5470554,0,False
SIGLEC10,True,4.994511133133164,False,0.8396006765785027,0.16778074787242947,-1.4375308,0,False
TRIP4,True,5.044507714837309,False,0.429599016423165,1.3945198581403244,0.88268584,0,False
SNX3,True,6.35398971177277,False,0.761465381050173,1.3178990571825038,0.7602628,0,False
FTSJ1,True,5.153303436420382,False,0.5079466687993632,1.2833032808694764,0.6558521,0,False
CAB39,True,4.454811565913518,False,0.3823819681614201,1.3326029350543338,0.7407242,0,False
MSH2,True,4.860740430177857,False,0.42917264512527575,1.2034335042734816,0.5129909,0,False
PIP4K2C,True,5.242233755595644,False,0.49794442650362847,1.3014964998835827,0.69192773,0,False
CYLD,True,4.559930969590831,False,0.5053910842591209,1.1436848827815607,0.42118135,0,False
WTAP,True,6.5232255891938715,False,0.9653383683338047,1.0010280797534346,0.19620274,0,False
PET100,True,7.294658579261692,False,1.0175304001922714,1.3468308357919367,0.8768722,0,False
MGAT4A,True,4.296592080314469,False,0.5592683700802259,0.7110798890783189,-0.4007204,0,False
CCNH,True,6.367690970468249,False,0.8286081949253357,1.2410072254357334,0.6185339,0,False
RRM1,True,5.244315809624061,False,0.4971014478924903,1.259678190510412,0.61809194,0,False
LOC400027,True,4.346935971272743,False,0.29756770416053935,1.4263290152341102,0.94308877,0,False
CD5,True,6.005282176671651,False,0.6627310722012107,1.4938824012535914,1.1239269,0,False
THUMPD1,True,5.350879293056153,False,0.6334376974835679,1.1890242575346641,0.5250847,0,False
SRSF2,True,8.226051310898704,False,1.401555131838676,0.8744722830989342,-0.19611685,0,False
RAB30,True,4.934612429734659,False,0.37876759892272865,1.470412151885367,1.0174121,0,False
GNB5,True,5.053675078616217,False,0.6365199342420089,0.8682531337722519,-0.08275322,0,False
CCL21,True,7.854662562639543,True,0.05306684686576166,2.2170686373673743,2.3571014,2,True
FYTTD1,True,5.497550411006753,False,0.6668833456890064,1.1390564777160042,0.4345197,0,False
C11orf1,True,4.498471100685295,False,0.3224205013402044,1.3739466916225718,0.78789157,0,False
LOC100652772,True,4.07343254650432,False,0.6419719571461352,0.006353429350378737,-1.7277789,0,False
CCDC88C,True,4.234267804498623,False,0.46944953467780637,1.0795191570724345,0.30783343,0,False
IRGQ,True,4.858970148183208,False,0.9328091863128118,-0.5125745641813455,-2.693358,0,False
SSSCA1,True,5.674002473448632,False,0.511651690375528,1.5066948810807703,1.0922341,0,False
LINC00152,True,6.899793890834612,False,0.9381123802979134,1.2858575154133445,0.7374073,0,False
LPAR6,True,5.468730457669742,False,0.5819498101698013,1.3442386557459631,0.79724425,0,False
FAM122C,True,4.655286728898548,False,0.7657294383090618,0.05564385410328585,-1.5492718,0,False
RSAD2,True,4.408898933934588,False,0.316883452452714,1.2708456475437064,0.5847096,0,False
CRTC3,True,4.031053665942735,False,0.4194630123327632,1.051078480860045,0.17743881,0,False
LRRFIP2,True,4.354161975447144,False,0.4242888611935158,1.085336774227844,0.25506398,0,False
INTS4,True,4.652028870633474,False,0.41890292037554044,1.2155920997989726,0.5186644,0,False
RNF121,True,4.074832426236075,False,0.30930589909167633,1.131492843510411,0.3346306,0,False
C8orf76,True,4.864965974437742,False,0.4179817135389003,1.3613043885879423,0.80729383,0,False
TMEM219,True,7.315247074200635,False,1.0358354894771602,1.3033803921763332,0.79058456,0,False
BCCIP,True,6.174612606571193,False,0.7770190122860728,1.304458843432284,0.7497763,0,False
MEST,True,4.670877069618211,False,0.21522716041320705,1.355804583160796,0.75549644,0,False
HTRA2,True,4.237962502246276,False,0.4142183322968336,1.0655029552156492,0.20797348,0,False
ILKAP,True,5.866653455508072,False,0.6636274013341683,1.2611594150038885,0.66205704,0,False
HBS1L,True,4.862942900957454,False,0.5786697159786255,0.949363108763062,0.038466472,0,False
TMEM30A,True,5.629430444975591,False,0.6902921219205165,0.9993782720925853,0.18452351,0,False
PDS5A,True,4.303655793833699,False,0.4735234530232257,0.9178041408987585,-0.017985484,0,False
CRK,True,4.374967821595946,False,0.5678248161314406,0.47349707065677604,-0.8495881,0,False
NEDD9,True,5.620082830974813,False,0.6814936453364768,1.1413388126284771,0.42681476,0,False
PSMD13,True,7.106742092804903,False,1.0231514297345226,1.2302299488564543,0.60097224,0,False
ETV5,True,4.5597303943871825,False,0.4571378382342447,0.9934149342978754,0.037143335,0,False
GSTO1,True,7.531999096659813,False,1.0819787766794668,1.2802068773856674,0.72047234,0,False
MAD2L1BP,True,5.471895085362145,False,0.5067968972736516,1.3220110834763221,0.7309907,0,False
LSM1,True,5.829405474328457,False,0.6703287997706475,1.323978002589942,0.73675,0,False
PPP2R3C,True,5.585061680504433,False,0.5801474736796155,1.2961291465278553,0.69499284,0,False
COX11,True,5.322659146192098,False,0.5453621827314422,1.2878179106177639,0.6704525,0,False
FAM217B,True,4.432108111476664,False,0.6553918083134311,0.3293062714340588,-1.0834692,0,False
NPTN,True,4.651124614022138,False,0.43530703055894976,0.9882439369510949,0.08107942,0,False
UPP1,True,5.762695795958903,False,0.5953643943003684,1.312966699018859,0.73594075,0,False
PITPNA-AS1,True,4.47682929728636,False,0.2900783180533035,1.4373430665412155,0.9484053,0,False
ZNHIT3,True,6.352812549943288,False,0.7195789882451766,1.4119051053508782,0.9409742,0,False
SNRPD3,True,6.599699199571928,False,1.020651299422411,1.0526926346177587,0.30312046,0,False
FRG1B,True,5.297737467123359,False,0.7203195604267215,0.9905080419552962,0.15668717,0,False
GMNN,True,5.247534011910888,False,0.43987390413129557,1.3208516713231295,0.6918806,0,False
SPCS2,True,6.721724821834348,False,1.0873503012765426,0.9460969034364679,-0.01029403,0,False
NAPRT1,True,5.985939090433803,False,0.650430642330268,1.3193132834283432,0.748233,0,False
PRKAB1,True,5.172745331499027,False,0.47215899558468505,1.3813805720643924,0.8625135,0,False
RPUSD4,True,4.689759587052027,False,0.3762134703760186,1.3860138505753794,0.8306642,0,False
PFN1,False,9.882004955629423,False,1.9457961993771706,0.23316546029897572,-1.0375631,0,False
TIMM21,True,4.639923571837092,False,0.3428185488177056,1.3683329760156784,0.8086443,0,False
MKI67IP,True,5.7539620719668205,False,0.7131509229829465,1.2224564910726348,0.5418913,0,False
CLIP1,True,4.492240351022158,False,0.46946812965850193,1.0542752604970618,0.2120187,0,False
NUDT5,True,6.540804113042454,False,0.8311058133002017,1.274463881953199,0.69000727,0,False
ATP5C1,True,8.243811329447658,False,1.3547838165290007,1.100237357957667,0.40039235,0,False
TTPAL,True,4.048865467259288,False,0.5749533613329147,0.24269947589127286,-1.2869122,0,False
RBM27,True,4.1499167934387104,False,0.45974380943896875,1.0124906007443941,0.1255005,0,False
FAM160B2,True,4.34522567970555,False,0.37765909094026096,1.2097588707941807,0.50272596,0,False
ANAPC15,True,5.698607712809175,False,0.5481403176148423,1.4477333746270942,0.97009706,0,False
SUPT6H,True,4.1681028852209705,False,0.4486135836635867,0.8952070617503609,-0.11731686,0,False
PI16,True,4.232602226687676,True,0.06237759622187385,1.6856270341869037,1.4104098,1,False
TMEM199,True,5.048018008644385,False,0.44837561974221407,1.2988915666124436,0.68691194,0,False
GPR89A,True,5.232562546627055,False,0.5237333837293157,1.2142842326656562,0.5493696,0,False
ZNF770,True,4.352267466548603,False,0.49550972067226423,0.8754002996468246,-0.08277482,0,False
TRPC4AP,True,5.885338230305176,False,0.7580923454800521,1.0751133653822682,0.31835547,0,False
LAMA4,True,4.261731907922768,False,0.31624981567742894,0.9274489236036525,-0.06650997,0,False
ADPRHL2,True,5.887175469285125,False,0.5742961563815834,1.4080491138594908,0.88903475,0,False
EIF4G2,True,7.769175374881267,False,1.3868847282046801,0.7122809431983375,-0.6583214,0,False
RPF1,True,5.334252661532643,False,0.5540433344892381,1.2552387351796623,0.63422495,0,False
LOC100505865,True,4.509414634332614,False,0.2781144861208421,1.4170577825467827,0.841402,0,False
NUDT15,True,4.208295032760514,False,0.513012397875479,0.5551050341436432,-0.77003497,0,False
CEPT1,True,5.063840959673484,False,0.5143831321822675,1.1365541885742072,0.4070073,0,False
ZNFX1,True,5.11952715257616,False,0.7019070500330122,0.8453905983595027,-0.118083924,0,False
PAXBP1-AS1,True,4.058021423186829,False,0.666703371680739,-0.1471894129345107,-1.9761105,0,False
ETNK1,True,6.345860771881754,False,1.0397011125910995,0.8222786353339118,-0.13614088,0,False
TEX30,True,4.778061413653087,False,0.3381564883107405,1.419209873115495,0.9001439,0,False
LTA,True,4.630433196942325,False,0.23565369817567575,1.6941239823724894,1.424672,0,False
EPS15L1,True,4.19270638113953,False,0.42564548925062806,1.018035438230317,0.14048877,0,False
MGEA5,True,5.889788787740921,False,0.8694805122603914,0.9958855258649975,0.20158215,0,False
ARL17A,True,5.0921735916160475,False,0.6953095977741729,0.8135972508581248,-0.19410016,0,False
TMSB4X,False,13.122303764406828,True,2.2394406372686584,1.1582645138179235,3.8421636,2,True
LRCH3,True,5.141015512450476,False,0.5156835290844818,1.2555982630481086,0.62003106,0,False
HMGA1,True,6.161250052936687,False,0.8909184860395498,0.9350207330871584,0.031481043,0,False
CCL3,True,8.34342553373105,True,0.7029298994903306,1.8707224428777838,1.8364599,2,True
ZFYVE19,True,4.083562906462019,False,0.29310000476659326,1.2836826865682327,0.63819665,0,False
IRAK4,True,5.2279115723146985,False,0.9110814045102602,0.1142465686444081,-1.4884619,0,False
MLPH,True,5.4566905242512895,False,0.48732561210117,1.199305476757473,0.46831742,0,False
DDX41,True,5.772938510280567,False,0.591768828648693,1.3648719746016678,0.82745117,0,False
UBE2D2,True,5.482072831962033,False,0.7687326078013671,0.8949976493734575,-0.01765532,0,False
PSMB10,True,8.165765881472076,False,1.2991353711722797,1.277616903011839,0.8612323,0,False
GABARAPL2,True,7.700076083202643,False,1.1938211805611567,1.2000028167187073,0.5194331,0,False
DGCR2,True,5.126154778233835,False,0.5489432610485958,1.125517583400031,0.37563407,0,False
UNC45A,True,5.248153915787499,False,0.5486502556366708,1.196654664743219,0.5053777,0,False
GIT2,True,6.440830372219828,False,0.9124951797028733,1.1508967509306998,0.47535667,0,False
UTP11L,True,6.476236024374781,False,1.2406180269164038,0.053388136820950484,-2.540922,0,False
TIFA,True,4.7243171483777155,False,0.3989597942348137,1.434948098052299,0.9545808,0,False
FDPS,True,7.0721941966676,False,0.9662312748124391,1.249611917708808,0.6592519,0,False
NANS,True,5.992050563593133,False,0.6885084681050414,1.2549157552881631,0.59888494,0,False
LINC00547,True,4.259076189714157,False,0.7523880126094042,-0.20332524450820993,-2.0539906,0,False
GGA2,True,5.265682802211139,False,0.7085918382784862,0.9277896916693932,0.03764868,0,False
CCDC115,True,6.295444275155594,False,0.7441054963267364,1.3806992518025534,0.87897867,0,False
TTC1,True,6.08802521674333,False,0.7229834253267224,1.3643933858402766,0.84465677,0,False
MAD2L2,True,6.136488793415141,False,0.6761209402609616,1.3252386472358093,0.78697306,0,False
HIPK1,True,4.340883442015962,False,0.4869905823988774,0.9709436299344554,0.08991838,0,False
CLN3,True,5.705757551487929,False,0.6026862171024457,1.3432238024795078,0.7846015,0,False
WAPAL,True,4.1015434069147165,False,0.41432473424310123,0.8726092369050218,-0.14060025,0,False
BOLA2B,True,4.379748284584118,False,0.6098149538157792,0.7753981839362961,-0.32156095,0,False
NUSAP1,True,4.877393571496256,False,0.3350490048899613,1.3605551657080208,0.78513986,0,False
LANCL1,True,4.3534881203140285,False,0.37988905603514467,1.1247243749318174,0.32155192,0,False
C15orf40,True,5.724077055914382,False,1.0199130330590793,0.2689493405243718,-1.1861066,0,False
SNX17,True,7.2451092932884915,False,1.1036548600082692,1.2126607808487697,0.57077545,0,False
ASB2,True,4.9851264943105456,False,0.3775966817982064,1.5010522676667624,1.0931691,0,False
PLSCR3,True,4.815659993166183,False,0.4845819641369093,1.2765345188094657,0.6848152,0,False
JOSD2,True,5.373712428676874,False,0.5337851162932782,1.2940145331664845,0.7028595,0,False
IL11RA,True,4.347392548531848,False,0.3115668430430451,1.3708013071357081,0.81309956,0,False
RPS6KB1,True,4.030362129566221,False,0.3736075051356724,1.087476218243021,0.26892492,0,False
DNAJC19,True,5.464959468769735,False,0.6576092238293015,1.1968725966939804,0.5187675,0,False
TOP1,True,4.463183201614899,False,0.5440991260688344,0.9179942780653776,-0.080858685,0,False
MPST,True,5.12739013704152,False,0.42488228656446647,1.4307142524141871,0.90773225,0,False
DPM2,True,5.568234068380035,False,0.6767653001271048,1.2055573885167625,0.5174835,0,False
DPY30,True,6.30788292441651,False,0.7783176887528582,1.3401722111687049,0.8104296,0,False
TUBD1,True,4.349350895789864,False,0.475739077806726,0.8331609295917279,-0.21357054,0,False
GNL3,True,6.27442342774761,False,0.7899748823702946,1.205415421065623,0.553757,0,False
ATF6B,True,6.159325639292972,False,0.8835061640202384,1.0491276708866613,0.2514837,0,False
BTG2,True,7.536527897830213,False,1.029964009304416,1.4430311738327921,1.0421526,0,False
NDUFS6,True,6.937631790569006,False,0.9426153263516511,1.2492893983060855,0.6601949,0,False
ERAL1,True,5.47193521458899,False,0.5101682412451443,1.3430306748988063,0.7749094,0,False
ECHS1,True,6.827967896893343,False,0.9172134242749279,1.3201076050034721,0.79771715,0,False
VPS4A,True,5.939982951385074,False,0.6986030225839461,1.3007308558948498,0.73054785,0,False
NCF4,True,5.45247346471483,False,0.48192088688788803,1.5262835431936652,1.1614114,0,False
NAGPA,True,4.565744286263946,False,0.3163358721415539,1.404032340197746,0.8807786,0,False
RAB1B,True,6.9055033721115135,False,1.091746712944444,0.9888691920646274,0.17995255,0,False
CHORDC1,True,4.482364719248075,False,0.4314544061839485,1.1220817889812644,0.33164063,0,False
TRIB3,True,4.562863281655928,False,0.2658595825066886,1.4873607587359352,1.0215908,0,False
C2orf49,True,4.057463778892127,False,0.27947162730211206,1.3708852713719522,0.8002043,0,False
DDX5,False,9.684476092491446,False,1.8852380422408914,0.17961820989492222,-1.2367089,0,False
ANAPC4,True,4.5690158394198,False,0.3989344124020088,1.2642433802464808,0.62284464,0,False
ZSWIM1,True,4.742225820468729,False,0.7995733114540464,-0.009775602073643693,-1.6885859,0,False
TMX4,True,5.988095437716991,False,0.6267770112728959,1.2862148592854827,0.69421005,0,False
MREG,True,4.505678102126164,False,0.8002901061471879,-0.1803604735323046,-2.0077257,0,False
PDLIM2,True,5.747977658556434,False,0.6318266942018756,1.2721464365328319,0.66738874,0,False
SRPK1,True,4.589744641706496,False,0.4813382530876915,1.1040048342025908,0.31616822,0,False
PTCD3,True,4.68996878083489,False,0.5873982907543907,0.9036869846968685,-0.06803044,0,False
NMNAT1,True,5.427354273606771,False,1.0640771201533117,-0.3467959627105046,-2.3549595,0,False
DIP2A,True,5.128187478091026,False,0.6536851255429139,0.908940009835788,-0.007080475,0,False
PTPN22,True,5.400001051677497,False,0.53506954541182,1.3299739264339763,0.79202384,0,False
RABGGTA,True,5.178617068845803,False,0.45382751626816087,1.3975462384351407,0.899515,0,False
KIAA1033,True,4.587421368796904,False,0.45118792922187323,1.0610290587217721,0.24651326,0,False
STX8,True,5.717351359937506,False,0.6174083974388975,1.3900413180012525,0.8828858,0,False
WDR89,True,4.3561986153755665,False,0.3613266152950118,1.252578420125513,0.5874985,0,False
EIF4G3,True,4.001224315395353,False,0.4004972883645901,0.9725935610704104,0.032653566,0,False
A2M,True,7.8408836018995585,False,0.7524603820629536,1.4332692341914632,0.9738895,0,False
GRPEL1,True,5.796866023372023,False,0.6305767999560232,1.378238611915044,0.8428464,0,False
CCDC66,True,4.095989353229619,False,0.3391749274973457,1.2110171858763787,0.48770538,0,False
EED,True,5.153284929869544,False,0.46921256660116806,1.3764811533220875,0.8394454,0,False
RAPGEF6,True,5.316544853152859,False,0.6375343202105125,1.0900716538728625,0.3620613,0,False
KIAA0020,True,5.121610789791234,False,0.5657700021549841,1.1303459295719778,0.36213613,0,False
C16orf45,True,4.218775883757834,False,0.28594023030857774,1.3163840875154498,0.67944306,0,False
RBM10,True,5.266370448800587,False,0.5787480759355017,1.1532431478129752,0.4218088,0,False
C19orf10,True,7.270421129356503,False,1.0163473259068954,1.2344667378872418,0.6576499,0,False
MFF,True,6.1038196137086755,False,0.8273883735035481,1.146249358793301,0.4397849,0,False
NOA1,True,5.545573864240272,False,0.5142111921862622,1.3775128653801687,0.86072844,0,False
EXOC3,True,4.399982695783514,False,0.3647979552956465,1.259079193819236,0.5973372,0,False
TNFRSF9,True,5.49076550595139,False,0.7249283405923617,0.6222936728578423,-0.50914615,0,False
TIAL1,True,4.070507169228784,False,0.4532317619516633,1.0020703677291949,0.124608554,0,False
HIST1H1E,True,5.1930955831188275,False,0.46062426998613826,1.3710307075361843,0.8396999,0,False
APOE,True,7.306784120906005,False,0.6491739456133875,1.5617249986982493,1.2079524,0,False
ST8SIA4,True,5.1451646622151355,False,0.69259355201323,0.8323157301961652,-0.14457832,0,False
CCAR1,True,5.644988657356266,False,0.7324856636743776,1.1125683120343903,0.38028044,0,False
KLHL36,True,4.110646292278316,False,0.24661871405948255,1.4877844605848853,1.0071788,0,False
OPHN1,True,6.258201177874483,False,1.2524256641998561,-0.12434168227854092,-2.4295259,0,False
DESI1,True,5.119227065530003,False,0.9154979551589286,-0.05097585673286205,-1.8090162,0,False
LOC728558,True,4.062950777014977,False,0.7337924622116916,-0.3667027058248977,-2.4047186,0,False
COPS4,True,6.075045781727373,False,0.6666162932611314,1.396878859689152,0.8823394,0,False
KIAA1324,True,4.214360306364306,False,0.6508048561006985,0.04784884404406736,-1.6274394,0,False
TIMM22,True,5.15317591695363,False,0.4534327126268501,1.4124661655681674,0.904991,0,False
BIRC7,True,5.885038523511478,False,0.48119243602849276,1.4414127928441842,0.9244154,0,False
TOMM34,True,5.375530297904918,False,0.4933611115845341,1.3526479482167983,0.76830333,0,False
CNOT1,True,5.535161650986888,False,0.790603658734294,0.8992769862956771,-0.006499776,0,False
EXOC2,True,5.008411357700056,False,0.552389456296766,1.1605132145289074,0.4554309,0,False
SAMM50,True,6.217965823957708,False,0.7600817506877671,1.2883381742101747,0.7071368,0,False
MRPL34,True,6.273815412347669,False,0.8108510541608096,1.26094045077159,0.6592345,0,False
HSF2,True,4.348367667950181,False,0.3078927656123909,1.332172893992278,0.75551486,0,False
CDC42EP3,True,4.792762051760339,False,0.5158155463078127,1.0983714842671013,0.31296745,0,False
TSPAN7,True,4.832729864347673,False,0.26105314935922425,1.397266981603316,0.82658976,0,False
MFN2,True,4.452345889581607,False,0.45141657578299554,1.0697206155404144,0.23388755,0,False
RHOH,True,7.4810412417009875,False,1.0507382922147626,1.487962987593177,1.1274312,0,False
NUCB1,True,6.2772782811067085,False,0.9603655496047849,0.9089014492502826,0.029769335,0,False
ARL16,True,5.892249450022373,False,0.8321446748736772,0.8595156144791387,-0.11548554,0,False
TLCD2,True,4.929141437555009,False,0.9631422267436638,-0.4463516010534156,-2.5659564,0,False
FAM204A,True,4.607403503380696,False,0.5507567610406766,0.9585379034713581,0.060348418,0,False
DAPP1,True,4.784035002008302,False,0.49196937917736455,1.0913262226550149,0.36272883,0,False
ATF7,True,5.196086188004725,False,0.5817783624051309,1.1632943073145907,0.43176648,0,False
DNAJA3,True,5.715033098191646,False,0.6245828636675663,1.3048128836564667,0.71421474,0,False
CIITA,True,5.135739292242863,False,0.6005489747124099,1.1668840248940477,0.46558818,0,False
CMTM3,True,4.894509960932507,False,0.5442366225822286,1.1614277582159636,0.4342848,0,False
MRPL15,True,5.815474422926526,False,0.6640994654597319,1.1635462721918373,0.42746496,0,False
C21orf59,True,6.121908939890931,False,0.7130734701927,1.3668467091847987,0.8340408,0,False
UBE2L6,True,8.622341971300077,False,1.3811434910931333,1.2537859668240126,0.804678,0,False
HP1BP3,True,6.296960731718321,False,1.0968466304893225,0.28252391585052333,-1.384658,0,False
XPC,True,5.044737494734084,False,0.5559981909398468,1.1592687857575232,0.41566318,0,False
KLHL7,True,4.9590287999407705,False,0.41842021633428605,1.4096658509511284,0.87338275,0,False
NOP58,True,6.9957583954272815,False,1.1070311531109966,1.0298119956979894,0.17370263,0,False
STAT5A,True,4.798547286332197,False,0.45805962136811107,1.2704259237076168,0.6555918,0,False
PTPN2,True,6.664254139544696,False,1.0628964116016288,0.6985743214566595,-0.37077123,0,False
SF3A3,True,6.4492104043042895,False,0.8712471822306895,1.1814676835299183,0.50666636,0,False
HCFC1,True,4.499158147098584,False,0.6258193722607,0.7411974023542323,-0.37574023,0,False
AHNAK,True,6.470509082624348,False,1.0341022484172964,0.7944042567016205,-0.18923405,0,False
YIPF2,True,4.0950116403575505,False,0.3020313963628797,1.2132196026918491,0.46402207,0,False
MYEOV2,True,6.515845498851054,False,0.807989010258216,1.4102999884997542,0.9182663,0,False
DUSP18,True,4.427107370669446,False,0.3064449254873315,1.3824006713098687,0.83679795,0,False
AHR,True,4.226966247224861,False,0.5297826416067045,0.328371345900956,-1.1120181,0,False
ATP6V1C1,True,4.604702625503282,False,0.5516968482764852,0.845082080266608,-0.19675684,0,False
LUZP6,True,4.866746812068906,False,0.7075224795653065,0.7713759840198984,-0.29609454,0,False
COQ10B,True,6.35620202224596,False,0.9498091478678858,0.804082642541728,-0.18133472,0,False
PSMF1,True,6.179053570584876,False,0.9666414524154299,0.9897312980617451,0.1829607,0,False
NFE2L2,True,5.921046606361868,False,0.7333283666771383,1.159138226873381,0.46011034,0,False
SH2D2A,True,5.696123524584783,False,0.676234660020458,1.3012446664096373,0.7564079,0,False
MRPS24,True,7.198632779743733,False,0.9855725307346546,1.3714566103289907,0.89648664,0,False
OPA3,True,4.445098075901484,False,0.7965509452756867,-0.3897010086713529,-2.4018779,0,False
TRAF7,True,4.160657611760876,False,0.4621804286777571,0.8532670637571216,-0.19863664,0,False
HS1BP3,True,4.37515196759755,False,0.34879708886011407,1.2075474595365994,0.47173238,0,False
SFRP2,True,4.826152473417185,True,0.05646753155782426,1.9609379593217673,1.8928598,2,True
C6orf1,True,6.140627740390732,False,0.7158962539135427,1.3427963796623597,0.80654407,0,False
CCT4,True,7.228527833134265,False,1.0953289549082021,1.1589157241674932,0.4514286,0,False
CHMP6,True,5.479328685544101,False,0.5009644441890404,1.389293832306608,0.85716885,0,False
NDUFA13,True,8.760407649302344,False,1.4907670173505516,1.103001743449688,0.5288722,0,False
CD151,True,4.503835938004,False,0.4175408647168459,0.82197286684906,-0.20838273,0,False
ARFRP1,True,5.418236247841824,False,0.6135950708637697,1.2587238266306455,0.6329402,0,False
MRPL41,True,6.214658900338341,False,0.7565542219114194,1.2623437232319235,0.6579661,0,False
SCAMP3,True,6.858170541303214,False,0.9622792907860804,1.2114574396633877,0.61306816,0,False
MTMR6,True,4.059494014412794,False,0.31388702148516334,1.1506695069444421,0.38760915,0,False
MTG1,True,5.884212223878403,False,0.7331784912632696,1.2109927233827504,0.56527376,0,False
OAS1,True,6.447499940177619,False,0.6626633963309246,1.555688950336449,1.1952821,0,False
PHB2,True,7.723303567639586,False,1.2197485023574877,1.1763727077214128,0.45429492,0,False
PLK1S1,True,4.6063553472598,False,0.34367139148025994,1.360609601570642,0.80205965,0,False
CPVL,True,6.143111779314791,False,0.5240351296403417,1.437743838627481,0.918442,0,False
TLK1,True,5.765899781041193,False,0.8465651873113929,1.0125360281370497,0.18458246,0,False
ZNF384,True,4.197396485377746,False,0.3210690300346767,1.1295693534917317,0.3526528,0,False
FAM177A1,True,5.015229085086425,False,0.8003406787213673,0.2769055093297274,-1.1679391,0,False
RPN1,True,7.535169304421026,False,1.1717710834612758,1.0419998627830251,0.18285699,0,False
PMVK,True,5.723594015147568,False,0.680192178453161,1.2256662881345983,0.5501986,0,False
EIF3D,True,8.005536119597522,False,1.3300797267942945,1.1059739947120302,0.41381282,0,False
HPS1,True,5.993503621191642,False,0.8124616062940353,1.0757291878410062,0.3074734,0,False
MPC2,True,5.453599965075642,False,0.8423814597570117,0.651412333943021,-0.5258822,0,False
RNF7,True,6.7188542943659115,False,1.252484172080159,0.38487504439653897,-1.6380744,0,False
KCTD13,True,4.1176906474326955,False,0.30654881068692685,1.3816454665403997,0.7795431,0,False
KLHL28,True,4.4263822369545975,False,0.5544685273614488,0.616618878868682,-0.55719626,0,False
XKR9,True,5.0509719142278655,False,0.8942682883581291,0.07864132862770411,-1.4945903,0,False
IL8,True,6.31639247840018,True,0.16463317899591418,1.7525140912448567,1.6130363,1,False
FBXL20,True,4.443628059354456,False,0.7459223314272401,-0.08082176534927357,-1.835376,0,False
RPL21P28,False,11.02435842938809,True,2.0053684619109102,0.9322339152086891,1.7960535,2,True
GTF2IP1,True,4.426707271140391,False,0.5078690592108785,0.9901627956834154,0.11960684,0,False
RAB20,True,4.488298170971626,False,0.27427884652478596,1.4668332624510576,0.97308856,0,False
RBM7,True,5.105451736896348,False,0.4682314815461369,1.3714347888222276,0.8548234,0,False
TAF9,True,7.3842121002333885,False,1.061558281570202,1.299055964212002,0.7643665,0,False
TERF2,True,4.297237988265288,False,0.610597715646491,0.35974731443042063,-1.0294553,0,False
TNFRSF1A,True,5.306701330658468,False,0.5679369088022923,1.1538451940016263,0.4295807,0,False
AKAP2,True,4.406047197752616,False,0.4449419768128433,1.1382934052057891,0.3701746,0,False
ACADVL,True,6.361143530527065,False,0.817195525826335,1.1427579089932984,0.44436538,0,False
ZBTB8OS,True,5.558747462273466,False,0.6038060562593353,1.3073254006106494,0.71411395,0,False
HAUS4,True,5.2050600152855155,False,0.4785685291061639,1.3397195298933142,0.7650166,0,False
GPR174,True,6.165315870003914,False,0.6593626728303792,1.5454796669526225,1.206346,0,False
EMC9,True,4.115463200481765,False,0.254696927451629,1.414101766421521,0.8614039,0,False
KIAA0319L,True,5.06837940456699,False,0.7096709807047593,0.5915149389915578,-0.58672684,0,False
SDHD,True,7.110654195927477,False,1.0323080848427977,1.234986487362446,0.66131926,0,False
SUMF1,True,5.0300057280748725,False,0.44102291181252284,1.3232861817438373,0.71943814,0,False
OSM,True,4.0483388600482,True,0.11760118685415624,1.7338701855663952,1.528457,1,False
PPFIBP1,True,4.152849449611787,False,0.5732294313013816,-0.03886563309213922,-1.7758111,0,False
SAT2,True,5.541362909178058,False,0.6110607247522186,1.2720248776837888,0.64626485,0,False
RMDN3,True,4.857543477816344,False,0.41858283476969954,1.2616524939374951,0.61740035,0,False
MICA,True,4.686213384644486,False,0.4277167613591344,1.1287343432086636,0.3157647,0,False
FIS1,True,7.522425742707691,False,1.1168453558742426,1.331349479008983,0.83644825,0,False
IGLL5,True,10.380663270033494,True,0.6258499681012846,2.154169666667613,2.3582404,2,True
FOXN2,True,4.1742978778905115,False,0.4228435028583024,0.9959448334865224,0.09148126,0,False
CD83,True,6.2804515068086095,False,0.540436718085306,1.5920875493517812,1.2823997,0,False
VPS16,True,5.55314806482851,False,0.550759627530894,1.3411140046369083,0.78756535,0,False
NOTCH2,True,4.750875446416193,False,0.567482875787856,0.8764801754067894,-0.080488205,0,False
TOR2A,True,4.730875896322589,False,0.3470427377189095,1.4437682089548272,0.9875251,0,False
ZNF136,True,4.342497539029817,False,0.308287125407691,1.211526183610511,0.51816946,0,False
MGP,True,6.294864007196951,False,0.3056501591283227,1.6303865205462618,1.34459,0,False
SMS,True,6.679085630089045,False,0.8567420623113722,1.293477899527987,0.7410425,0,False
NUB1,True,5.27871921293212,False,0.6546058707379159,1.0979927236172102,0.34773687,0,False
HMBOX1,True,4.084499526067026,False,0.3635655554546106,1.1079005101397552,0.2969395,0,False
ITK,True,6.08316293228662,False,0.7076673708067288,1.377346164297107,0.891659,0,False
FBXL5,True,5.982725043134301,False,0.7751271158895365,1.1944755114424581,0.54110104,0,False
UQCRQ,True,6.167566382540959,False,1.1026821782106344,0.5228629887620742,-0.7051567,0,False
ITGB2,True,8.319203000643144,False,1.3134599647934806,1.3102762237546515,0.9383127,0,False
PHPT1,True,6.334340206336391,False,0.891641335587783,1.1924435516697551,0.52183986,0,False
KAT5,True,5.284096836778319,False,0.5212380627874084,1.2916390640404816,0.7009516,0,False
ERH,True,7.080179381356226,False,1.0216350998443746,1.1998998808140504,0.5545844,0,False
GIMAP6,True,6.200280358835308,False,0.702951976774457,1.4666044760617882,1.0435312,0,False
AREG,True,5.746680714635578,True,0.33902949749871586,1.7400736306941873,1.5545912,1,False
LOC220729,True,4.3733844350132385,False,0.5261173067279276,0.6820392194236018,-0.44514054,0,False
LIPT1,True,4.1806521913743,False,0.2871688263336122,1.2669562962799596,0.59686476,0,False
NSUN5,True,5.0879870509906855,False,0.5599695712643855,1.160653656998769,0.4088396,0,False
MAN2C1,True,4.955500743044941,False,0.5299240944809823,1.111647458891163,0.36183783,0,False
SF3B5,True,7.08056772217654,False,0.9668667281553449,1.3115506992638237,0.8075375,0,False
ZNF713,True,4.336967212944324,False,0.7807667739408684,-0.1855301537839811,-1.987829,0,False
TRMT2B,True,5.008064342153676,False,0.760478419938392,0.37747498770850807,-0.9676715,0,False
MYC,True,5.990841578598414,False,0.6170010022401768,1.3572275464032022,0.8359486,0,False
SUPT16H,True,5.634510491653883,False,0.7597878495661197,1.0760002058458182,0.30925393,0,False
IL10RB,True,6.231227849282933,False,0.7562672515102602,1.2753022886508547,0.6837133,0,False
DPY19L2P2,True,5.025882219037244,False,0.8334146268398942,0.20798354842735609,-1.254925,0,False
TRAPPC6A,True,5.8931229558318545,False,0.5681417632211939,1.5060192438399067,1.0998646,0,False
CEMP1,True,4.219139034639189,False,0.2738529638541132,1.3516115563148616,0.7736501,0,False
VCP,True,7.2855265633490935,False,1.1861908226443076,0.9754697913212289,-0.040243007,0,False
BGN,True,5.233417695922386,False,0.22127501707904268,1.5932670998788594,1.215331,0,False
THEMIS2,True,5.547886957436194,False,0.5305133351193048,1.4279156559111215,0.9364153,0,False
APOBEC3F,True,5.2410173040788495,False,0.8404108421145762,0.45323492526274867,-0.84726053,0,False
RPL36A-HNRNPH2,True,5.917550518478078,False,0.7702948878510902,1.1233340155866487,0.39340088,0,False
ATG3,True,6.969361825139705,False,0.8842932235142533,1.3344734420640698,0.804754,0,False
NDUFV2,True,7.904351607232157,False,1.252839931191172,1.1867253599892704,0.50748837,0,False
KLHDC2,True,5.9519255027121325,False,0.5768070963022343,1.357164197942919,0.86550057,0,False
GBP4,True,5.695452648307865,False,0.893655550741894,0.5851123674548353,-0.6298997,0,False
SFXN3,True,4.719330863831882,False,0.5736755915731273,0.7450369868919977,-0.37812904,0,False
IKBKAP,True,4.093685078072838,False,0.41946084021503105,0.9613280412785987,0.0075335614,0,False
SNW1,True,6.335584693949535,False,0.8413441476431587,1.2456979409388276,0.6295626,0,False
RPP30,True,4.809245221407677,False,0.7382970198241592,0.4602492682139262,-0.87192565,0,False
CDC40,True,4.496418938153372,False,0.6246892202465375,0.5779696371802232,-0.63513595,0,False
SLAMF6,True,6.484454537790867,False,0.7461506495667783,1.3628227680851621,0.86141276,0,False
SETD3,True,4.627465983996995,False,0.4162437801919815,1.2580101345436971,0.588504,0,False
ELK4,True,4.339220814622406,False,0.5824478630506585,0.6976149479440692,-0.4432544,0,False
EBP,True,6.3137749564524,False,0.6827787721205774,1.423653152013501,0.976717,0,False
TOR1A,True,5.66553519257918,False,0.5861364569329099,1.334576789041317,0.7757912,0,False
GPBP1,True,5.9420900358468725,False,0.8758760319907775,1.00484263584772,0.1993214,0,False
PES1,True,4.001264063141523,False,0.3536117086941748,0.8749681873751296,-0.15239005,0,False
AVL9,True,5.212681481615997,False,0.614011848632468,1.1725687256785664,0.45792863,0,False
MAGEA10,True,4.21427431022114,False,0.5507469066471327,0.301798038275344,-1.3249179,0,False
CC2D1B,True,4.136816444017944,False,0.5406198025173371,0.4350579427460716,-0.92689395,0,False
PHAX,True,5.726909241967672,False,1.0923160302329478,-0.11114158548389698,-1.9079996,0,False
STK10,True,5.720067830882075,False,0.8662314602023008,0.8450610266703176,-0.14011212,0,False
AAAS,True,5.517744235548304,False,0.5446795099266752,1.3470703283591559,0.76842636,0,False
ABCD3,True,4.298191152203923,False,0.3856128457335052,0.9799740132048984,0.03859162,0,False
PARVG,True,6.444522822916386,False,0.8171573862265736,1.3804860631607132,0.898789,0,False
FIG4,True,4.12182053933404,False,0.29535142002036885,1.2450845392042449,0.5629179,0,False
DUS2L,True,4.27810076765376,False,0.2743459737810038,1.4767188471653185,1.0373327,0,False
FAM3C,True,5.553610403521389,False,0.4953605050462634,1.3425089542220783,0.77303237,0,False
DCTN4,True,4.797284600134757,False,0.5060632578765606,1.064774667709487,0.23250046,0,False
EIF2AK2,True,5.431485943407986,False,0.7378709014483608,0.837543908026116,-0.12670903,0,False
AP1S3,True,5.041379996205899,False,0.9590185903663888,-0.2945514995402565,-2.2727692,0,False
PAM,True,5.035028387717106,False,0.5013352406856991,1.2240575029487668,0.5880009,0,False
NUTF2,True,7.053159840369687,False,0.9891474040056035,1.2287903338466952,0.6481247,0,False
CITED2,True,4.3555148235601395,False,0.3946569464907679,1.1895399647827056,0.46067753,0,False
PCED1B,True,5.4549157140706095,False,0.6208283721284751,1.3050195365584005,0.72976816,0,False
LOC100287314,True,4.17183739867909,False,0.726454766896026,-0.12825183129895054,-1.9288071,0,False
LOC100507577,True,4.379420695707264,False,0.40815755614546767,1.1661044270984822,0.42263758,0,False
ATP5A1,True,8.872566411762955,False,1.54623012108392,0.9988327237035091,0.3495342,0,False
ATP5J2,True,7.2919866833458,False,1.1473435627749649,1.1293287864565036,0.39830163,0,False
WDR70,True,4.682290377189125,False,0.42088151495495524,1.2176924642427358,0.53868204,0,False
ZFAND1,True,5.295891909473032,False,0.5245181079215072,1.313558551073807,0.72209775,0,False
RINT1,True,4.1961033319874685,False,0.3242685246027578,1.2457686698692845,0.5424372,0,False
XPO6,True,4.741147784639333,False,0.5181963087663808,1.1883850919743386,0.5085666,0,False
DUSP3,True,4.395746134243648,False,0.39954598512676215,1.0589001857614155,0.16063398,0,False
C7orf50,True,6.386765882604264,False,0.8138336061386571,1.27514822570208,0.6910001,0,False
C9orf72,True,4.824630678474514,False,0.4204866588018418,1.3768764562515412,0.8661674,0,False
ENTPD6,True,5.293763506200038,False,0.5152244174287296,1.1027227520543725,0.33830607,0,False
FAHD2B,True,4.831273961654145,False,0.40286632619863594,1.3193745616402532,0.67642874,0,False
HMHA1,True,7.296625465611341,False,1.159298745782997,1.0690627909072727,0.23953559,0,False
HACL1,True,5.317142405928896,False,0.47823653754035134,1.384418841775724,0.86225224,0,False
RAD23A,True,6.064748261695795,False,0.9275579191541221,0.9189984170742937,0.042745695,0,False
HAUS1,True,5.502701901578233,False,0.5301002810550797,1.3796728493219654,0.84770626,0,False
PPP5C,True,4.884748337687583,False,0.504397143210134,1.1198042248592006,0.35007688,0,False
RNASEH2C,True,4.94538158524696,False,0.5801815627505844,1.095061905057027,0.28657556,0,False
SCAMP4,True,4.2821015339858395,False,0.6957836257293515,-0.09180497937025235,-1.8852477,0,False
GHITM,True,7.528559715393885,False,1.212737489702463,1.1415876080243677,0.34433267,0,False
NDUFB7,True,7.474696776874711,False,1.109161837334149,1.2433213665910217,0.62646437,0,False
SP110,True,6.7970717698756715,False,1.024769877186737,1.2038080715108692,0.58791554,0,False
WDR33,True,5.918639394209116,False,0.8244673988681417,1.093730836550904,0.34926453,0,False
TLR10,True,4.311713438910064,False,0.5357936201490063,0.5801739022542856,-0.6183656,0,False
IAPP,True,4.665437160595817,False,0.8620867281649119,-0.09841548343263269,-1.9296244,0,False
SHQ1,True,4.6261702771426725,False,0.3963610164254857,1.2563127846017728,0.57609993,0,False
API5,True,5.732154974341854,False,0.7029049992979244,1.0885487926172912,0.34151652,0,False
C5orf51,True,4.250520373951048,False,0.439729555092291,0.9870439105792894,0.04446076,0,False
NELFA,True,4.740676660352403,False,0.48091040007445135,1.2162956729803889,0.5348047,0,False
DYNC1LI1,True,4.956158662329147,False,0.486531558241748,1.2093027199988815,0.52290046,0,False
FASTKD5,True,4.471862284432229,False,0.2944166727245715,1.4356507487554073,0.9534479,0,False
CXCL2,True,5.059281628488023,True,0.10732585759406679,1.6097212178038593,1.4089553,1,False
RAB2B,True,5.02957122931366,False,0.7998157153426044,0.2255517396368558,-1.2681867,0,False
ZC3H8,True,4.043510361161314,False,0.3281166361360163,1.254666834684799,0.5769475,0,False
EEF1D,False,9.750820511752012,False,1.8937367020432772,0.5584064034824896,0.089495145,0,False
RAB6A,True,6.19891752226562,False,0.8835164171069183,1.0473975327385745,0.24623905,0,False
PUS3,True,4.241440347067018,False,0.24344039754326688,1.5015267672267854,1.043957,0,False
ZNF317,True,4.352455613993147,False,0.3505691380234299,1.255040460970409,0.5948994,0,False
CHD2,True,5.791901670629502,False,0.8016164290827659,0.9956506968386167,0.196708,0,False
TRAPPC11,True,4.291735814269932,False,0.40649138414302705,1.089116031965812,0.25736517,0,False
TRAK2,True,4.109016402136989,False,0.3982298779833504,1.048373551918512,0.17027198,0,False
DBI,True,7.918289179751054,False,1.2247563565772797,1.229695671221712,0.62057143,0,False
FAHD2A,True,5.057328223693761,False,0.44932717951206314,1.2928718728887545,0.64812785,0,False
BBS4,True,4.8352000970712155,False,0.4310569192284634,1.302768900057377,0.67226326,0,False
TMEM181,True,4.10398920003236,False,0.5709624325160022,0.21495879821775488,-1.3190097,0,False
MINPP1,True,4.137909387209023,False,0.30900861945041525,1.2262124148379097,0.498424,0,False
MPHOSPH6,True,5.193744038136737,False,0.4511195464384138,1.4069255641592204,0.9072742,0,False
CCL3L1,True,4.678474061791475,True,0.13166936783862723,1.8835772393989616,1.8265109,1,False
ITPKB,True,4.640910045601928,False,0.5211704289207244,1.1291130605031068,0.38606977,0,False
ATP6V0C,True,5.27610663177848,False,0.719596642331173,0.5872877086885611,-0.54662323,0,False
PRPF8,True,5.319526072267819,False,0.7512492535194104,0.9211653874128465,0.008434378,0,False
FKBP3,True,6.005435557355791,False,0.7521436607283849,1.2487847779425105,0.63164014,0,False
PLEKHB2,True,5.9805152693806125,False,0.8508595453933374,0.8387379848285619,-0.1500782,0,False
RPL18A,False,11.751871887435167,False,2.219509270481737,0.32147187388264253,0.028717848,0,False
TCERG1,True,5.374061893319293,False,0.7354440766557535,0.9500096157661408,0.07849384,0,False
TMEM251,True,5.032133735472154,False,0.3886731890763313,1.4543034073438998,0.9549379,0,False
TMEM126A,True,5.551199681042164,False,0.5208825752274502,1.3885840077473772,0.86177075,0,False
BCKDHA,True,5.880864394096119,False,0.6692819640983494,1.3332987212259888,0.7823505,0,False
RPL3,False,12.350295392616996,False,2.2958729919663043,0.2102870993003629,0.006459381,0,False
THBS1,True,4.905013436303422,False,0.18393085500527148,1.4424035659136705,0.9396717,0,False
APOO,True,4.682987333632764,False,0.3850968086656855,1.2922539088761673,0.61417586,0,False
SNAPC5,True,4.208475228282682,False,0.37006005181923035,1.2809410120583937,0.65342563,0,False
SWSAP1,True,4.607598877209454,False,0.7236175860946983,0.23543357414562313,-1.2691461,0,False
DAXX,True,6.191029883737898,False,0.7851123341483146,1.2889263194010385,0.72558194,0,False
ELMO1,True,5.434132916036313,False,0.7093241035081286,1.0867937954391873,0.32393107,0,False
MPLKIP,True,5.887431451405208,False,0.6329006395785917,1.3326654705184589,0.77350587,0,False
TAF11,True,5.275906392779108,False,0.5628488005522483,1.1678167456482447,0.41569778,0,False
TARBP2,True,4.820758266096751,False,0.41023824523063135,1.3171363535166118,0.66809,0,False
TRIOBP,True,4.161829686915519,False,0.5914167310225059,0.34979755118163275,-1.1303085,0,False
HIST1H2AC,True,5.604955341198074,False,0.5748290915260945,1.3326768823586685,0.75126946,0,False
CD247,True,7.359984991098657,False,0.8673094460079327,1.5989309810603176,1.3209562,0,False
RBMX2,True,4.535146192441636,False,0.45626609005446117,1.2471243935856693,0.57461566,0,False
TGS1,True,4.054087753242946,False,0.42147879556690276,1.0212680897105408,0.1331345,0,False
SYF2,True,6.214877229864717,False,0.8810435335731743,1.1598835445280118,0.4616958,0,False
MCM4,True,4.637254951499536,False,0.45233236146799105,0.9520785608810101,-0.074706405,0,False
RPL9,False,11.75709191983677,False,2.218125339704689,0.2983525271950339,-0.19570409,0,False
GUSBP11,True,4.163446964504388,False,0.3727770438737771,1.1621124285365856,0.4106492,0,False
PTPN6,True,7.970932414956193,False,1.1388583186478733,1.4680216527546186,1.0812076,0,False
KTI12,True,4.53021978203296,False,0.303831901551038,1.3635171793875696,0.7999555,0,False
GNG11,True,4.861125509481177,False,0.2692191725874459,1.582517316434695,1.2185369,0,False
NABP1,True,5.103818358304356,False,0.600037744766355,1.093041198229185,0.31345484,0,False
ESYT2,True,4.57709107842913,False,0.7391579243047347,0.11897919466545079,-1.4848553,0,False
SLAMF7,True,6.824116316759665,False,0.9176977347471182,1.1086053720484177,0.38524002,0,False
PPP2CA,True,6.7170708275071815,False,0.9223398868786663,1.2115439779609105,0.58931154,0,False
FDCSP,True,5.52450990956902,True,0.04071883900245073,2.353099333701309,2.4321847,1,False
CIRH1A,True,5.293653243542342,False,0.5277026487590663,1.2677928757745904,0.6091739,0,False
POLH,True,4.84269447580684,False,0.9164862351229937,-0.35088671311301006,-2.3931448,0,False
SNAPC2,True,4.454198427219117,False,0.3488737074993462,1.3279477929927725,0.6987563,0,False
DGKA,True,6.984082269382512,False,0.9424818485420201,1.4355793255815494,1.0519876,0,False
NT5C3,True,6.394649416688085,False,0.7745321416780011,1.3081788368787257,0.75213724,0,False
NADK,True,4.196960928359483,False,0.35316130226684583,1.2449559592063566,0.5625709,0,False
SGSH,True,5.082630537295821,False,0.5307527510628789,1.1622930892022585,0.44686806,0,False
GALT,True,5.749556138224809,False,0.6411226343740064,1.3649315097790837,0.82350576,0,False
TYR,True,8.524545062938941,False,0.7607450365945747,1.620959175939344,1.3490164,0,False
ATP6AP2,True,7.532627258604782,False,1.1231584131089098,1.1725709000170421,0.48612764,0,False
TPT1-AS1,True,4.179864942656581,False,0.4397509249706826,0.8504656629976908,-0.17031756,0,False
ABHD10,True,4.195148764845279,False,0.3065711351584235,1.20810288673922,0.48885438,0,False
UBE2A,True,5.95640486010375,False,0.7253215781343744,1.250225764043671,0.6381686,0,False
HERC5,True,4.147614427121634,False,0.32187521662653185,1.329937548416933,0.72225606,0,False
THAP9-AS1,True,4.782380401151427,False,0.4764692571068076,1.1496450489366166,0.3943498,0,False
RBM41,True,4.124348052940887,False,0.5158900188755025,0.44911766717420654,-0.89055735,0,False
RNH1,True,7.528630966011366,False,1.105329189704881,1.2107745502301468,0.5520875,0,False
PPP6R3,True,5.850464718323368,False,0.8563932976222011,0.9202501984685212,0.0039329166,0,False
KBTBD2,True,4.601230268145474,False,0.46094257026824226,1.1556758440349646,0.3989405,0,False
CDC23,True,4.685278176603673,False,0.3959199864567522,1.2627944342640463,0.6097848,0,False
PBXIP1,True,6.318091624003383,False,0.8847077046090434,1.2055609126145201,0.5827234,0,False
CXorf40B,True,5.32498623618194,False,0.5364394919536074,1.3210948855884235,0.7315692,0,False
NCK1,True,5.444247781228292,False,0.5353959270501388,1.3056467627464037,0.7338553,0,False
CDKN1A,True,5.719423014830867,False,0.5533376149736123,1.3193372294145154,0.74822515,0,False
MIS12,True,4.7064260381500045,False,0.3487913189474183,1.3676166736449364,0.8255517,0,False
RNF10,True,5.632812722256167,False,0.7047617040723237,1.0964637421145573,0.34427267,0,False
EVA1A,True,4.015971414221527,False,0.23153382617846335,1.2184234320646925,0.4559366,0,False
TCEAL3,True,4.006882415742172,False,0.3092070402953123,1.3401934030593181,0.6924688,0,False
MAGOH,True,5.983013701435641,False,0.7074119325339618,1.2906578650161649,0.718818,0,False
SNHG12,True,5.472131772862149,False,0.5968326112778973,1.2417283521842162,0.60376877,0,False
TBRG1,True,4.56144910713072,False,0.6723634432901826,0.5626266718797187,-0.67900515,0,False
TAF1C,True,4.231238486860618,False,0.40287822050384703,1.084173209636302,0.26867473,0,False
EBNA1BP2,True,6.185114811368772,False,0.7376595637688615,1.2698693762918052,0.66969615,0,False
CIAPIN1,True,5.621975455081146,False,0.5972917543204285,1.284588332024799,0.6326122,0,False
CSTB,True,8.06007245243597,False,1.2425061204460395,1.185740646599424,0.5143551,0,False
HILPDA,True,5.009530883822686,False,0.540142012825114,0.8169860964856932,-0.2624218,0,False
RPP21,True,6.387853597100685,False,0.7430564097840073,1.4236579451527909,0.95525324,0,False
AKAP8,True,4.33479844829881,False,0.38782094157477787,1.1565793568816085,0.3969234,0,False
CFDP1,True,5.5386182970168525,False,0.63951984353969,1.2156846355300406,0.53273547,0,False
SWI5,True,4.715176053887147,False,0.3787387754800575,1.376304928865964,0.7982065,0,False
CENPK,True,4.103080108169207,False,0.27675071504449084,1.4093059917496582,0.8800391,0,False
FOSB,True,6.119112732985755,False,0.8830787025737453,0.9944230143337447,0.18579155,0,False
LOC643406,True,7.743443298787248,False,1.5485782434159734,-0.07707948096698526,-2.188011,0,False
HARS2,True,5.222209222286946,False,0.46554022783011484,1.3994838771604625,0.8899002,0,False
UPF3B,True,4.434574047429014,False,0.4564003673733156,1.1379630121559061,0.37184626,0,False
RPL23A,False,11.095393284998048,False,2.147127071564687,0.1864137182062522,-0.9524741,0,False
HLA-DOB,True,5.652504697872694,True,0.37795269382181773,1.8430875323236156,1.7733458,2,True
C14orf142,True,4.478854386089547,False,0.3298992127213336,1.3577788878443875,0.7697289,0,False
UBE2V1,True,7.054152542169682,False,1.1714777303669925,0.9434770918752644,-0.11368909,0,False
POLD1,True,4.290110887850985,False,0.3218588381874876,1.2485948168147263,0.579459,0,False
CALD1,True,5.204627365089925,False,0.546338273973882,1.0900180080318553,0.273358,0,False
AIG1,True,4.017792626456588,False,0.2560873205359615,1.316944856139989,0.68042403,0,False
VWA9,True,5.118810652738288,False,0.47544755020850227,1.2936277322099763,0.6867141,0,False
PIGU,True,5.042216736828067,False,0.445395655605,1.2633602866418683,0.61655134,0,False
NSFP1,True,4.785251297460977,False,0.32803306315126474,1.4300581155234324,0.9542142,0,False
CNNM3,True,4.343060597201877,False,0.7647139231014939,-0.20125620102233094,-2.034571,0,False
ST3GAL5,True,4.0905645853793295,False,0.35053432874364443,1.0454704930626515,0.13459587,0,False
MRPL23,True,5.234479506705905,False,0.4342239364813799,1.3437834345627087,0.7703653,0,False
TYW1,True,4.454734193843767,False,0.39797174723708084,1.235693606051055,0.5426373,0,False
PSMA6,True,8.31882932506839,False,1.340813866252673,1.203089632431907,0.67347306,0,False
C16orf70,True,4.172844693316481,False,0.3254672291250049,1.2260046736612518,0.5182176,0,False
DCN,True,6.131944304548042,True,0.10156518255595356,2.1236380957368226,2.1635249,2,True
SUCLG2,True,6.031429056303516,False,0.754498936910164,1.23145022765629,0.6057874,0,False
ABHD14A,True,5.751905291513537,False,0.5161201587179581,1.4941632754227485,1.0525192,0,False
AMPD2,True,4.667425929810436,False,0.42127777855528226,1.2054667032489361,0.5077296,0,False
IFNAR2,True,6.107900584338012,False,0.740097914432263,1.1518131982972863,0.45074174,0,False
CYB5A,True,5.606496505413676,False,0.529958727269344,1.4991773375899138,1.0577779,0,False
NRBF2,True,5.104113319098118,False,0.49154851867891625,1.3048525544924794,0.70728433,0,False
ITGAE,True,5.277442039380621,False,0.5580334464401395,1.2843812224768407,0.68624157,0,False
IFRD2,True,5.625150155224007,False,0.5744936819030351,1.303748963168002,0.7084199,0,False
PYCR2,True,4.775938507868914,False,0.5866360043107985,0.8800846101768736,-0.022746215,0,False
TSFM,True,4.636467004855329,False,0.41604314176895707,1.2569917897127556,0.5687346,0,False
TSPAN17,True,4.085741257861163,False,0.2903180991760904,1.235813056050386,0.55362,0,False
MAP1S,True,4.1610952874058755,False,0.35026196659092623,1.0928033534269628,0.27664673,0,False
NDUFS3,True,7.031852838045273,False,0.9460456581592993,1.330834727058546,0.8189329,0,False
WDR3,True,4.345495642239938,False,0.3932725124251383,1.1180441806885335,0.3206496,0,False
ALG1,True,4.888302115459116,False,0.798047083097258,0.1468258087191606,-1.4181336,0,False
TBC1D23,True,4.405048135968331,False,0.39041466251614926,1.0732025935066893,0.23813061,0,False
MAP2K3,True,6.3273769671803315,False,0.7185794019358991,1.3855788349974238,0.90020734,0,False
ATXN2L,True,4.5535334927459035,False,0.5623576508224655,0.8711921555212054,-0.12160159,0,False
SCAP,True,4.791673002006416,False,0.4901964004575029,1.1142243671102774,0.32466826,0,False
NARS,True,6.28593555935146,False,0.820550830980169,1.1522230004164398,0.4546561,0,False
PRCC,True,4.4482345224365805,False,0.5092321242214914,0.9506586593512044,0.05725827,0,False
SMAP2,True,5.837924391131179,False,0.7099799572489041,1.3491361260452042,0.8351061,0,False
CALCOCO1,True,5.4341297579779875,False,0.6315174236696364,1.1437730181254535,0.43771026,0,False
CWF19L2,True,4.117513785863398,False,0.4296505348118794,1.0126918682397597,0.14784163,0,False
PEBP1,True,8.35641811536018,False,1.4219867871854528,1.0677794580230935,0.40536976,0,False
RMND1,True,4.536776870252678,False,0.4651954594562438,0.9413673795964064,-0.030271418,0,False
COL1A2,True,6.9041917289597015,True,0.290705647585542,1.7021423973630978,1.4135517,1,False
PASK,True,4.343035368190564,False,0.3782905627130052,1.3621043869038854,0.802573,0,False
FLJ43663,True,5.438625676981126,False,0.5925204893363488,1.1975372349027937,0.5372712,0,False
RBM48,True,5.234106326678667,False,0.7271604998868859,0.641209554805793,-0.5111669,0,False
CH25H,True,4.116833551682338,False,0.1085985307707447,1.6516409484418215,1.4016166,0,False
ABLIM1,True,5.0603900025869795,False,0.5905422992481519,1.2205240062861564,0.61573184,0,False
MAST3,True,4.5438219193469305,False,0.5715806796847605,0.901636795408696,-0.06668729,0,False
ZNF22,True,5.5383969798043795,False,0.586824050292331,1.3753116219822141,0.863502,0,False
ISCA2,True,5.891797314780754,False,0.6408244071372585,1.436334649561585,0.9611654,0,False
PNP,True,5.011031866294926,False,0.41196062055263966,1.4765556208346624,1.0471233,0,False
PIGM,True,4.552713597394149,False,0.5433462067715282,0.7834479417243532,-0.28401813,0,False
ACTR2,True,6.732794314892135,False,1.0052305764821283,0.9514150979768377,0.042342566,0,False
HMGB1,True,8.20239745539242,False,1.6082684461613201,0.3878763325117545,-0.9917195,0,False
EIF2D,True,5.497241887207231,False,0.5558386462295419,1.3140173249904517,0.7231983,0,False
RAP1GDS1,True,5.451115921511917,False,0.6961814398097809,1.1026001693209522,0.3614474,0,False
RCN3,True,4.158294182673543,False,0.20402633934884726,1.314355534965705,0.63888764,0,False
DBNL,True,7.260839037628813,False,1.0791843877739051,1.2302040542321035,0.6059235,0,False
C17orf70,True,4.422019736405825,False,0.4115770386980234,1.1432070640804892,0.40162018,0,False
RAE1,True,5.599649469300086,False,0.5947372289616683,1.276940117331221,0.6569827,0,False
TVP23C,True,4.8022811599936,False,0.8575059419763458,-0.24160998234525077,-2.0644708,0,False
TNIK,True,4.345622753096938,False,0.39103012562332173,1.2833992600536681,0.6371552,0,False
QARS,True,6.822725926326524,False,1.0005864193323455,1.1498957084624815,0.49467224,0,False
BID,True,5.082461829023537,False,0.4854915675756706,1.3150910415823738,0.73057014,0,False
CXCL14,True,4.541744256630281,True,0.07000358842675797,1.77836282614598,1.644703,1,False
HSPB8,True,4.362376468833965,False,0.2158534137503261,1.3646379233780404,0.72281086,0,False
MNAT1,True,4.462570150578126,False,0.40219044952060845,1.2312548922150555,0.54286665,0,False
MBNL2,True,4.491248271408184,False,0.4781592824355527,0.9914068324474019,0.1082196,0,False
ADD3,True,5.89856854917854,False,0.7402225723374919,1.1594643584550965,0.47291064,0,False
KIAA1279,True,4.229163584231716,False,0.28720076540509365,1.2691591687457984,0.58898723,0,False
RAB42,True,5.658744498646838,False,1.0751976356057111,-0.00590668247028641,-1.7071856,0,False
NUBP2,True,6.6257484317110675,False,0.8406012561773911,1.3239443321271145,0.80928195,0,False
ID3,True,6.002906054382826,False,0.6028234843221987,1.5606803131027147,1.2009043,0,False
TM9SF1,True,5.122463900125862,False,0.4922316516164701,1.2179906296092364,0.5264119,0,False
FCRL6,True,5.244209436694484,True,0.2804725936552933,1.7117535080711646,1.4830678,1,False
CAPN3,True,7.97381240561094,False,0.7920015298493067,1.5837627714905498,1.2341034,1,False
RECQL,True,5.357889688502648,False,0.5887148943515148,1.1352705008798996,0.40624833,0,False
AP1G1,True,4.276571157989803,False,0.4941810481789345,0.8255526703447615,-0.1827974,0,False
CTNNBL1,True,6.260093563352657,False,0.7552444863401423,1.3062768746260427,0.75150687,0,False
ECHDC1,True,5.420796581074399,False,0.6060876739054947,1.2342349173190836,0.5810664,0,False
SMARCC1,True,4.1312158709369795,False,0.44050482043371497,0.9282293793361782,-0.03923442,0,False
GNAI3,True,5.848995434531872,False,0.8193322432744772,1.0392421529161666,0.23740141,0,False
LOC642236,True,4.176474136576822,False,0.6427010121704348,0.3945603601898805,-1.0151193,0,False
POLG2,True,4.242131154954571,False,0.34182296995490524,1.2411956995485822,0.55141574,0,False
CD4,True,6.956811949871665,False,0.7824424853922334,1.5976047808651799,1.3294021,0,False
TRMT61B,True,4.611157673798581,False,0.3799510339665326,1.3144200831093769,0.6898344,0,False
IRF1,True,6.958034920601186,False,1.300159423263219,0.22741584003174192,-1.9041038,0,False
PTPRE,True,4.307077399597073,False,0.41226625721610005,1.1510408206634435,0.4093677,0,False
PTK2B,True,6.078519899470064,False,0.8294448389678704,1.2487244057628764,0.6430848,0,False
NXNL2,True,4.096979076383536,False,0.6398474310675877,0.19882003424498343,-1.3360918,0,False
SOX4,True,4.68091392766265,False,0.474113338891047,0.9020236510413003,-0.15529121,0,False
TSPAN3,True,6.407374656484415,False,0.8984538139080842,1.076572233461203,0.30068445,0,False
SH2D1A,True,6.562451445891874,False,0.7467421600541415,1.5216137283171691,1.1710664,0,False
USP20,True,4.706666356097626,False,0.4686189841359516,1.2114720735637436,0.533263,0,False
DUSP22,True,4.415046064314009,False,0.380476558256731,1.237572744827802,0.5450901,0,False
L3MBTL2,True,4.946340615981651,False,0.4349133612532349,1.3249657053651756,0.7555214,0,False
MCRS1,True,5.8064480583737,False,0.6248460888892642,1.2961242388717582,0.70257044,0,False
C18orf8,True,5.366009966173175,False,0.5125831997730567,1.3499820302512648,0.77504236,0,False
LAPTM4A,True,7.495575135973313,False,1.1304495216914439,1.1090731030205212,0.3365281,0,False
PHKG2,True,4.5822619073741,False,0.6164676543445083,0.6892529287108099,-0.4871989,0,False
DDX19B,True,5.545836721869712,False,0.5419372420020669,1.3751465272367611,0.8334792,0,False
CRYZL1,True,5.267711767584792,False,0.5304530972796655,1.3110700968624796,0.7313844,0,False
FCGR2B,True,4.870469471182849,False,0.3926567609851376,1.4454033635914394,0.9727021,0,False
CLDN11,True,4.031702148436353,False,0.46189065646062527,0.24504880093074927,-1.3469974,0,False
NFATC1,True,4.815875303163126,False,0.4939941054776148,1.2844039965915806,0.6950483,0,False
SCYL1,True,5.2847176110139245,False,0.5810493878007852,1.111198321625701,0.34129068,0,False
SCOC,True,5.849361546246835,False,0.6486306164518496,1.2905365321178448,0.71054465,0,False
CTDSPL2,True,4.121195987626823,False,0.3738652102242443,1.131239252495044,0.3578552,0,False
PLCG1,True,4.722277160557099,False,0.5130874085951751,1.0385100286734743,0.23113959,0,False
ANKRD10,True,7.027172355364868,False,1.1311779735988305,0.9212518805862452,-0.0758952,0,False
TAGLN2,True,9.00227262091241,False,1.5688907297706267,1.0528240634836,0.49789137,0,False
MDH1,True,7.856466171773575,False,1.2367330498725462,1.147582427704435,0.40053552,0,False
DPH3,True,4.059865117935974,False,0.37292634373789657,1.0735604880312763,0.20719399,0,False
THYN1,True,6.463013507337848,False,0.7502366670914203,1.4537265199052825,1.0371091,0,False
UBE2I,True,6.164375560920189,False,0.9923808124020401,0.8768442384512214,-0.03759271,0,False
GLRX2,True,4.624467746436064,False,0.3583135466792883,1.3424566913812974,0.74211407,0,False
LOC286437,True,7.380467457902404,False,1.4609246970605427,-0.052805153553868375,-2.1495638,0,False
SLC25A5,True,8.771627522760816,False,1.5281390414472071,0.9729700101852818,0.2040894,0,False
MYO1C,True,4.372123105648612,False,0.45064056128386454,0.8859450417040733,-0.13788392,0,False
FAS,True,5.400999051452985,False,0.49469788886885024,1.4443139656055488,0.994488,0,False
KIFAP3,True,5.009875677251315,False,0.48341405055740877,1.1479983821222173,0.3788904,0,False
BTN3A2,True,6.692110143718129,False,1.1028713313336878,0.9071482514052078,0.024722999,0,False
CSTF3,True,5.183543977358576,False,0.4596735567034299,1.298069359229685,0.6872505,0,False
ZNF574,True,4.554249429487713,False,0.3299269230335131,1.3729371929579814,0.8309668,0,False
RPL12,False,11.150785934763903,False,2.1262801217888896,0.38915196609089403,0.46895328,0,False
COMMD2,True,4.7313376077670615,False,0.7269281580660101,0.3560035884682687,-1.0356663,0,False
CEACAM22P,True,4.165784634148056,False,0.7607357979903503,-0.25572057716380636,-2.189509,0,False
SPRYD4,True,4.501529210917569,False,0.6266029561901876,0.4000734022622878,-1.0363004,0,False
CRYAB,True,6.83368773292063,True,0.5366940884368384,1.7296549484108388,1.4735916,1,False
COPA,True,6.369989984340143,False,1.000709164310062,0.7881767311620129,-0.21196347,0,False
SLC40A1,True,4.847657052891589,False,0.27159013240424945,1.6832419542511636,1.4041605,0,False
TRMT112,True,8.531762959481162,False,1.4417753652396772,1.1537742795027643,0.6201721,0,False
COA6,True,5.865520513975179,False,0.6535940764773778,1.3022669824004962,0.7029232,0,False
KIAA1143,True,4.212015590779556,False,0.5948119255092452,0.2838359307737859,-1.2477837,0,False
C6orf203,True,4.459775298171752,False,0.3145399088516181,1.3617700325923492,0.788078,0,False
DCAF12,True,4.609577645858246,False,0.43765040515056286,1.1197012662653867,0.3509098,0,False
ANAPC13,True,6.153014724118967,False,0.6876154139141137,1.401952781786622,0.90486526,0,False
LMF1,True,4.325299076036165,False,0.37050924638237825,1.193190663462297,0.43097776,0,False
ZNF692,True,4.656605440935592,False,0.3982733051955608,1.2335108158155736,0.55724925,0,False
FANCL,True,5.14382863855512,False,0.46827981919161743,1.2118723732033563,0.5110562,0,False
SH3GLB1,True,4.802590285494824,False,0.6867287749943384,0.7260466716888935,-0.36416188,0,False
XRCC6,True,8.510705351956819,False,1.4854285851691584,0.9432383084973894,0.082254104,0,False
SUPT5H,True,5.8255984873591995,False,0.8365674126170619,0.9963859196131943,0.14888598,0,False
NNAT,True,5.916346655273783,False,0.0876235212799564,1.4515946188391968,0.845469,1,False
USP16,True,5.1630997810551635,False,0.6608017454192636,1.0872887981352284,0.31736797,0,False
LARS,True,5.115359111767186,False,0.7011733842384955,0.8166231858788138,-0.19607392,0,False
ALG14,True,4.240891731620775,False,0.28088494026417576,1.3563599581987216,0.73068714,0,False
WDR75,True,4.852634030724144,False,0.44208883881549177,1.2650746342581516,0.6138942,0,False
LY86,True,5.751794473748951,True,0.43609304497738804,1.7677636314924134,1.6277604,1,False
SNRPA,True,4.994392460969118,False,0.5732385431874679,1.068666113260823,0.27370515,0,False
FCRL3,True,6.634655004391567,False,0.69515501324632,1.5763909507973786,1.2697793,0,False
PRDX1,True,8.95366654565659,False,1.5023183750559967,1.1146123697250199,0.5114286,0,False
COX17,True,6.488767140533845,False,0.8353385922520054,1.2980543454593747,0.71346,0,False
TCF12,True,5.052632499639016,False,0.6019565720882663,1.0058192103690924,0.13428485,0,False
ZNF721,True,4.358386277109221,False,0.3936399226174896,0.9878755763591511,0.09368732,0,False
SNRPF,True,6.476567088613939,False,0.9615231463361522,1.118179711253014,0.43047875,0,False
EMG1,True,5.946833499024811,False,0.6515472840670724,1.37106501874528,0.8292248,0,False
AEBP2,True,4.107277607018751,False,0.4085517161400981,1.037716956926971,0.17962836,0,False
TBXA2R,True,4.797841045855605,False,0.8934649306322392,-0.19336717556907887,-2.120244,0,False
TECR,True,7.680252846191265,False,1.1773812035712008,1.208735235117183,0.5446022,0,False
NEAT1,True,6.825893383095555,False,1.1699427635035033,0.6627294967901551,-0.7468058,0,False
NDUFB4,True,7.465423167516882,False,1.1596281379779176,1.1610754222890425,0.45428467,0,False
MYO10,True,4.028710143072572,False,0.4642721130216212,0.5198155095313955,-0.8993347,0,False
TAPBP,False,8.742761906931985,False,1.7183259268358753,0.13818135830846462,-1.666806,0,False
RBM19,True,5.162402528246471,False,0.649730290852142,1.0156034398964155,0.19373192,0,False
RIPK2,True,4.818531878383964,False,0.4349742396153857,1.2808494529353456,0.665756,0,False
LOH12CR1,True,4.527702202720306,False,0.42220159633161314,1.1921176816310064,0.47877437,0,False
CSTF2T,True,4.86672017870835,False,0.42973217766339417,1.3490573201066045,0.79590124,0,False
GRSF1,True,5.222315669897964,False,0.7381014194478841,0.7357648048321386,-0.3442645,0,False
NAA16,True,4.420518126888396,False,0.4549574611451158,0.8321992849684967,-0.18275546,0,False
MAGT1,True,5.395349358635081,False,0.7888068783420493,0.5723387467628194,-0.6216757,0,False
MS4A6A,True,6.22015115326017,True,0.43104072837448726,1.7262936590542386,1.5429788,1,False
FTL,False,12.448289019851178,False,2.1818438697075564,0.46344029008539445,1.0445306,0,False
ARIH2,True,5.7845770926167885,False,0.7770535607172612,1.0981576364964458,0.34853938,0,False
PROSER1,True,4.219338577753177,False,0.3988826170149179,1.112655663564327,0.31499442,0,False
MRPS18A,True,5.776133923452014,False,0.6290178743381177,1.3029723889257523,0.70372343,0,False
STUB1,True,4.3120845647657715,False,0.31892235166741545,1.2251774398652833,0.50662404,0,False
CCNL2,True,6.577136692491716,False,0.9173878831958222,1.094177288581092,0.3735318,0,False
TRPV2,True,5.83976849232334,False,0.6318140942018122,1.2915821038107804,0.66849726,0,False
CDC42SE1,True,6.752679976938098,False,0.9753691124120081,1.1047851629077678,0.38333464,0,False
TSPYL2,True,5.928848651112294,False,0.7126531945425626,1.212996447835134,0.56164014,0,False
EIF2S3,True,7.860109643369464,False,1.488965268001284,0.5984693421455513,-0.7438842,0,False
NAA20,True,6.951194773291201,False,0.9131789008394757,1.3117954394539726,0.7785122,0,False
GSN,True,7.753210606726237,False,0.8853269515475974,1.391023306197173,0.92790693,0,False
SMARCA5,True,4.902862498745358,False,0.6677104965617655,0.8194526390210726,-0.17896271,0,False
DGKZ,True,4.017606430765161,False,0.38987793680696126,1.007201783250073,0.1454224,0,False
EFNA1,True,4.627233065246508,False,0.26582992752847434,1.3514644762510266,0.75736916,0,False
WDR85,True,5.129348301756967,False,0.46046371547126935,1.3504539536475915,0.80842453,0,False
AKR7A2,True,5.7345138671266,False,0.7437624571414732,1.021969468776796,0.20157664,0,False
FKBP10,True,4.632796899529851,False,0.33246934497374386,1.0482285076201312,0.18740365,0,False
LARP1,True,4.524145533454104,False,0.6057590600725498,0.7715389569841828,-0.2875028,0,False
VIM,False,11.06209884904892,False,1.892886002352222,0.837689990080571,1.0358118,0,False
SUMO3,True,6.030320349119642,False,0.8529871450601636,1.0478319866378032,0.253927,0,False
P4HTM,True,4.37999074505165,False,0.26216572741582006,1.634397602595806,1.3216462,0,False
NAA50,True,4.936584010831389,False,0.6151310216053398,0.8860626115247736,-0.0494055,0,False
SMIM7,True,6.02100196215096,False,0.7665586142006318,1.2090014991419018,0.5599513,0,False
LINS,True,4.778167597728513,False,0.4010330205979741,1.3418292374059297,0.78138876,0,False
TMEM209,True,5.286212575630889,False,0.8210984331111619,0.3892784175591617,-1.0029306,0,False
SPR,True,4.505106900783642,False,0.30176508565582194,1.245153129429709,0.52401376,0,False
SAMD9L,True,4.7065813842461734,False,0.5250124497814623,1.1618509533888663,0.4641973,0,False
ABCE1,True,4.928568991832535,False,0.5204755172504458,1.0925189767510113,0.33109105,0,False
LOC148413,True,4.773007434841811,False,0.3542556188153941,1.4681787170654719,0.99973667,0,False
CMC1,True,6.0919657862513406,False,0.6932982709146926,1.3643352772213722,0.8550263,0,False
COX20,True,5.250993527048401,False,0.7182708998964047,0.8725078297856818,-0.10353746,0,False
HSPA6,True,5.973736493877949,True,0.29191389224381686,1.578188845752327,1.2880691,1,False
CACUL1,True,4.944948473719577,False,0.7660928811661134,0.46403114747333407,-0.8111203,0,False
ZDHHC12,True,5.8962111984492624,False,0.5815696715001819,1.4544545707530196,1.0006735,0,False
TRIM26,True,5.056220692455516,False,0.5209491559494133,1.2774422784076154,0.65114725,0,False
RUVBL1,True,5.775795951022143,False,0.5736528603699013,1.3706366320709367,0.81340975,0,False
UBA3,True,6.336016517731059,False,0.8103069812003884,1.226493106554922,0.5995615,0,False
IFNGR2,True,6.1172232011546726,False,0.7230143135466659,1.1991563354544823,0.52630675,0,False
DDAH2,True,5.204353455003264,False,0.5184725935458292,1.2451169881466373,0.59140724,0,False
STX7,True,5.487116887288469,False,0.7079668365291998,1.0511307658592168,0.24661468,0,False
ATXN3,True,4.131500815757304,False,0.6910755360099782,-0.170004659518432,-2.0674834,0,False
TRIM27,True,5.966197858193587,False,0.7448892356256891,1.208898591334067,0.5641123,0,False
H19,True,5.001684043379288,True,0.24419947785511584,1.751600336711411,1.4727365,1,False
ZNF259,True,4.992201572133429,False,0.4139229137991085,1.3352250407289672,0.7631402,0,False
CHCHD1,True,5.313054692216803,False,0.5253018993514418,1.4017415455947768,0.8802404,0,False
GBP2,True,7.645699964049118,False,1.0942487650361397,1.3538050195835396,0.853984,0,False
C1orf52,True,4.272086065299922,False,0.47430066119025777,1.0245943379955949,0.15329815,0,False
LRPPRC,True,4.8521544291043215,False,0.6021980284489743,0.8598493817103836,-0.0772561,0,False
NDUFAF7,True,4.616233587929795,False,0.6508149575805747,0.4271127978901933,-0.924062,0,False
LOC440434,True,4.107384319057697,False,0.4712914302697132,0.7796672154353987,-0.30278966,0,False
RRS1,True,4.585154077634454,False,0.39406075893269465,1.2128759363292239,0.49890596,0,False
SNX2,True,6.948234816182405,False,0.9549102290680522,1.3155662389871168,0.8196681,0,False
RBX1,True,7.176714975721888,False,1.1273896236020242,1.1001044925165662,0.31870368,0,False
ANKRD54,True,4.984896151200119,False,0.4283017427358548,1.252781805299969,0.5618427,0,False
TSNAX,True,6.228742199862622,False,0.979287346549563,0.6741822641989871,-0.42961594,0,False
ATM,True,4.45079794765785,False,0.6304465679734768,0.5155981373819221,-0.7073732,0,False
PRRC2C,True,5.9291025192335765,False,1.121566860067822,0.34131816224007255,-1.2749604,0,False
ZNF818P,True,4.1111225260642055,False,0.7110733138203409,-0.30595462498389614,-2.287284,0,False
LINC00667,True,4.1179099302972935,False,0.43173698338283095,0.9616892202276881,-0.00013320892,0,False
BLOC1S3,True,4.61732736121793,False,0.5386041090520288,0.8830681459286529,-0.17510234,0,False
PARP2,True,4.256451924269554,False,0.2822404037291777,1.341737503420788,0.7372075,0,False
NDFIP2,True,4.494661992380226,False,0.4126577716942207,1.1510569009825948,0.3827475,0,False
CD9,True,6.558566128803223,False,0.5797889967225215,1.4172405169789624,0.9347649,0,False
SRGN,True,9.884551840843773,False,1.6320804091379055,1.3058914803779533,1.2419758,0,False
CASP7,True,4.9895661974491246,False,0.3793873318504267,1.4431181482421669,0.9704364,0,False
CDC20,True,4.9947148183263375,False,0.24460940861663838,1.5831545103051798,1.19984,0,False
ACSL5,True,5.50813572669357,False,0.5513923025747136,1.4264173320452596,0.9620821,0,False
LYPLA2,True,6.656052301307086,False,0.8759578390966327,1.2639812882555153,0.68402964,0,False
SLC35B3,True,4.349879579117837,False,0.31074242153057663,1.3548432340981544,0.7619959,0,False
GART,True,5.5812501763276625,False,0.674745734729223,1.0727689909111535,0.26451358,0,False
TRIAP1,True,5.382818705582255,False,0.4748027104850927,1.4393426678751413,0.95836735,0,False
SCARB1,True,4.485861423963301,False,0.39549358512942284,1.0444607566007602,0.12370071,0,False
SUN2,True,5.4124432962304105,False,0.701585731935802,1.1188530481330003,0.4040238,0,False
QPCT,True,7.002944581702998,False,0.6301157559536896,1.570771102359393,1.2076545,1,False
UTP23,True,4.873496223469382,False,0.8502689230646518,0.12543267995447396,-1.5224041,0,False
LOC100131257,True,6.284173359613868,False,1.274611843108124,-0.254517209421505,-3.084565,0,False
PLOD3,True,6.065936520043733,False,0.6644624232541847,1.1362253681354535,0.4086261,0,False
DRG1,True,6.654525832513433,False,0.8392281958211476,1.2954663519254754,0.7227092,0,False
SPCS1,True,8.058962064853196,False,1.3452381666053248,1.0719638590569271,0.40015534,0,False
KDELR3,True,4.767616909556486,False,0.3129871160688198,1.3637182485473769,0.7260946,0,False
SRP19,True,5.820880393302644,False,0.7636562421642705,1.1369041804856335,0.42324036,0,False
MFSD1,True,6.196942535523988,False,0.7150042710346558,1.3107853705180132,0.7463625,0,False
RNF138,True,4.87906266368896,False,0.4983620707931252,1.225040941161582,0.5608117,0,False
AIF1,True,6.645449803559144,True,0.4745689827564711,1.8221713176196745,1.7327846,2,True
DYNLRB1,True,7.730696959477725,False,1.1926039373894644,1.1914661028827966,0.5281784,0,False
LASP1,True,6.404000130583297,False,0.9689615927083286,1.0262258959173116,0.22795787,0,False
PLAA,True,4.0894302118836965,False,0.3442900279746681,1.1940603682807125,0.46372846,0,False
SIGMAR1,True,6.280570764226244,False,0.7103645189440193,1.2695554849203623,0.6799009,0,False
MCL1,True,6.807240662941545,False,1.0418791303205763,1.0142937782664558,0.22829817,0,False
PRNP,True,6.612187015941598,False,0.8571304524146353,1.2242203872771653,0.61890423,0,False
CTGF,True,5.371174783462549,False,0.23323145991126293,1.3770971019985279,0.80691844,0,False
PTBP1,True,6.3122492206553265,False,0.9752984129218578,0.9004809033742578,0.004990491,0,False
PTPN7,True,6.8090538997963135,False,0.8629784188227758,1.4378413075812055,1.0061572,0,False
LPAR2,True,4.9140085083880685,False,0.32680000218603433,1.61292346467149,1.318017,0,False
ZNF335,True,4.003287869332195,False,0.38213845431131654,1.0537474932954074,0.20841818,0,False
CPT2,True,4.282290183007324,False,0.5841121058657197,0.2833523933640728,-1.2509136,0,False
PSME1,False,9.705420433368875,False,1.8186646863405407,0.72697321669055,0.113796905,0,False
NAA35,True,4.052029432759954,False,0.28739119065930485,1.2167774979859773,0.51159936,0,False
TMEM154,True,5.237902750213185,False,0.4506872161628178,1.5484278608439928,1.19185,0,False
LOC100130451,True,4.958948942926674,False,0.906090512392907,0.04441065880332756,-1.6283449,0,False
SF1,True,5.2199995894832,False,0.7795153340384491,0.7609820277382362,-0.2864576,0,False
NUP210,True,5.0830628547722565,False,0.6321725111844313,1.1341421291865377,0.41104335,0,False
RAB11B,True,5.117861820455376,False,0.6222861580666603,0.9719166300070168,0.14334923,0,False
ITGB3BP,True,4.799349740672371,False,0.4102921517392605,1.3703488378989224,0.78118473,0,False
UBASH3A,True,5.465460852754853,False,0.5061460313870134,1.5255355108044353,1.1407574,0,False
HDHD1,True,4.377771203536801,False,0.30405115966783314,1.3664015227121156,0.7962207,0,False
YWHAB,True,8.01958125741434,False,1.5287489273200277,0.5959625110356351,-0.74147654,0,False
ACAP1,True,6.790242901588079,False,0.9773652657601541,1.3116530694467332,0.8123497,0,False
CNEP1R1,True,4.823343109268857,False,0.5528308226336727,0.7365678130463031,-0.3351082,0,False
CXCR5,True,5.325511854521512,True,0.4022937350248661,1.7202189122483134,1.5211574,1,False
CLK1,True,8.028923733070986,False,1.3080203373985322,1.0737340325407012,0.35288063,0,False
TNFAIP1,True,4.0859324624600415,False,0.32487746915587856,1.1808681197447382,0.42588216,0,False
HSD3B7,True,4.265708011618244,False,0.44969553150705244,0.5381510138755996,-0.822649,0,False
PSMA2,True,7.839109824608481,False,1.3106176933112947,1.031355648233811,0.21478228,0,False
EML2,True,4.540334588032995,False,0.3252447202192281,1.3630584193841937,0.79055625,0,False
RTN4,True,5.096670917085317,False,0.5334718623243705,1.158666286021389,0.41691184,0,False
PPT2,True,4.846486755467496,False,0.38554512107404443,1.1381006686578599,0.35036942,0,False
FASLG,True,5.886794532933116,True,0.4239499510459933,1.7320464376888445,1.5531533,1,False
CLUHP3,True,4.7583878274676366,False,0.348683175995273,1.523336388520006,1.1363091,0,False
RPL26,False,11.24807971316323,False,2.148573281474733,0.34238344644062974,0.1637694,0,False
GNL3L,True,4.560348376276078,False,0.7844604314293258,-0.046916316773369854,-1.7766595,0,False
CD163,True,4.277457518572034,False,0.204574589699415,1.6056232213308097,1.2746215,0,False
CD37,True,8.6520135966865,False,1.3988654972845926,1.3448854394541583,1.123807,0,False
GIMAP2,True,6.736094160836892,True,0.7021037602115914,1.658364757338353,1.4325975,1,False
RGS5,True,4.522980937268997,False,0.21193848065268628,1.545980179963022,1.1117523,0,False
CHCHD3,True,6.254061904398101,False,0.7698996376436491,1.2434299662811306,0.61731905,0,False
GPR65,True,4.97799036322332,False,0.6199819717019929,0.989549078683484,0.12676346,0,False
DFFA,True,6.531711070089722,False,1.286014939015868,-0.21133331885040857,-3.0069036,0,False
OSTC,True,7.48307793931816,False,1.1111771460424977,1.2412173412653644,0.63085884,0,False
WDR11,True,4.379273468705892,False,0.39123205666942845,1.1755680158200423,0.4544935,0,False
EZH1,True,4.564338111322154,False,0.43744902709734745,1.158839242692351,0.41977763,0,False
MRPL32,True,6.220965828611665,False,0.6987272288727038,1.3699932000616357,0.87150013,0,False
FDX1L,True,4.401490429349697,False,0.30637897777937995,1.3476475282361047,0.7593785,0,False
ELK2AP,True,9.7605892307502,True,0.41946263215033375,2.0590555562712916,2.1681693,2,True
CD59,True,6.2995139046830895,False,0.8114150297755323,1.0535745869952409,0.2566196,0,False
CDK9,True,4.041644292144109,False,0.281288893394351,1.3215965448452294,0.7138067,0,False
ERP29,True,7.7260767488749,False,1.2625240999689593,1.1239896765239936,0.32861084,0,False
DDIT4,True,9.080505840790945,False,1.487418070797257,1.1893944989455938,0.7432558,0,False
PTGDS,True,5.674826161698071,False,0.18554917780683794,1.6147104656536757,1.2768421,0,False
BST2,True,8.170879726329513,False,1.2866471660350673,1.2135249370693868,0.7088071,0,False
CYP1A2,True,4.026821000754285,False,0.7172659068842708,-0.427542202589763,-2.5218198,0,False
SERINC5,True,5.542875721111496,False,0.7379376893814102,1.0324303246198596,0.22945987,0,False
MRPL3,True,6.543916328588073,False,0.831177114061932,1.3131821998859885,0.7597265,0,False
POMP,True,6.878081289495552,False,1.1436855169052569,0.9298137469688144,-0.044270612,0,False
INPP4B,True,6.199726270991776,False,0.8654807100893694,1.1745012807438844,0.48713967,0,False
GMPPB,True,4.776431228286344,False,0.32738291100487626,1.3686056805634979,0.82845074,0,False
AHSA1,True,6.920094814847419,False,0.9366262861146448,1.2668404339171881,0.6929781,0,False
EAPP,True,6.195680889833614,False,0.6705828976935687,1.4154101073182577,0.9172348,0,False
NME2,True,9.088986642855277,False,1.5163841477975317,1.1741189106922243,0.7171286,0,False
GPR183,True,7.833386423753925,True,0.8877468374275572,1.7710391012030278,1.6640997,2,True
SLC5A6,True,4.550814914052298,False,0.3858587208642825,1.1339489140651868,0.3628753,0,False
HIVEP2,True,4.205247309798477,False,0.45456934434676494,1.1124181703965106,0.3290397,0,False
SUMO2,False,9.048636120230663,False,1.6771438794417217,0.7230526008912628,-0.17919028,0,False
TXK,True,4.914278552068771,False,0.3696715077677374,1.5978192101867439,1.2886347,0,False
FPGS,True,5.488602665229526,False,0.6175411957327239,1.2308719243150734,0.5884914,0,False
SNRPA1,True,6.806287457840409,False,0.9689244216388613,1.2010923911935327,0.5948014,0,False
ORC2,True,4.152754740507221,False,0.3365358744511008,1.1584269941074892,0.3953765,0,False
LOC654433,True,4.867271327131891,False,0.5433602995712872,0.7637646488370448,-0.290005,0,False
HIST1H2BG,True,4.72720166523271,False,0.2073536317925122,1.6791233626918745,1.4312139,0,False
UBL3,True,5.0531217389317655,False,0.5414934621653245,1.1264074349838429,0.3609766,0,False
PIK3CG,True,4.296492251880004,False,0.36674981116398164,1.2472728178717407,0.6019682,0,False
HNRNPF,True,8.094178758164825,False,1.3788662203510624,0.9962359772833828,0.1774462,0,False
BRAT1,True,5.28623315803549,False,0.5223160728597595,1.245128994064504,0.6125161,0,False
GTPBP4,True,5.716819714259441,False,0.6269806073907069,1.2862360980896013,0.6680664,0,False
TUBGCP2,True,4.839767405487028,False,0.5438784096673599,1.0985244163334493,0.2821623,0,False
S1PR1,True,5.209311609922326,False,0.497143818586705,1.588852908756616,1.2624068,0,False
CD79A,True,7.250729968486894,True,0.6765358156452614,1.889213417677064,1.8661597,2,True
TNPO3,True,4.658761271458134,False,0.44354572896641825,1.1172462632875213,0.3118269,0,False
C16orf91,True,4.936842585448004,False,0.38657259963946267,1.4340558161419896,0.94665,0,False
DCUN1D1,True,5.180030557518111,False,0.5950593571604547,1.1028669551520847,0.3161114,0,False
TSR2,True,6.337028339928144,False,0.7675699179109363,1.3409748782646185,0.8053077,0,False
KDM4C,True,5.076655608512012,False,0.5439989012194582,1.2220132742013528,0.5638509,0,False
CYB5R1,True,6.010965890025215,False,0.6561462368519443,1.3293760905005798,0.73042154,0,False
TPGS2,True,5.580715725189545,False,0.6492043256970207,1.2159937626894557,0.52828723,0,False
ERBB3,True,5.3859295700649605,False,0.5489743896398352,0.8884373491796876,-0.03925307,0,False
ATP6V1H,True,5.921876888857293,False,0.6932908124012698,1.2175740893621156,0.5356385,0,False
SYK,True,4.695160577497239,False,0.4792981378657168,1.11082956669898,0.37948865,0,False
MUL1,True,5.137126360796743,False,0.44693246051179425,1.313853416473703,0.70185804,0,False
TDG,True,4.501167495472601,False,0.45250566058292063,1.132640410170196,0.38254198,0,False
MRPS5,True,5.958554434779935,False,0.7438573886248477,1.217931205045533,0.5756287,0,False
AGPAT2,True,5.414433347782804,False,0.463046546589327,1.333796496809255,0.7315358,0,False
CYP27A1,True,5.665977519608209,False,0.5084977390168256,1.2060525824492694,0.51148635,0,False
THAP7,True,5.293547682443366,False,0.5258831423499892,1.358723601925293,0.8212139,0,False
XPO1,True,4.542523623125815,False,0.5269882704160098,0.9290359163985982,0.015211513,0,False
DCTPP1,True,6.118012765486994,False,0.6822959380240999,1.3864537242357111,0.8697416,0,False
NEMF,True,5.524234803642913,False,0.7389177801212383,1.102288448142121,0.35618508,0,False
RPS12,False,12.005997806240247,False,2.2360726081287985,0.35811807408233054,0.10121527,0,False
CLU,True,5.458619138078617,False,0.30093010866739445,1.4692249188544295,0.97268724,0,False
PABPC4,True,4.549218560111643,False,0.45833825659833866,1.1235234337582827,0.33773595,0,False
CXCL12,True,4.544084536901498,False,0.1562646382648072,1.5614329894566181,1.1889307,0,False
ENDOD1,True,4.638538004738395,False,0.4173948411454974,1.1255429086377913,0.3275066,0,False
IDI1,True,6.475000148498896,False,0.8181971652400329,1.31649944592434,0.76040024,0,False
COMMD10,True,5.601666537863027,False,0.5804482730412928,1.3246960274841226,0.7479993,0,False
KLHL12,True,4.869566545487519,False,0.427898642418422,1.2051328316639427,0.51545906,0,False
ARAP2,True,4.404849662391966,False,0.4289230655425361,1.0936644209691684,0.3177415,0,False
KLRC3,True,5.34334916591866,False,0.32509979530971067,1.62169137314913,1.3310285,0,False
SF3B1,True,7.63316920355572,False,1.3099417589762878,0.780757944016458,-0.3417324,0,False
MAGEA6,True,5.069758306640315,False,0.41120595367982615,1.2482686714726041,0.52732664,0,False
IPO7,True,4.1723762690757304,False,0.43608177424805655,0.8921158228326951,-0.08305985,0,False
ALDH1A1,True,5.488026674998192,False,0.48580527781483873,1.325905696528177,0.6600044,0,False
TUBG1,True,5.523612240639125,False,0.5454707207668663,1.24285186096232,0.54143053,0,False
TM2D2,True,4.395546567558165,False,0.4573527596770779,0.9074424818878817,-0.09465173,0,False
FAM32A,True,7.094464338780651,False,0.9412259230047506,1.3695336345679954,0.8972839,0,False
PRSS23,True,5.143997930988868,False,0.3752420302751852,1.2755012105053938,0.58516365,0,False
SPATA20,True,5.527248770043815,False,0.5620177016693995,1.2062834950585466,0.52888983,0,False
PSMB5,True,7.467917607067101,False,0.9823941422868238,1.364881750667832,0.87980276,0,False
MTRNR2L3,False,8.538703020813216,False,1.7780434008804455,-0.14827380812041008,-2.3462427,0,False
TNFRSF10B,True,4.783018912520365,False,0.5197643816708863,0.811360056884493,-0.18847445,0,False
RABEP1,True,4.699122612503273,False,0.5450635682551206,0.9890582883248886,0.13523541,0,False
CTDSP1,True,4.710658845964119,False,0.5194887065579169,1.1310992502197315,0.3917423,0,False
LRWD1,True,4.475277807930299,False,0.32881895840063113,1.3510069410047594,0.77246094,0,False
RPS19,False,10.964628946302497,False,2.1251159295201307,0.3346712074208079,0.14099848,0,False
SMIM14,True,6.45973115645193,False,1.0874147964163754,0.5437131377063825,-0.9038833,0,False
C1QB,True,8.17647598271903,True,0.44461289420499767,2.0088000122673972,2.0750012,2,True
OTUD5,True,4.598092803213353,False,0.4572482369677192,1.1801654219943722,0.4561849,0,False
FBL,True,7.1466211129299415,False,1.0697976723689506,1.2509615117637878,0.6492693,0,False
CAMK1D,True,4.715504492536294,False,0.7897568374402326,0.04875240156394876,-1.5467724,0,False
LOXL3,True,4.909984568837353,False,0.2917755265606732,1.1767621321137418,0.430045,0,False
RTP4,True,5.303553707558105,False,0.3867438130954134,1.5651585150899037,1.1858616,0,False
GDI2,True,7.892564841351056,False,1.3472854118191895,0.9854666259567544,0.18913071,0,False
MLF2,True,7.438368991931662,False,1.1791058122416054,1.1245844352627632,0.3347171,0,False
AFMID,True,5.190782489223722,False,0.9522002769303307,4.416149907364442e-05,-1.7331795,0,False
ACSF3,True,4.57503343443826,False,0.40637354706131146,1.3158002619478784,0.7149574,0,False
BPHL,True,4.320459855091723,False,0.38888280878019826,0.9922681839658374,0.012207033,0,False
S100A10,True,8.392898504786329,False,1.3177315550859006,1.2134396198868425,0.6452815,0,False
COX5B,True,8.93669620047109,False,1.5276622396895954,1.0890588628245896,0.49930426,0,False
THOC6,True,5.006498177900925,False,0.4565709936135778,1.3153885604565683,0.74392647,0,False
SUPT20H,True,4.980195607634903,False,0.5212938018246058,1.1577793240961327,0.4625109,0,False
CD3G,True,7.44289552407648,False,1.1769461675762503,1.0885736754427495,0.28602332,0,False
MRS2,True,4.096034323356664,False,0.34679128016216065,1.160435163382198,0.37616414,0,False
SIRT3,True,4.019598295782787,False,0.4073000171463869,0.8304907712380638,-0.22199292,0,False
DPP8,True,4.857271191698013,False,0.4980567869159192,1.169791534838983,0.47303346,0,False
IL7R,True,7.226054033507228,True,0.8042283643573781,1.6974789670662496,1.5051339,1,False
DMAP1,True,5.424826923574622,False,0.5349521076172831,1.343722648685294,0.76883876,0,False
DDX51,True,4.470861248647837,False,0.8253871087838858,-0.32830764910504273,-2.2769146,0,False
LOC100505648,True,4.808847043369247,False,0.4468590369528809,1.1070712422626279,0.33235458,0,False
ZNF587,True,4.326266016397522,False,0.6910473272286138,-0.054575175460726884,-1.839908,0,False
PPP2R5D,True,5.338094007071715,False,0.6037628773534545,1.1865456626118394,0.4813559,0,False
C11orf24,True,6.0861795305631725,False,0.6383656635027628,1.2539207028413206,0.5833089,0,False
TIMM44,True,4.968383250950787,False,0.48211096478594173,1.2030070328292282,0.51202595,0,False
FBXO4,True,4.328377873548683,False,0.26496916241685026,1.4672566119572314,0.98690414,0,False
MBIP,True,4.4981338522104855,False,0.3432405873070674,1.3886971866453768,0.83398306,0,False
COPB1,True,6.54798256025616,False,0.9270738125057907,1.0889092403112621,0.35896865,0,False
PRELID1,True,7.958940792356309,False,1.2826670245595828,1.1750739542836903,0.46904916,0,False
C19orf24,True,6.29002084844242,False,0.8062634242884641,1.2963145723066691,0.7273842,0,False
HLA-DMA,True,8.117507980237521,False,1.0980273611324975,1.578515171754972,1.3234824,0,False
FAM74A1,True,4.146901657245051,False,0.7006084064068103,-0.01068808575045846,-1.7089849,0,False
CLEC16A,True,4.575068394187292,False,0.44183311762034383,1.150930573368846,0.39548916,0,False
PAICS,True,6.104251291236633,False,0.8551478021997921,0.7540272777035819,-0.32485712,0,False
NIT2,True,5.669262425031456,False,0.6260629524008681,1.2540811295598169,0.60425895,0,False
WSB2,True,4.490634618452522,False,0.4975962660457408,0.8731710323586812,-0.12147745,0,False
CACYBP,True,6.565513121170145,False,1.0378628841814217,0.980306834302686,0.06942887,0,False
JAK1,True,6.53204613720043,False,0.9898516732484984,0.9742055051554674,0.1396861,0,False
CDV3,True,5.603841079044377,False,0.7206023416456803,1.0931522122496176,0.3605108,0,False
GALNT11,True,4.965937457211523,False,0.4520885246557101,1.2634832321836171,0.58189815,0,False
FLOT1,True,6.865579988850087,False,0.9418353936603814,1.217782033810407,0.5921652,0,False
TOR1AIP2,True,5.753660918784623,False,1.139321751880701,-0.37986002324648194,-2.821072,0,False
LYRM4,True,6.056469461818233,False,0.9999427812219083,0.5423549949024272,-0.6828761,0,False
GPANK1,True,4.332238012328976,False,0.5446679060820213,0.7082211035312036,-0.4373362,0,False
DAP,True,5.982868173056988,False,0.7078623697046462,1.3230976302574204,0.73649454,0,False
DDX58,True,4.446608679216154,False,0.461511252662792,1.0947922829444217,0.28817979,0,False
AKT1,True,4.359962146461929,False,0.38019568349302774,1.2451238571170165,0.55062693,0,False
RNF125,True,4.8631345733118945,False,0.8681107011022042,-0.050968343021245914,-1.71951,0,False
SEPT1,True,7.016606007881089,False,0.9768488486096274,1.35102804863689,0.86292833,0,False
GNPAT,True,5.48828434912875,False,0.635009548940012,1.2024082434075072,0.5064528,0,False
WDR18,True,5.568928916989235,False,0.5347532860788221,1.3430866608320056,0.75491375,0,False
HSD17B12,True,4.991996269841285,False,0.5247618945846266,1.1151842163335581,0.34343442,0,False
SUDS3,True,4.055161350954919,False,0.3957341048359576,1.0102748604051484,0.10646934,0,False
POLR2C,True,5.540885802724831,False,0.5513922164403819,1.360691410558966,0.7904698,0,False
ANKRD27,True,4.229660274773572,False,0.33998508080964246,1.2197401730507211,0.5131583,0,False
EIF3K,True,8.760426660889426,False,1.5260721748818094,1.076998619923936,0.45526844,0,False
MALAT1,False,11.236104965294158,False,2.102201942255137,0.3915774581003059,0.22660513,1,False
HPS5,True,4.488919435636754,False,0.4149383392057574,0.9656859554576226,0.007794383,0,False
SLFN5,True,6.3511672122923795,False,0.8092191209131516,1.301653506943218,0.7453057,0,False
POP5,True,6.390308576628391,False,0.6749006147567078,1.5129903956310369,1.1270167,0,False
MARS,True,6.259980041987831,False,0.8027817358116467,1.1846166316076583,0.5106139,0,False
SREK1,True,4.520231154780957,False,0.5675180542198865,0.799342248570118,-0.24957077,0,False
PPIE,True,6.0303951536954035,False,0.845785413047975,1.057178184058031,0.26341358,0,False
FCRLA,True,6.108434504696159,True,0.47431325093569715,1.7641039686319937,1.5858371,1,False
ARRDC1,True,5.889450069112743,False,0.638408654120393,1.4120119668475417,0.9277435,0,False
PGLS,True,6.49750803234229,False,0.8148748603099871,1.3165561888293622,0.7668826,0,False
LCN2,True,4.260103728227233,False,0.06554938681581039,1.6472847564245432,1.3377498,0,False
ZNF490,True,5.2496347725883465,False,1.0176606930167535,-0.27960001476264185,-2.2277322,0,False
CBX5,True,5.394262460927174,False,0.929217746368189,0.33413685003364946,-1.1370462,0,False
BOLA1,True,5.088201687014732,False,0.3824875336962822,1.4942153158024736,1.0347317,0,False
SFT2D1,True,7.162159554096069,False,0.9663396386494418,1.3194001123223662,0.82441753,0,False
DERL1,True,6.075867663473945,False,0.8244185751760236,1.1253914759814867,0.40364715,0,False
MOAP1,True,5.8421355011773155,False,0.6577487948692211,1.136562657503227,0.4102766,0,False
SEPHS2,True,5.595051690020943,False,0.5451933615609653,1.3029989729415483,0.71130574,0,False
KHDRBS1,True,5.306140392916868,False,0.6860596585107408,1.0285519007062265,0.20906423,0,False
PPP1R18,True,4.405097892254798,False,0.517295830793731,0.9981524146865247,0.08854644,0,False
PSEN1,True,4.506140749984023,False,0.48026485895739274,1.061364263763207,0.21768443,0,False
PLA2G4B,True,4.179202182190166,False,0.30395456318488623,1.4207117192844012,0.90006655,0,False
CDKN2A,True,4.572541107682166,False,0.3544245118542202,1.3810335955166915,0.86981213,0,False
PDIA4,True,6.581870538977506,False,0.8891206120935808,1.0897189092842665,0.33049068,0,False
ATP5E,False,9.260542092337841,False,1.7268838064113483,0.8191083291708563,0.08752434,0,False
CASP2,True,6.055302454236454,False,0.9808765752459474,0.7393811300277828,-0.30297688,0,False
SERBP1,True,6.054798006124329,False,1.0563921248740673,0.6394809608441334,-0.6817724,0,False
YTHDC1,True,4.3802928473954355,False,0.6157226853312079,0.7679532032124583,-0.30323088,0,False
JUN,True,7.873098896270657,False,1.048935990063648,1.1105248185037375,0.43984395,0,False
AGMAT,True,4.585359680794916,False,0.8273241422661111,-0.22591458346729082,-2.0853834,0,False
STK38,True,5.262973330116291,False,0.5445787494432517,1.261929441952173,0.65743214,0,False
RBP1,True,4.153505356803391,False,0.3905680708610929,0.4955882847926193,-0.87662935,0,False
C4orf26,True,4.220402880402268,False,0.7265604390919105,-0.07601062160140304,-1.8236289,0,False
TMEM101,True,5.790285788225127,False,0.5908967247783476,1.355546705041791,0.7915595,0,False
TREX1,True,5.489388739686421,False,0.5185177258674624,1.4419233997461975,0.9673701,0,False
CEP57,True,5.303684872865189,False,0.6183385700143056,1.1570175959002247,0.45797378,0,False
POLR3D,True,4.2620339653301995,False,0.2978316536636937,1.3112701959980337,0.64944655,0,False
TMF1,True,4.7769537354764084,False,0.5896012050035351,0.9025865178171777,-0.016278481,0,False
SCML4,True,4.760985237838236,False,0.6490353879721469,0.8191951359002914,-0.18937188,0,False
MROH1,True,4.126809197305074,False,0.33810693432883565,1.1760137441590093,0.43510628,0,False
GSTT1,True,4.7266640823687585,False,0.31644598212310804,1.4972998035068648,1.0363679,0,False
SMARCE1,True,6.597419245201239,False,0.9488861581591335,1.1585660381356728,0.47898427,0,False
VRK1,True,5.086807281565538,False,0.4296909645349346,1.4416224131588882,0.9675453,0,False
AARS,True,5.38938861645941,False,0.5693060496648041,1.177981283869348,0.46639225,0,False
ARHGAP27,True,5.060562454817159,False,0.49077060585661564,1.418024207979556,0.94346446,0,False
TRAP1,True,6.10320556140672,False,0.73914942218357,1.2372600876077038,0.61031085,0,False
MRPL53,True,6.234402142192045,False,0.7964239960167458,1.2757399705047971,0.67098266,0,False
RNF44,True,4.051888886679742,False,0.4623931164749647,0.9947753650131009,0.11914924,0,False
BHLHE40-AS1,True,4.004753455664149,False,0.15250358736164538,1.6667695675306198,1.3552239,0,False
APP,True,5.60759080579614,False,0.48917700149845295,1.2792023458002566,0.67530894,0,False
CMTM7,True,6.271490761713576,False,0.7098719910004998,1.3712942525587952,0.8867803,0,False
PNKD,True,6.420629679087696,False,0.8255895734416927,1.2208412526467307,0.58386284,0,False
UBC,False,10.994460723064458,False,2.0401277016716883,0.3660564460619692,0.10574933,0,False
DPCD,True,4.153652815862857,False,0.24813484175524947,1.4245462162201719,0.87636805,0,False
RANGAP1,True,5.1542055121735455,False,0.5373756028376175,1.2428672213130878,0.5733127,0,False
PDE12,True,4.458608042559788,False,0.5699855501222947,0.5003007135190358,-0.7872857,0,False
TNIP3,True,4.102863818113469,False,0.30650189872381706,1.1198112407596263,0.31851888,0,False
IFT52,True,5.086142498167019,False,0.4418592101412817,1.3597239608675942,0.7884685,0,False
MMGT1,True,4.392160700400236,False,0.3959897184290467,1.1543830057220843,0.37867257,0,False
PMPCA,True,5.961061792259286,False,0.675187467976579,1.2702713473036082,0.6509812,0,False
ANKRD36B,True,5.625965692430474,False,0.9195703547479275,0.6313024937619024,-0.51660156,0,False
ZNF785,True,4.1250370673295675,False,0.7138868149715991,-0.312163816185756,-2.2964766,0,False
GLTP,True,6.103375570375444,False,1.1221391761229014,0.12057220876722262,-1.7789501,0,False
C9orf78,True,7.020369114002229,False,1.132053249954358,0.942382392590611,-0.013038817,0,False
CSPG4,True,4.854664870130574,False,0.35623297337285575,1.0406175726005875,0.18884334,0,False
GAS5,False,9.87243792122566,False,1.6927948028362034,1.138147632772117,0.9434277,0,False
NCF1C,True,5.536764543219511,False,0.5240836106909982,1.5735868783638618,1.2598482,0,False
ADCY7,True,4.571490021893107,False,0.4721928055901863,1.188757236753977,0.49624377,0,False
ATP13A1,True,4.589943338606763,False,0.4545389652911837,1.11246142338815,0.3531703,0,False
SIDT1,True,4.2024999558650205,False,0.3790374822688748,1.2305413713528568,0.55793333,0,False
DCAF5,True,4.460949451078152,False,0.46315035170638785,1.1642664598136636,0.42116892,0,False
PRKRA,True,5.776524931640119,False,0.5914747890662945,1.3125657222421228,0.7283562,0,False
TLN1,True,4.56182841328765,False,0.5976473894755843,0.6674197594640361,-0.4402505,0,False
MITF,True,6.101455416449733,False,0.6215629728638343,1.2238080022874689,0.5301203,0,False
GYS1,True,4.179095442753945,False,0.3841285868005878,1.070661719041028,0.22539401,0,False
NSMCE4A,True,5.404177123060087,False,0.4606911698003525,1.4484805668634761,1.0049747,0,False
SLC33A1,True,4.420592011553747,False,0.3699533482464477,1.1993468849015483,0.48333707,0,False
VCY1B,True,5.443891387186978,True,0.15316721664685884,1.8715259299995357,1.6766465,1,False
FBXO42,True,4.629692614514813,False,0.39015104219206787,1.2774601560977101,0.64067644,0,False
RNF14,True,5.005361854142781,False,0.7285770434696073,0.42529580142413737,-0.92058283,0,False
MSMP,True,4.580211042734578,False,0.1195427459241338,1.5305447622669477,1.1128355,0,False
COX6C,True,7.518712091965222,False,1.3127337451120193,0.9344274951921872,-0.15400273,0,False
NSMCE2,True,5.353543468430492,False,0.5130464314177521,1.3801032031960303,0.8441068,0,False
ARF6,True,6.092834808066013,False,0.9126911710345831,0.9921918300209115,0.15420946,0,False
HMGN1,True,8.491603210573105,False,1.51354902624689,0.9018965130883392,0.01674646,0,False
TSC22D1,True,6.239362428287745,False,0.6758441396809896,1.198325805640921,0.5369437,0,False
PUF60,True,7.948622703358407,False,1.2399180032114312,1.1720344808503071,0.43884858,0,False
SHC1,True,6.393787503444095,False,0.8640408397255768,1.0456928636344927,0.24350128,0,False
TANGO2,True,5.921755930977131,False,1.0345155196435356,0.22722100560351677,-1.2654235,0,False
PTPRG-AS1,True,4.01891957669302,False,0.6584012955536964,-0.18039710752001603,-2.0473704,0,False
S1PR2,True,5.722984873626324,False,1.044542276341042,-0.056915100035074585,-1.804968,0,False
CLCC1,True,4.715154878990674,False,0.8263627643422086,-0.18581202344806788,-2.0352283,0,False
PIK3R5,True,4.887353230042324,False,0.47805742781714095,1.3376021233103375,0.79342437,0,False
CDC14A,True,4.635796794568654,False,0.39210700762799133,1.3323935126237785,0.75318044,0,False
SMC3,True,5.485211900300613,False,0.759337602642167,1.0303922220909039,0.22086528,0,False
GSS,True,5.9466510031442965,False,0.6169973532658442,1.3633595073947862,0.8218946,0,False
ALDH3A2,True,4.947214986030271,False,0.557648961127352,0.9812701011940733,0.09272025,0,False
OXLD1,True,5.587173373265256,False,0.5216563052411689,1.4466712374662536,0.9889309,0,False
PPIL4,True,5.461548381593804,False,0.6270140480059561,1.2052914442017815,0.52165824,0,False
MTRR,True,4.6628473064520275,False,0.43354138862124947,1.182091019863294,0.46414176,0,False
TRUB2,True,5.657483992673557,False,0.5168477439972208,1.4219075876759666,0.90787405,0,False
IPO4,True,4.082750345521395,False,0.31666370159845586,1.1998466663559202,0.47177395,0,False
QDPR,True,5.871447117727274,False,0.5124873085140232,1.3517477715843895,0.8141449,0,False
POLR1E,True,4.8666505993145845,False,0.39611115721840895,1.3747595623607893,0.8146846,0,False
SLC38A10,True,5.057202063908165,False,0.5752936755961334,1.0451247649206128,0.22542652,0,False
SIPA1,True,4.129159667628322,False,0.36854069135207024,1.2050899687972425,0.4989572,0,False
BTN3A1,True,6.339589171992639,False,0.8695274939489261,1.162640594366823,0.5042858,0,False
FABP5,True,7.566087912920391,False,0.9559794858206395,1.3728034989100073,0.8928361,0,False
PLIN2,True,6.75978828832536,False,0.7657017212164594,1.3684587745923982,0.87288576,0,False
YWHAQ,True,8.056144499200315,False,1.3271437207360395,1.0312054211973363,0.16656601,0,False
KIAA1704,True,4.0998398423174,False,0.28873112847377036,1.3006691707192304,0.6619037,0,False
RPLP1,False,12.555588928545852,False,2.3284150773531778,0.14849630091151067,-0.44553873,0,False
ABHD2,True,4.335078825176804,False,0.5299979325765989,0.567728303488469,-0.67410505,0,False
QPRT,True,5.76720441877775,False,0.8284624348295653,0.5893003565199072,-0.60718143,0,False
TRAM1,True,6.842514257879556,False,1.0539224144410912,0.959329959875656,0.12395613,0,False
P2RX5-TAX1BP3,True,4.108084275470113,False,0.755446976625197,-0.5067106004003067,-2.6071496,0,False
UBXN4,True,6.0610938523090505,False,0.9606727247244037,0.8407395522891676,-0.117558226,0,False
NUP37,True,5.010605940859725,False,0.40773139715678536,1.3586598680998971,0.80408055,0,False
ADAM19,True,4.7487130235130675,False,0.5796634108559383,1.1688705084739275,0.45100847,0,False
CCT8,True,7.96560225867686,False,1.2645415030532525,1.161730060172472,0.42664632,0,False
POGZ,True,4.145650682596663,False,0.4809144468726988,0.7177538344738323,-0.43285346,0,False
LDHB,False,9.872577001520336,False,1.779845070189566,0.8988315014565196,0.6541274,0,False
RAB5B,True,4.279118262733808,False,0.5928049671952964,0.4737357281449055,-0.8997657,0,False
MRPS12,True,6.1235095058811195,False,0.668154412859931,1.3917483058725613,0.8814209,0,False
CRIPT,True,4.761668298125411,False,0.5675397629065186,1.029759580906451,0.16359742,0,False
TRIP12,True,4.519487713362956,False,0.5265293199775005,0.928190230522935,0.0013100131,0,False
NDUFA2,True,6.650044399542953,False,0.9245355656842174,1.2726118933883903,0.70239455,0,False
ACOT7,True,5.920041193250864,False,0.5805371269093593,1.31707484887266,0.7011755,0,False
RASSF5,True,6.568202391758083,False,0.812457690119781,1.4311421140434126,0.9870605,0,False
IKZF3,True,6.578157174476321,False,1.2132308127360376,0.4633758488620082,-1.225483,0,False
H3F3B,False,9.642804305596947,False,1.896105785617105,0.23771526389014544,-0.99148405,0,False
TMEM14C,True,6.754000730228167,False,0.9228307729794405,1.2108122814238271,0.5793857,0,False
SEC11C,True,7.659864569562941,False,1.0503517685088148,1.3353659717919395,0.8374421,0,False
EZR,True,8.196948618597096,False,1.4129512717732884,0.9544088597875859,-0.002164195,0,False
LIN52,True,4.615588392625492,False,0.585174011160657,0.5140324628949322,-0.7253742,0,False
HINT3,True,4.43431783616222,False,0.6055468047285713,0.40063081727617955,-1.0146732,0,False
RPL32,False,9.440996077415928,False,1.9156665995097113,0.24325198297266185,-0.93164206,0,False
RGPD5,True,4.068160841285853,False,0.4423389672290902,0.7331032472495931,-0.38857347,0,False
CHI3L1,True,6.105089085709655,False,0.1961011562060407,1.6551680141939649,1.3596091,0,False
KIF2A,True,4.641128616080228,False,0.516724242288949,1.0669271449291902,0.2754835,0,False
ZCCHC9,True,4.644542737184172,False,0.44044049936729834,1.1653647440729769,0.41674078,0,False
ARL6IP6,True,4.88294046405582,False,0.4949354316104069,1.1875700596856515,0.4803085,0,False
UBXN7,True,4.116440352950815,False,0.42307203376649494,0.7602101277701458,-0.325678,0,False
HMGB3P1,True,4.133588121255738,False,0.6290734499729371,0.16913410089188974,-1.3620721,0,False
PICALM,True,4.012482581405597,False,0.38412770593499557,1.028427853621876,0.14192773,0,False
DHX15,True,6.360775481125483,False,0.845982594240651,1.1244002064296912,0.4019093,0,False
TCF4,True,4.370391173903684,False,0.4055584686521253,1.2749889595344899,0.6626857,0,False
FXN,True,4.508763326906702,False,0.7451931752677594,0.023620913148189322,-1.6401787,0,False
PAEP,True,5.391513645934971,True,0.18028526900509786,1.8805363216308195,1.6658593,1,False
SPG11,True,4.6843860941660065,False,0.5669271555347989,0.9437777059612641,0.041206304,0,False
TIAM1,True,4.008734340316704,False,0.3541478910649699,1.0899624145678266,0.2489276,0,False
UBL7,True,6.817625464804604,False,0.8462615699499233,1.355006587817897,0.83996445,0,False
SYTL1,True,5.714971286489787,False,0.5357623498005977,1.5675477665005462,1.2391019,0,False
GGA1,True,5.794614727793968,False,0.7535530977165283,0.9481092936768516,0.0897443,0,False
SNORD76,True,4.093589226818429,False,0.21536491285541803,1.4640584529371918,1.0472305,1,False
BCAP29,True,4.027961601978123,False,0.4105449340252659,0.8873467282122453,-0.16468585,0,False
NEK6,True,5.638482541467604,False,0.622721897523777,1.1899677690257886,0.4852144,0,False
HEXIM1,True,4.435722584952119,False,0.4949643717451109,0.9809702044260091,0.087693535,0,False
KLHL9,True,4.61953488608571,False,0.4061814251578662,1.2249067301364374,0.5534417,0,False
MED18,True,5.2604682016854145,False,0.9495575716568656,-0.004891481548156752,-1.7167401,0,False
ECE1,True,4.686924663628633,False,0.5528711457535121,0.7757111569273696,-0.2944946,0,False
C6orf62,False,9.130551902045923,False,1.7064529975840266,0.6420520118058157,-0.41511622,0,False
SSRP1,True,4.054349550320983,False,0.3618800088351991,1.0100642876542332,0.0637737,0,False
RPS17L,False,10.070312853976803,False,1.9714671690656034,0.3821095113128388,-0.16096504,0,False
TP53I13,True,5.407607125972155,False,0.5154073815577197,1.262650643682305,0.6364082,0,False
GUSBP1,True,5.299360255788256,False,0.5383565930313083,1.2030163600952595,0.53256804,0,False
RRP7B,True,4.6807814713800555,False,0.5505775609620842,0.7618710620240808,-0.29002765,0,False
KCTD10,True,4.755369770063548,False,0.5260840785517855,0.9959073897420598,0.12833141,0,False
IER3,True,6.240957120926362,False,0.5479830710460245,1.3497268956422466,0.8084446,0,False
MLL3,True,4.123147650071342,False,0.5574451564152507,0.655472084565576,-0.48734254,0,False
CSRP1,True,7.611441410098195,False,1.0059241614301055,1.3266595664473744,0.83444536,0,False
TMEM170A,True,4.829074068805725,False,0.3280509050264615,1.5026602897408434,1.0746208,0,False
RAD1,True,4.085392956785296,False,0.5630205896520726,0.30154088624736686,-1.2182767,0,False
DDX39A,True,7.08621227669459,False,0.983499049670058,1.2753278233446483,0.74017584,0,False
ASAP1,True,4.04669798667982,False,0.4448759336660173,0.8588181518569962,-0.17442523,0,False
SEC13,True,7.133272866521392,False,1.009232569815717,1.2197439307475673,0.5543746,0,False
HAGH,True,5.340561426608917,False,0.5391210505063438,1.301168647962362,0.6961482,0,False
VSIG1,True,4.749832738548883,False,0.878737660740738,-0.14740382495432466,-2.033255,0,False
BRCC3,True,4.442718405908707,False,0.40956079023118347,1.1871878248197927,0.42301226,0,False
GTF3C5,True,5.334438942935374,False,0.5516792043672489,1.3059226569175764,0.68867433,0,False
RBM26,True,4.464484741052759,False,0.5051186584775654,1.0874293969642896,0.28088033,0,False
DUSP14,True,4.743025196165976,False,0.33961101578789477,1.4024807419006962,0.8411616,0,False
KIT,True,5.114226161814112,False,0.1239050059064063,1.4192161002324197,0.97253007,0,False
SLC50A1,True,6.2383724525728255,False,1.0449486748340795,0.4743637708073318,-0.8152722,0,False
SVIP,True,4.749057885023755,False,0.5029933797421677,1.2050076739820006,0.49768093,0,False
MARVELD3,True,4.228504991533887,False,0.7471653276104613,-0.30136674474121106,-2.2215207,0,False
CRCP,True,4.85475390523591,False,0.7403347843253691,0.4769321626861015,-0.8124046,0,False
CREB3,True,5.6169662172077075,False,0.5447707337130845,1.3856940061463559,0.8757186,0,False
FUOM,True,5.1957091879831605,False,0.4183990726960424,1.4549552155314167,0.98838675,0,False
NHP2L1,True,7.7598355732041755,False,1.2928371033073645,1.052073202440307,0.14859933,0,False
EIF2B2,True,5.471285092273005,False,0.49402207280854626,1.3962957632874025,0.85871243,0,False
ZNF593,True,5.675629581063802,False,0.5671546857771297,1.327699334334124,0.7448863,0,False
RANBP1,True,6.685220091324199,False,0.866454236069771,1.254536107418169,0.64382964,0,False
CSNK2B,True,7.6322583782464415,False,1.2522609371417062,1.0719739098521344,0.18339214,0,False
WBP11,True,5.09582766053954,False,0.651864134391895,0.9408045862420407,0.056181647,0,False
GALNT2,True,4.4765927479375325,False,0.4809256146890142,0.9045523530413456,-0.034225874,0,False
FCGR3A,True,7.019907798851361,True,0.47620136439157934,1.920980760097732,1.940623,2,True
VEZT,True,4.380577245985263,False,0.41150279478586754,1.095503100863644,0.286381,0,False
CCNK,True,4.892981046276794,False,0.5893364748597347,1.085323038064216,0.2738538,0,False
CD200,True,5.424184678616801,False,0.4035183781554411,1.4853591158068848,1.0510206,0,False
ORMDL1,True,6.553965277180806,False,0.9889355073695144,1.116506774093283,0.42993805,0,False
C1GALT1,True,4.035048230163528,False,0.39721299678996225,0.9496255639665088,-0.005898438,0,False
USP11,True,6.231779670341554,False,0.8320048765666785,1.1472508266849175,0.44411376,0,False
PRKDC,True,4.809960720171893,False,0.7197848559307405,0.6437208050285819,-0.52112913,0,False
PDCD6IP,True,5.860324037794915,False,0.830052714189139,0.9263759667881066,0.07665037,0,False
MVD,True,5.126335355125216,False,0.4375999798941029,1.4080263457372233,0.91013485,0,False
IK,True,7.207515881599436,False,1.123081546042196,1.1661580189750391,0.45553786,0,False
SURF4,True,6.945147675545799,False,1.0217030047071232,1.0789494938020607,0.35623458,0,False
BCS1L,True,4.839268426092694,False,0.3907348907985772,1.297988099740906,0.6762083,0,False
BCAS2,True,6.41072242706689,False,0.7886469246931782,1.3218321835179663,0.7715461,0,False
ICT1,True,5.220216735279704,False,0.4328188867507934,1.4002156610258298,0.85457206,0,False
CD79B,True,7.69732121658925,True,0.8214083042767164,1.8308326388700022,1.7642752,2,True
MRPS9,True,5.353869571581541,False,0.4894080209277221,1.4161143142584784,0.92114466,0,False
RPL17,False,11.577802723001168,False,2.198157026512485,0.2520975218176228,-0.5528154,0,False
ZKSCAN1,True,5.294971083095112,False,0.749117749962839,0.5082476571200802,-0.7370364,0,False
GNG2,True,5.813618620345077,False,0.7681150073028595,1.1468463242885019,0.46244454,0,False
FLYWCH2,True,5.103028229556041,False,0.47828424445978096,1.3118921636903522,0.71230483,0,False
MDH2,True,7.973977162821246,False,1.2726868620148046,1.1532443372553625,0.52746785,0,False
BCL6,True,5.184727424988849,False,0.5177635835267596,1.2660502324808698,0.6281759,0,False
TPD52L1,True,4.090798871328333,False,0.2025726004594144,1.5428344005208365,1.0187864,1,False
POR,True,5.443870306122387,False,0.5424550396911278,1.2499509225879284,0.6081736,0,False
SREBF2,True,4.279808323201432,False,0.43412844528631367,0.9269973552401207,-0.016151298,0,False
ZWINT,True,4.743762527089009,False,0.29735666863980614,1.3366301149041289,0.7195328,0,False
ENPP2,True,4.653903562364786,False,0.32453232645945834,1.120272472328639,0.3076212,0,False
UXT,True,7.539810624553022,False,1.1109806098765649,1.3164897482565818,0.79157513,0,False
SLC31A2,True,4.323531937754189,False,0.2767992913677738,1.314956775320634,0.6787579,0,False
ALG11,True,4.523969245694166,False,0.3456558949929508,1.340238178523061,0.74736243,0,False
USMG5,True,7.601679842243796,False,1.1454443467612383,1.2621933187709717,0.6756777,0,False
ARRDC3-AS1,True,4.85173899305728,False,0.8739179331094338,-0.017292792111162487,-1.6645265,0,False
APEX1,True,7.475717773568548,False,1.102256831430407,1.2576778913735953,0.66808957,0,False
CEP68,True,4.425399312421625,False,0.610323202689744,0.46985238038235677,-0.84093755,0,False
MRPL11,True,5.126426985947088,False,0.579286828881496,1.2675214424049281,0.6215739,0,False
LPAL2,True,4.981151297184723,False,0.8655949307047632,0.2218667715230107,-1.3302078,0,False
VPS53,True,4.807411286316039,False,0.8008925673286801,0.10033470932683446,-1.4902527,0,False
MPDU1,True,5.393648971586273,False,0.5945900094529831,1.1344219787888932,0.39172405,0,False
UBE2L3,True,6.306716702001085,False,0.9931419666660126,0.9783685763175198,0.15986243,0,False
ATP6V1E1,True,7.213424335876713,False,1.0206721243126367,1.2370997482281365,0.6609141,0,False
SAR1A,True,6.65282297294617,False,1.0251419594650124,1.0637065659498348,0.32193926,0,False
BIRC2,True,5.4257156925249905,False,0.5683509032531794,1.2591524607170117,0.62964046,0,False
TIMP1,True,9.133603657683052,False,1.0858145216591928,1.5435835699478329,1.2326325,0,False
UCK1,True,4.178058783887266,False,0.27991695196577115,1.2900653673771825,0.6450259,0,False
TPST2,True,6.2444949518806,False,0.6602228518366244,1.4382700331467295,0.97390664,0,False
MAVS,True,4.6728911056789375,False,0.8077372377478791,0.0008533886565820492,-1.6845963,0,False
SDHAF1,True,5.2667499281717065,False,0.4353153059967947,1.4367607189958638,0.97127336,0,False
ABT1,True,5.892267063252611,False,0.669119524701038,1.3699809344922824,0.84952074,0,False
SMG1,True,4.232199394003759,False,0.6069843419746095,0.47531063796548567,-0.78340775,0,False
TSPAN14,True,6.162839562829284,False,0.9634636147479403,0.8101759530142321,-0.17228408,0,False
NAA40,True,4.463976967354213,False,0.5077121538302403,0.6467454042002578,-0.50368494,0,False
PDK4,True,4.326068115218128,False,0.17192230039219591,1.3506965479917672,0.8295227,0,False
NNMT,True,5.601921315589846,False,0.29925176297256345,1.6071398394717344,1.2315007,1,False
SNURF,True,6.972558855322845,False,1.1054706827944822,1.1338328359969816,0.39261666,0,False
TBC1D10A,True,5.463237455874398,False,0.5355154282150472,1.293836752472501,0.6939567,0,False
ERGIC3,True,8.01530452878608,False,1.23927571075267,1.234170866503258,0.6292013,0,False
C8orf59,True,5.674033031048933,False,0.7773795712464537,1.1533460059683431,0.44260445,0,False
TNFRSF25,True,5.342784488662585,False,0.42740116475360673,1.6441348341569364,1.3905456,0,False
UBE2T,True,5.453352976689295,False,0.4205035705591443,1.433454704667886,0.9047693,0,False
SLC2A1,True,4.9066024963523756,False,0.4477048906083199,1.255885594112391,0.592683,0,False
CWC25,True,5.028095267749584,False,0.790750065805375,0.49436936764932704,-0.76303047,0,False
ATP2A3,True,4.780179007943333,False,0.5292833656430838,1.195354509484365,0.5401549,0,False
CCR7,True,7.545058713540684,True,0.8207642201331754,1.8918211990510607,1.8236637,2,True
MTERFD1,True,5.089794343815639,False,0.4227859838607785,1.378885945120635,0.84764636,0,False
SMAP1,True,4.50510946510865,False,0.4887371204276433,1.0883003680676933,0.29186764,0,False
FGD2,True,4.739908895294602,False,0.48117441101424263,1.2349212923714028,0.60072505,0,False
PPP1CA,True,8.297062794012515,False,1.4189640683535027,1.051648820684436,0.34445563,0,False
NAP1L1,True,7.38618874629416,False,1.4210128357708398,0.5402038203512628,-0.92350584,0,False
PTDSS1,True,6.314078022427406,False,0.7772654196727509,1.296398799555437,0.73332846,0,False
SLC38A6,True,4.266750032482208,False,0.3468196083861756,1.1938325421520377,0.44872153,0,False
CCR4,True,4.901938793480603,True,0.26048759895078316,1.7405928854095347,1.5719689,1,False
COX6A1,True,8.725677937881636,False,1.4712599798727606,1.0942273460661676,0.512756,0,False
CD14,True,7.204319049200316,True,0.3671741416612845,1.9379440932700667,1.9030421,2,True
ABCC9,True,6.185482340346559,False,1.21958855759889,-0.027477243371989618,-2.4149046,0,False
SNAP29,True,4.807531752157206,False,0.773741061906958,0.1933463580928143,-1.3760298,0,False
HMGCR,True,4.010493817923329,False,0.3024235235547459,1.148556122290966,0.33940434,0,False
CCDC167,True,6.151217670697755,False,0.6487530156897097,1.4419792019513196,0.9742935,0,False
ZNF548,True,4.593740166023614,False,0.6122933706655378,0.5384229423947922,-0.750035,0,False
INPP5K,True,5.085152053559244,False,0.4945219067527138,1.3233487874940644,0.735658,0,False
BLNK,True,4.970844626327313,False,0.37741134837426443,1.6352787535216482,1.3587241,0,False
COPB2,True,6.352525745229225,False,0.823360443554062,1.191352598136028,0.5244536,0,False
UBR1,True,4.021510266360267,False,0.39737369578948667,1.0028187379162206,0.10039508,0,False
CDC27,True,4.431266178371458,False,0.5080613990326375,0.8807662862254724,-0.09352377,0,False
COPS6,True,7.593997677524228,False,1.1551126971164147,1.2309121665104552,0.59340554,0,False
MCCC1,True,4.628686100853237,False,0.3713263801625479,1.2711647517986644,0.633414,0,False
ZNF664,True,4.46127225998626,False,0.4567408366210457,1.036769748382413,0.16869554,0,False
SRCAP,True,4.422300523116732,False,0.6190142394481519,0.6982232665073835,-0.45647,0,False
KDM5B,True,4.1334993466330054,False,0.42576120692233443,0.9467076920756582,-0.020633679,0,False
BPGM,True,5.214601338673032,False,0.4312948734641942,1.4169679655344152,0.9074762,0,False
HMOX1,True,5.686316799976375,False,0.36536298940946954,1.5882684288915527,1.2318512,0,False
EGFL8,True,5.290799302139129,False,0.32222214389107773,1.3582494784389385,0.7815167,0,False
PRR13,True,7.678309689481701,False,1.3425251584530344,0.949705225907723,0.06392786,0,False
TMED3,True,6.881769728525597,False,0.8619164976917484,1.355471701316656,0.8342905,0,False
PPIH,True,5.542262530968849,False,0.5562560684189615,1.3636133417350815,0.8098853,0,False
MYL12B,False,9.24719995211292,False,1.6823212358826742,0.8709252822407495,0.18744461,0,False
METTL14,True,4.7008380820500655,False,0.41824605947690907,1.278646409797363,0.64254546,0,False
ASL,True,4.8345185444666265,False,0.4597871273805742,1.1606378422077732,0.39597744,0,False
GATA3,True,4.184171279120803,False,0.369155372860137,1.3035327966399397,0.70312715,0,False
PIGH,True,5.731480090794878,False,0.5610108127209229,1.390612500352629,0.8655977,0,False
GSTM1,True,5.017581635917308,False,0.39997035567319394,1.443578385599087,0.9533366,0,False
CES3,True,4.17703148092443,False,0.6186295728246008,0.2597201539468304,-1.20349,0,False
OARD1,True,5.577144410357803,False,0.5084335163305018,1.4250254123143686,0.944517,0,False
NARF,True,6.703672773470171,False,0.8925700253976496,1.2341451691104197,0.6078535,0,False
UTP18,True,6.103692374385054,False,0.709629112263731,1.3242707492871015,0.7669608,0,False
POSTN,True,4.960060991309675,False,0.19976913676156188,1.3831575275141024,0.861266,0,False
ZNF793,True,5.006464883296288,False,0.9874350631106221,-0.4032999909161228,-2.5226884,0,False
PDCL,True,4.4027180949170495,False,0.4529898829087138,0.9171218811395772,-0.027951995,0,False
EID1,True,7.809024075690836,False,1.3638350895554316,0.9750230520065679,0.15763918,0,False
ZC3HC1,True,4.841324037481953,False,0.3935358436436574,1.3434991101524416,0.7461689,0,False
RBM14,True,4.628951164820171,False,0.4997121664585209,1.0495799035036364,0.22256906,0,False
ICMT,True,4.444004767585406,False,0.5709910814122807,0.48916539701562894,-0.87331975,0,False
SEC24B,True,4.948958887585137,False,0.569599346604603,1.071529853977528,0.2850301,0,False
POLL,True,4.077454957570646,False,0.30101342353974947,1.2844678388106758,0.62887985,0,False
ADAM28,True,5.782951412766882,False,0.4704459403145761,1.680291055404636,1.4501694,0,False
TCL1A,True,6.907035761375813,True,0.3870586380875878,2.0853832448912217,2.2577739,2,True
MED7,True,4.883886202728393,False,0.3503506990829299,1.4418111366158404,0.9636892,0,False
CMC2,True,6.3332877988784935,False,0.7914418396459115,1.278350086878223,0.68756413,0,False
LOC646214,True,7.06737158034932,False,1.40450018965744,-0.11453672874872624,-2.786048,0,False
SH3BP5,True,4.893277080825346,False,0.4421712107195441,1.3135537641595838,0.72272223,0,False
SLC25A17,True,4.626747527715953,False,0.39347680371888694,1.2008056142986692,0.46425316,0,False
POLR2F,True,5.082930216934102,False,0.6664116680409755,0.9988693007049265,0.13646656,0,False
MCM7,True,6.249887951255563,False,0.7027539191827734,1.2943226335162579,0.69997245,0,False
CSGALNACT1,True,4.211756517095148,False,0.3097620018357179,1.2596443052823392,0.56987876,0,False
TRIM52,True,4.320954424127353,False,0.3211245305308257,1.3411169104218887,0.7559849,0,False
PRPF31,True,6.1713558872915515,False,0.7323730286369191,1.3290858014485716,0.7969554,0,False
PRMT10,True,4.0189193289722285,False,0.3149731305374475,1.1902403209778867,0.4729929,0,False
METTL2A,True,5.2282918750965175,False,0.9786132335149138,-0.20122812296872084,-2.0957048,0,False
PIGQ,True,4.3287333464951825,False,0.3686968860603408,1.2350534691383168,0.52673364,0,False
KIAA0146,True,4.9850480689248355,False,0.5817161017170407,1.0767119465280777,0.26497394,0,False
PSMG1,True,5.571399785806306,False,0.5392257694628468,1.3259579745511494,0.7240883,0,False
GBP1,True,7.041248028259884,False,0.8859797386088983,1.4110879129644855,0.97905886,0,False
BLCAP,True,5.933164852015563,False,0.6717861513765012,1.3263461505338887,0.8017184,0,False
SFI1,True,5.091816124301058,False,0.5627707457484489,1.1465780053396144,0.4588564,0,False
HLA-DPB1,True,7.903394428378735,False,1.2629734549286589,1.2815837246987987,0.7357022,0,False
IARS,True,5.895332544252505,False,0.7709924053129413,1.0780132962189253,0.32808927,0,False
ARFIP1,True,4.573217986065137,False,0.4017944670789814,1.1901722182146224,0.4621703,0,False
EVI2B,True,7.529945241373292,False,1.1465799043654488,1.3562454067881253,0.8500139,0,False
CTPS1,True,4.4359969142861315,False,0.36901927609254315,1.1695235174479652,0.40784076,0,False
SLC25A11,True,6.250036935172059,False,0.7681472828287887,1.2950616160784572,0.73217493,0,False
EHD4,True,4.729856614221348,False,0.44245509979057746,1.1996497939573703,0.49144757,0,False
SYNCRIP,True,5.662283253155857,False,0.747001134168648,1.0490613422150128,0.2705318,0,False
ZNF426,True,4.384355963834319,False,0.423279093992312,0.7826580781368049,-0.35744274,0,False
ATP5J,True,7.518733508811767,False,1.194532053677954,1.1260244554658843,0.3475734,0,False
GOLGA2,True,4.747778765107328,False,0.7878597151023407,0.04305248240635967,-1.6109462,0,False
NIF3L1,True,5.099677409451853,False,0.4210000121898404,1.3336432445132895,0.7253056,0,False
F2R,True,5.82893486567215,False,0.7823340199940968,0.7773557285236667,-0.22701699,0,False
KIAA1967,True,4.580371358448457,False,0.4524162336279837,1.106957341462385,0.31938568,0,False
MRPS31,True,5.43784854800175,False,0.5501584684389389,1.3418443273141527,0.7818863,0,False
HLA-G,True,4.932543471856134,False,0.9437980719490411,0.017912302315575696,-1.7477,0,False
PMAIP1,True,5.659517196860341,False,0.5031782981956047,1.4764052164314108,1.062548,0,False
ZCCHC17,True,6.22013935626021,False,0.7786112757493531,1.2030804766333194,0.5348057,0,False
SLC25A20,True,4.4880748581906245,False,0.27118079094319275,1.3989646839968246,0.8703394,0,False
RHOT2,True,6.333180715333263,False,0.8499549056325482,1.142631202930977,0.4399453,0,False
GVINP1,True,4.305664528483704,False,0.4950816407710399,1.0433719528185001,0.23522893,0,False
RGL2,True,4.160340413192833,False,0.3757621013270711,1.1450724898410765,0.3823624,0,False
ARPC1B,False,9.306070872569123,False,1.6966578013269134,0.8253356849617857,0.41889712,0,False
PIGY,True,6.949768002591237,False,1.0547818185706666,1.1595331954085686,0.46203646,0,False
LOC100132247,True,7.045480074723825,False,1.2320859632901167,0.7769135414401162,-0.61373293,0,False
DNM2,True,4.213416339755769,False,0.44365885077840356,1.0102871578179626,0.16822211,0,False
EHMT1,True,5.0067606973704395,False,0.5800654970952425,1.0567264011533584,0.29662025,0,False
HIST2H2AA3,True,6.301155042658016,False,0.8104017100400738,1.2897822132553816,0.70107394,0,False
CXorf21,True,4.078263492392351,False,0.3470718664390755,0.9141287147695114,-0.09228619,0,False
MFAP2,True,4.917406705926705,False,0.3325571829227455,1.3387288798870633,0.6987195,0,False
LHFP,True,4.585147301767142,False,0.30625227345292605,1.2393618511329831,0.54731566,0,False
CAMK4,True,5.146807463691845,False,0.42865593258557655,1.5419792637879306,1.1841671,0,False
C7orf55,True,5.887658900187678,False,1.0768414143801812,0.21120348911968165,-1.2956728,0,False
MRPS36,True,4.716073828130928,False,0.49246782483959683,1.1531688055521798,0.40134448,0,False
CLPX,True,4.83270569589347,False,0.4283032624289768,1.2759153041730769,0.650459,0,False
POLE4,True,5.406619652890015,False,0.47430297864389137,1.424629084050184,0.9381034,0,False
C22orf32,True,5.485153624724515,False,0.6888681480585794,1.1156657276598516,0.3779143,0,False
PSMD4,True,7.895187528695802,False,1.2419830392126143,1.1972582858397804,0.6295559,0,False
SLC29A1,True,5.051976896034416,False,0.4464718383599448,1.1807490351715173,0.4476374,0,False
GLRX,True,6.504483059630783,False,0.7525571913386448,1.4801714525773977,1.0960696,0,False
SAA1,True,7.740825123531183,True,0.12200395383708774,1.6110081710233848,1.502158,1,False
SHOC2,True,4.729160289713587,False,0.45086450296341923,1.1626580472070693,0.44653994,0,False
MRPL27,True,6.406456499570094,False,0.7482101944293302,1.336200263746036,0.7953518,0,False
FBXW7,True,4.12692332380079,False,0.3360539383588701,1.2040732335578193,0.5067004,0,False
SLC25A36,True,4.462981824006262,False,0.46300473369780587,0.9406499521463965,0.020177437,0,False
DDX10,True,4.496112352229727,False,0.38241764355211866,1.2703584016392648,0.63217163,0,False
TMED10,True,7.20593288277699,False,1.2019406143264155,0.7871396341913579,-0.44627178,0,False
RAB11FIP1,True,4.75292166784627,False,0.6145164643807788,0.6937518918726995,-0.3869035,0,False
RPA3,True,4.497582499738881,False,0.49665322033869486,1.0990145217187142,0.28339744,0,False
YIF1A,True,6.5786921959769575,False,0.8040814227622735,1.3328687710367395,0.7929497,0,False
PHF8,True,4.039934993352825,False,0.341701820839213,1.1540462555386648,0.38013345,0,False
CDK11B,True,4.1625634885273115,False,0.5081641521404133,0.9012285650046217,-0.045440897,0,False
LUC7L3,True,6.929193239144983,False,1.178439740209182,0.9104778598603576,-0.1512209,0,False
HAT1,True,6.312053380118885,False,0.7205153648611238,1.3554747772503828,0.83790505,0,False
H2AFV,True,5.992602786259767,False,0.768653141847642,1.0700615273989231,0.30737114,0,False
RC3H2,True,4.641932921335016,False,0.4242418341096476,1.2134491388070832,0.51861614,0,False
SEC62,True,4.818129351286413,False,0.8594467900688187,0.19970751741401166,-1.3840065,0,False
ZNF143,True,4.718690751211302,False,0.3520172563711497,1.454397274662743,0.9925698,0,False
SBDS,True,6.734328968998713,False,0.9229732038745293,1.2310800124571495,0.62786627,0,False
ENO1,False,10.071912454112265,False,1.8311159063643259,0.7003719833184299,0.15865755,0,False
TIPRL,True,6.000742145706342,False,0.8486969002314935,0.9125961458467051,-0.011815716,0,False
MAN1B1,True,5.3526662923143915,False,0.5565853356137651,1.1944351853035633,0.5062383,0,False
UBE2Z,True,4.252416059370485,False,0.3969393315831493,1.120545262112763,0.30989635,0,False
RNASE1,True,8.25505927663314,True,0.47158672162380716,1.993843866321687,2.0200686,2,True
ISOC1,True,4.8050137175903425,False,0.37585628781860725,1.3818787927607243,0.83095133,0,False
NDUFB11,True,6.740743088131196,False,1.0674053085887232,1.1327223974871683,0.4012307,0,False
STK19,True,4.400613605123965,False,0.3215938045281989,1.307054633911354,0.6859868,0,False
TMEM123,True,6.483947396998168,False,0.8993482896845351,1.1877003924472604,0.55034703,0,False
TP53,True,5.18415553914944,False,0.6240751784356733,1.0505267580686897,0.25750774,0,False
SCO2,True,5.163627303307033,False,0.4374279016985795,1.351976542783806,0.793009,0,False
CCDC69,True,5.190037603382654,False,0.5988869042582061,0.9786775676872282,0.13098001,0,False
MAP1LC3A,True,4.333658171942483,False,0.3394954788765928,1.2311801739497015,0.54493254,0,False
PPP6C,True,5.241624304724752,False,0.6650756892915097,1.0876391660206817,0.3310253,0,False
XAGE1B,True,4.102599224756535,False,0.3357541126959192,1.073022863903292,0.19574651,0,False
OTUB1,True,6.5779626904627975,False,1.0363594467406698,1.0116173946046245,0.22782128,0,False
TMEM115,True,5.225150341595452,False,0.4800900388970868,1.1944129076423808,0.4896417,0,False
PRPSAP2,True,5.408079944341335,False,0.5393742384889446,1.3977321628307224,0.8798902,0,False
GDE1,True,5.222006847968955,False,0.5408796896110135,1.2158820806610366,0.4994452,0,False
SH3BGRL3,False,9.832834246897168,False,1.8708205334261088,0.5972169305763657,0.21083328,0,False
PSMC5,True,7.881269399439048,False,1.2561957783778444,1.1642431172788044,0.43303528,0,False
ZNF564,True,4.402242803535571,False,0.28808650262967184,1.4412245169712594,0.9694997,0,False
YARS,True,6.0370418004279305,False,0.7579450478203058,1.1735688089362322,0.50406355,0,False
NLRP1,True,5.322402088411765,False,0.6075070309626021,1.3097375970628573,0.76881146,0,False
FNTA,True,5.005368043107008,False,0.3961352246613365,1.344366302969682,0.7694262,0,False
SLFNL1-AS1,True,4.466339660979281,False,0.8195443283542339,-0.39487565704569805,-2.401046,0,False
PPIP5K2,True,4.082142195123995,False,0.3954946373894985,0.9558793792937035,-0.0005709283,0,False
GTF2I,True,5.024436778797139,False,0.5017222342123648,1.0504550696193924,0.2342151,0,False
RPS6KA1,True,5.754914348631885,False,0.5778457994802038,1.4645032321406632,1.0454308,0,False
MRPS15,True,6.383664013150815,False,0.77777362302145,1.3342346015080007,0.79728436,0,False
GORASP2,True,6.144967472908886,False,0.795376275354895,1.1931163385314993,0.5230812,0,False
UBE2D4,True,4.024038305154149,False,0.49182296222093597,0.6466726059471735,-0.5965185,0,False
RPL37A,False,11.07883596920093,False,2.093179483994612,0.3967191429146586,0.40813392,0,False
ALG5,True,6.177091116229603,False,0.6943057008965949,1.3515856464331941,0.83252347,0,False
FAM118B,True,4.240762377906165,False,0.30136574473593636,1.294995264496792,0.6478686,0,False
S100PBP,True,4.842674252491391,False,0.5783004939371839,0.9237399116097305,0.010016745,0,False
DOK2,True,6.907382336606843,False,0.8043274094049244,1.5509987192829615,1.2453792,0,False
CFLAR,True,7.3792315699404405,False,1.482080175468369,0.009124111173658522,-2.3297899,0,False
WDR48,True,4.800676831778553,False,0.43392044692338466,1.2385134373054694,0.5765093,0,False
FAM210B,True,4.695032756119962,False,0.7067196286823361,0.2150767514168681,-1.3460733,0,False
CUTC,True,5.543510822251158,False,0.4921145805467089,1.506270008300718,1.1047188,0,False
RABGAP1L,True,6.468091794686558,False,0.9152453146723223,1.0499752617834408,0.28915873,0,False
EIF4H,True,7.905898037475082,False,1.362796269966562,0.9545153454410014,0.014618695,0,False
FCGR1A,True,4.001701090741103,False,0.1906391034304532,1.5024006491954065,1.0578951,0,False
SELM,True,6.538153763881784,False,0.7006162957805107,1.5480195646849508,1.1894394,0,False
ETFB,True,6.82739743990744,False,0.9068753165990473,1.3388569445966207,0.83518046,0,False
SEPW1,True,7.753377420868695,False,1.236779665350911,1.1704229168297862,0.46726263,0,False
IFIH1,True,4.286677872077015,False,0.34786995773498725,1.2708819437418417,0.6173753,0,False
SEMA4A,True,4.961382176548484,False,0.3529280937211974,1.4990498174652784,1.1089302,0,False
RPL8,False,11.611951432382979,False,2.183313780154326,0.3077628677621334,-0.133937,0,False
SNHG1,True,7.094212043302847,False,0.9754062600217359,1.324442474789431,0.81169003,0,False
RBM39,True,7.48116525938728,False,1.3793439004865637,0.5853106116968592,-0.97544795,0,False
ERI3,True,4.691213436089453,False,0.4560487331190099,1.166715967810965,0.42578247,0,False
MRPL42,True,5.0596521243728265,False,0.5934433464195239,1.0584486433901354,0.2266794,0,False
ZNF671,True,4.141605948251401,False,0.20290163936176392,1.6481429480392338,1.3069212,0,False
IL1B,True,6.267672885172972,True,0.14139748998476917,1.9331439029553916,1.9187359,2,True
HAX1,True,7.036632723552288,False,0.974695074369515,1.3009440870172293,0.78670436,0,False
CTSA,True,7.478367623627772,False,1.1085919588913624,1.158820010672217,0.45842338,0,False
COQ4,True,5.357481480605097,False,0.5562463287573667,1.3094174070842934,0.6963903,0,False
C5orf22,True,4.662604016390204,False,0.4454945510593818,1.1610090444300527,0.43292072,0,False
ELP2,True,5.859587030425206,False,0.6987155047319242,1.1790643080335133,0.5050066,0,False
RAMP2-AS1,True,5.5056587445696685,False,1.0747288346543655,-0.18813497880605826,-2.0535057,0,False
LARP4,True,4.749726911229116,False,0.47612199625843316,1.0945580122319971,0.31937924,0,False
ZMPSTE24,True,4.751486084293672,False,0.4382866488449597,1.1414616123155061,0.36228254,0,False
PFDN4,True,4.686069869941821,False,0.5134707193042096,1.126407110546309,0.37315232,0,False
TMEM107,True,4.533370692336833,False,0.41070869968066603,1.2648272357655617,0.59878653,0,False
MTIF2,True,4.924103324772583,False,0.519175652755731,1.040481170590816,0.23498905,0,False
EXOC7,True,5.279119865743953,False,0.6975068816090557,0.9455238749411741,0.048405018,0,False
TXN2,True,7.014307159720703,False,0.9754394306858063,1.248292534162235,0.65602744,0,False
TRAPPC3,True,6.320886282745948,False,0.8072001322290796,1.2667042952021208,0.66698533,0,False
TAF15,True,4.377836589744117,False,0.38781438138346225,1.0967535823398311,0.31726792,0,False
LOC100289341,True,4.249207579643729,False,0.7544571427579024,-0.24332828052609193,-2.0989416,0,False
ZNF91,True,4.289226415816493,False,0.4159145290695505,0.6919948684231566,-0.44897348,0,False
LPIN1,True,5.706351050756355,False,0.8252249028114276,0.8358484863547553,-0.124016196,0,False
MKRN1,True,5.219815170352989,False,0.5198268778392638,1.3023793517653832,0.69567484,0,False
ANXA7,True,7.108313536349127,False,1.0174436812011303,1.2931053423228884,0.77329284,0,False
WDR13,True,5.424246124330493,False,0.543201964695764,1.274916676345951,0.63596624,0,False
PMP22,True,6.256811754687309,False,0.5819912509469163,1.2721889589510993,0.633968,0,False
LINC00673,True,4.209832216999611,False,0.38694533623075866,0.7335610545464557,-0.4592933,0,False
COMMD9,True,5.1097202195574685,False,0.7367440418455073,0.7032226179864802,-0.41623497,0,False
GPX1,True,8.482841553670996,False,1.3265633476311811,1.2754379358445576,0.88170385,0,False
SNAPC3,True,4.118214858497732,False,0.4608946672085534,0.6699179804537772,-0.5078037,0,False
MAP1LC3B2,True,5.168494928254227,False,0.6822444693799158,1.050180195565141,0.22905412,0,False
PIGC,True,5.906093362497408,False,0.5722750959118819,1.4537700253557726,0.9997477,0,False
BCL10,True,4.672173029876489,False,0.5264691961532338,1.039949808845182,0.2384835,0,False
GLB1,True,5.96451134051115,False,0.6832316495913584,1.2294911699559807,0.59713984,0,False
EPHA10,True,4.084991803724378,False,0.7044030669227195,-0.0714015879271838,-1.8180636,0,False
MOCS2,True,5.316567073126399,False,0.5171341617031286,1.2826791663523895,0.66277266,0,False
SEPT6,True,6.348530846583063,False,0.9291199955180984,1.176664429782702,0.5276861,0,False
PARP9,True,6.637183986949476,False,0.9348406677513228,1.1866591708537488,0.5462168,0,False
TCN2,True,4.402215169915474,False,0.29323759670538296,1.276854141824991,0.5924878,0,False
CYFIP2,True,5.834496341276621,False,0.7973205999895732,1.1418327631478764,0.4402156,0,False
MAP3K11,True,4.043409412727652,False,0.38571888532047427,0.896347072305653,-0.13100053,0,False
SCAF4,True,4.701928136339098,False,0.4818370384219687,1.1079993687019558,0.35633537,0,False
APRT,True,8.329760678756434,False,1.4023337476396744,1.1251374279238362,0.52727884,0,False
PIM2,True,7.609591854172207,False,1.088558749712679,1.3886851095744088,0.92857933,0,False
INSIG1,True,5.012804094226223,False,0.4406867491671753,1.2930482032206663,0.6687349,0,False
SYNGR1,True,5.595632223185106,False,0.5743529058956699,1.2724113766798033,0.6174166,0,False
TMEM256,True,6.010423331738936,False,0.6633374994960972,1.4471430743061031,1.0102999,0,False
CAPZB,True,7.430151925049599,False,1.3086065506239541,0.802878265718967,-0.5374096,0,False
YPEL3,True,4.430645462653519,False,0.2876396339803927,1.4630431694376307,0.9850135,0,False
C18orf21,True,4.769078440656852,False,0.3828996637835741,1.384600816372122,0.8349959,0,False
GINS2,True,4.354513802678345,False,0.2530161416600404,1.3930668980547618,0.83472174,0,False
LOC100289019,True,4.329369321566871,False,0.7707140877757099,-0.2711876995987531,-2.1678817,0,False
BRWD1,True,5.059529238428785,False,0.5832175284151794,0.9926535668572118,0.16742133,0,False
GOLPH3L,True,4.2931687353582735,False,0.3402836505055582,1.2135579361067819,0.5043412,0,False
ZBTB17,True,4.6049891295415595,False,0.3731374217266483,1.2872747137768796,0.6725383,0,False
CERS4,True,4.516622662502642,False,0.3391560589351256,1.330066890800383,0.72825444,0,False
LINC00847,True,4.7917211381504075,False,0.36674973515147025,1.3844379582977542,0.8423908,0,False
LOC550643,True,6.887083696810402,False,0.8999030866231331,1.353296543500024,0.8331461,0,False
RPL39L,True,4.811159653943045,False,0.3425022980234588,1.3966700784812534,0.81945324,0,False
RLF,True,4.3495720248127405,False,0.44716250250663336,1.025056583124906,0.16890067,0,False
RRN3,True,4.704204066598461,False,0.4530222343380179,1.1368435947764288,0.39758602,0,False
C3orf14,True,4.583886352945123,False,0.31307365143645405,1.3382506729463661,0.7077121,0,False
TEX264,True,7.028731733390658,False,0.9012642805058175,1.3813536897642877,0.89023596,0,False
C22orf28,True,6.709861756969345,False,0.8754186033223805,1.2523116413360817,0.64214635,0,False
PDE6A,True,4.253094682976995,False,0.7933590867415443,-0.42197805135211963,-2.4506915,0,False
SPIB,True,4.948683555039772,False,0.8328075238033266,0.09566248377785938,-1.4925495,0,False
TBCB,True,6.982364774214281,False,1.045476474860405,1.1624050935061114,0.45888564,0,False
DHCR24,True,4.132975968696962,False,0.2904944314353773,1.0755218436289549,0.19104427,0,False
CNPY2,True,7.006127724332011,False,1.0155691279653571,1.171179865480414,0.53315556,0,False
VAMP8,True,7.650661461367317,False,1.1115194953146212,1.3937296946145772,0.9471481,0,False
ANKRA2,True,4.734471930047255,False,0.4002543329652597,1.3625395329828258,0.8164773,0,False
C5orf45,True,4.377772265965628,False,0.32061977592622315,1.4326679026428266,0.9319772,0,False
FGL2,True,5.005199743836692,False,0.419638218074174,1.2150038316406904,0.53363216,0,False
FAM178A,True,4.415372627173447,False,0.43723570707774045,1.0881564417725174,0.25648594,0,False
CYBA,True,6.561546493999785,False,0.8035774762799572,1.396733814131048,0.94089925,0,False
ANXA1,True,8.711878493152442,False,1.2246801222936017,1.5049308582939565,1.3549545,0,False
C1R,True,5.081783952681292,False,0.23550000944353788,1.4138186176680199,0.8663302,0,False
RASSF7,True,5.482089453784059,False,0.4390912858095284,1.6170966112287866,1.3324285,0,False
UGGT1,True,4.76041876180452,False,0.8705969661738934,-0.2792552932129399,-2.2430806,0,False
PLCB2,True,4.936033205181675,False,0.5675549859204612,1.251564178247338,0.5931413,0,False
TXNDC15,True,5.23101989294011,False,0.876980381538264,0.2127622017192174,-1.3123745,0,False
TMEM204,True,5.076264576355788,False,0.3433083578546353,1.6189832536697693,1.3077836,0,False
NDUFA6,True,6.7747223094016915,False,1.0140984569829221,1.1139225346782653,0.42112902,0,False
HMG20B,True,6.315165310364628,False,0.7366228563461883,1.2679142470208036,0.6565153,0,False
PTRHD1,True,6.179514873304916,False,0.6511438894736086,1.4438151708158988,0.97553796,0,False
NDUFAF3,True,6.8419917943411175,False,0.9939801867362863,1.2129173899061994,0.6129457,0,False
LOC284454,True,6.976783370313094,False,1.1966270293921855,0.3330414593018296,-1.1167027,0,False
NOSIP,True,6.70800388779531,False,0.8464630064766879,1.4493957282223224,1.0275804,0,False
SNHG4,True,4.666602906190925,False,0.8102818776467624,0.07795833557405477,-1.589778,0,False
ARL1,True,5.262627272710188,False,0.595794948084984,1.0820591235979036,0.27595702,0,False
SSH2,True,4.045696614538899,False,0.4457414786451368,1.0148094002572108,0.11415454,0,False
AK3,True,5.31157283906436,False,0.8901272613493025,0.23739052422854767,-1.3010942,0,False
KDELC2,True,4.425891232062279,False,0.7479228142906993,-0.12429263383154919,-1.9300491,0,False
TRIM22,True,7.479749542992185,False,1.1726295538651994,1.2356005047032048,0.6391473,0,False
SAMD3,True,5.309547612103717,False,0.4276567596645374,1.6048045360332162,1.3023821,0,False
RAB3GAP1,True,4.461438878060279,False,0.461962321927153,1.0742109765280077,0.2613867,0,False
MAB21L3,True,5.84381244001895,False,1.0973932203737449,0.16235948771291472,-1.3892703,0,False
MRI1,True,5.3080923064783985,False,0.9458834957057486,-0.019657104196169076,-1.7530489,0,False
GPX7,True,5.012536016339656,False,0.3992868709981262,1.4596846056124895,1.0048236,0,False
STAM,True,4.811182469529987,False,0.48571914865923466,1.1090425826340495,0.30116817,0,False
TBK1,True,5.103900395220159,False,0.5279248998321328,1.185635660038106,0.5124766,0,False
RPL29,False,11.079009451460415,False,2.099416430220957,0.4153550003956966,0.6200953,0,False
MPPE1,True,5.478166834258897,False,0.8998621938176941,0.28964385889054345,-1.1924461,0,False
SLC44A2,True,6.433927720762097,False,0.8806214310914771,1.243700139766882,0.633566,0,False
SQSTM1,True,7.7475307637741455,False,1.267803638012273,1.0069048644338152,0.026494551,0,False
CCL4L2,True,8.509189231991893,True,0.7752081210513324,1.6803112426978792,1.4666083,1,False
BIN3,True,5.420756269485729,False,0.4926896260480943,1.332389143124474,0.736201,0,False
CCL3L3,True,6.137569606969651,True,0.42731553792267063,1.6508373536432905,1.422588,1,False
NMRK1,True,5.9997780129455105,False,0.5901770924762245,1.5619094464841683,1.1967359,0,False
MAN2A2,True,4.022820977150327,False,0.4130819780659416,0.9204014327518559,-0.06428362,0,False
PTPN11,True,5.252909549299373,False,0.6449146980380785,1.0412472561206703,0.23103638,0,False
ZNF274,True,4.6305059940058015,False,0.3556666121472314,1.4418799708426655,0.96351326,0,False
ATF3,True,5.397870351552857,False,0.32568250797174214,1.3354846939901555,0.775784,0,False
WDR54,True,5.977001687328599,False,0.5507408340327821,1.4643632356109535,1.0233783,0,False
ZNF397,True,4.049030447483152,False,0.26025958775339364,1.366890628932865,0.79011184,0,False
MLL,True,4.185172982101273,False,0.5698705047319184,0.8136131098759911,-0.24228409,0,False
ZDHHC16,True,4.161563236800555,False,0.27402887437630286,1.296940505170292,0.6555701,0,False
DDX47,True,5.983517445157214,False,0.6900997717272105,1.304170582480577,0.74961036,0,False
TAPBPL,True,5.803712251629331,False,0.543828217694417,1.437989102609083,0.9784741,0,False
BTG1,True,7.063440403413808,False,1.1506986717300514,0.9406823750000779,0.082672976,0,False
CNOT4,True,4.767358517604686,False,0.5097742988631152,1.0993620467260268,0.32123247,0,False
APEH,True,6.232343912885173,False,0.8314716682150064,1.1281951513817807,0.39987683,0,False
TMEM159,True,4.960321906810742,False,0.6913384100692079,0.5337754303071247,-0.731212,0,False
PCYT1A,True,4.234436144686898,False,0.3314374093352947,1.2866630905034877,0.62308127,0,False
BRMS1,True,6.157221165474729,False,0.6723109246137626,1.4250582795510172,0.9488618,0,False
LGALS1,True,9.526216046090878,True,1.3533597178418755,1.461865687973108,1.2836884,1,False
TAF1B,True,4.262265855614491,False,0.32478319604468175,1.2196447974838505,0.5105657,0,False
PCMT1,True,7.4118546238655725,False,1.0443795533429545,1.2621376401955962,0.69874763,0,False
SGPL1,True,4.80491121521985,False,0.5724332363969642,0.9219390527749649,-0.01149587,0,False
GON4L,True,4.981260701944341,False,0.6596934684642421,0.937824761222919,0.04428805,0,False
AFG3L2,True,4.477850622464786,False,0.4164807592454127,1.0413780249887232,0.15359773,0,False
C5orf15,True,6.102529503808847,False,0.7704440870697721,1.1022144824824474,0.37214294,0,False
LILRB4,True,5.1351385080639345,False,0.2625836638460666,1.5836536652175643,1.2155284,0,False
GSTA4,True,4.6717416976577395,False,0.3442956221492356,1.3153235386782283,0.64959115,0,False
UBA7,True,6.111021203002196,False,0.7736652050258688,1.3001812974599836,0.74483305,0,False
GRIPAP1,True,5.388732409342084,False,0.8939329232819386,0.3028412759994495,-1.1373615,0,False
EIF4EBP3,True,4.455533810258642,False,0.3126417765907988,1.4625783410336626,0.9656696,0,False
ACBD6,True,5.623267274854811,False,0.6063463434348081,1.2746012262664683,0.6530724,0,False
YEATS2,True,4.0674829169491105,False,0.47535918889963,0.7727542332993438,-0.36197916,0,False
PQBP1,True,6.5734264146530785,False,0.8344537459767025,1.3934153116459194,0.91264087,0,False
JTB,True,6.406964455649534,False,0.8341286433081857,1.2336251312598148,0.62922025,0,False
CLEC2B,True,5.704928975194134,False,0.7547004513731348,1.1963599854148148,0.54051644,0,False
REST,True,4.098663869786453,False,0.41801331227729444,1.0355936637687932,0.15822421,0,False
MRPL47,True,5.870746449660706,False,0.6499860520620935,1.3417866657504518,0.76788074,0,False
COPG1,True,6.459451264236921,False,0.8392247853882202,1.1448181206841719,0.43440583,0,False
IDH2,True,7.378680621862519,False,1.0219989551557709,1.3183285258830342,0.75352806,0,False
HSD17B4,True,5.3196126549371785,False,0.5419941874684324,1.226276258573079,0.564775,0,False
C1orf56,True,6.244303413979227,False,0.9274141198858658,1.13793004738572,0.4732,0,False
NOP2,True,5.445615807967752,False,0.5573164480051928,1.2626456477778776,0.62472665,0,False
ASF1B,True,4.115390796773098,False,0.22194843725172597,1.3470505320624744,0.7589142,0,False
RPS3,False,11.196855355391715,False,2.171108923593379,0.17589477468297554,-1.1384718,0,False
FKBP14,True,4.584811731044198,False,0.847980357200355,-0.4451827918281667,-2.451609,0,False
SGCB,True,4.302417154098085,False,0.648300468081045,0.08021614368909055,-1.5876092,0,False
APMAP,True,7.277232445652145,False,1.0251982065124583,1.2594937643295818,0.7063116,0,False
ARHGEF2,True,4.213142036501097,False,0.46636672437374693,0.962369388929663,0.04126626,0,False
BNIP2,True,6.277428604964488,False,0.8102070509896494,1.2343734456948452,0.6210925,0,False
DHX30,True,5.8417025345876885,False,0.9290793245492173,0.5374763992666135,-0.69272524,0,False
EEFSEC,True,4.307810690439044,False,0.33249576274901227,1.2635990610883772,0.60493547,0,False
ERAP1,True,5.250263323280053,False,0.6388473895221827,1.0659206461320876,0.28517857,0,False
PPP2R1B,True,4.488251739790236,False,0.43497919429798226,0.9693778612516897,0.058320813,0,False
CNN3,True,6.886463104012696,False,0.7951155895558588,1.28206417502794,0.68130577,0,False
RHOA,False,9.210447801062912,False,1.756081372859584,0.5435031449017184,-0.44714928,0,False
SLC1A5,True,5.492562790618863,False,0.5557528407483954,1.1902707835968733,0.50538176,0,False
C11orf58,True,6.95565075680208,False,1.3789497680823215,0.1652792624400941,-1.8835683,0,False
SUN1,True,4.572201831904336,False,0.4157672750391139,1.1203342303421238,0.31906655,0,False
ASB3,True,4.21462669961461,False,0.3390360040393642,1.273507403125829,0.6315983,0,False
ZDHHC24,True,5.09197632441097,False,0.4472964620578761,1.3003100536914944,0.68207395,0,False
DNAJC3,True,5.283026586213092,False,0.7317079193804589,0.8702149975255848,-0.09048236,0,False
LITAF,True,7.792746105663546,False,1.2664103697458269,1.146656970699758,0.38658026,0,False
ZNF410,True,5.814614641423545,False,0.6876053833848422,1.1965131694565154,0.505381,0,False
MPC1,True,5.848841382787141,False,0.6542027020205248,1.3350988510756603,0.77832335,0,False
TAMM41,True,4.765159097131473,False,0.3785428232719759,1.348070562799084,0.7964415,0,False
PPP3CC,True,5.156278660744367,False,0.45128447932045834,1.364788063300571,0.8365492,0,False
MEA1,True,7.140071738662752,False,0.9828185388662829,1.3253687177869389,0.83346725,0,False
CDPF1,True,4.33225944367314,False,0.28130005255061974,1.4008693882209189,0.8449104,0,False
C4orf48,True,5.7821755040766485,False,0.6681556421203925,1.238709309524066,0.6041205,0,False
NKG7,True,10.048615948110662,True,1.2052617944529809,1.9048409697403441,2.405249,2,True
EMP1,True,5.011669180560663,False,0.3699108070495028,1.1604198656059546,0.38122877,0,False
ACTR6,True,5.145360462968531,False,0.46220695440651094,1.2955732625878524,0.70034254,0,False
CHCHD7,True,5.761465731113957,False,0.6414570978910674,1.3414423906518367,0.7873867,0,False
SHANK2-AS3,True,4.032036651919253,False,0.721522038081892,-0.16620204254081056,-1.9972725,0,False
COG2,True,5.127060654392418,False,0.5133068939307208,1.2142502073142825,0.53222007,0,False
TARS,True,5.75604501621595,False,0.6682073759472313,1.184757286344901,0.48142627,0,False
ZNF92,True,4.41147436721756,False,0.3074119758055096,1.3350112500905678,0.7508411,0,False
TRAPPC2L,True,6.673166470088941,False,0.8098266046360284,1.373658561822188,0.871652,0,False
JMJD7,True,4.660062676150798,False,0.3411083337469728,1.4626454280871473,1.0110464,0,False
CCDC109B,True,6.184272176542722,False,0.5489739827302627,1.6379995180494245,1.3562865,0,False
INGX,True,5.397384980227534,False,0.981663824397556,0.1496794638396531,-1.408122,0,False
RPS2,False,10.372491292096964,False,1.9338031546771783,0.5435798926862042,0.34509945,0,False
C17orf75,True,5.305038381727108,False,1.0234280273379737,-0.3384889863591363,-2.3392153,0,False
SNRPE,True,6.651235569545841,False,1.0138395368014705,1.085174868898149,0.36363348,0,False
CUEDC2,True,6.478361014047382,False,0.7496125951738144,1.3974500836639299,0.93275,0,False
MTHFD2,True,6.35217139277497,False,0.7478797462091737,1.2778106881545714,0.70513517,0,False
SS18L2,True,6.190975219275877,False,0.7033309370958724,1.4298649164464465,0.9799754,0,False
OAS3,True,4.95417979347928,False,0.4987137969661558,1.2438660164994941,0.5688597,0,False
VPS39,True,5.011703039926367,False,0.5414451489390066,1.1456874147025027,0.4231053,0,False
STARD3,True,5.448737889857218,False,0.6132726539906848,1.2005155538084429,0.50729245,0,False
LIMA1,True,4.807366109032147,False,0.4650724097527552,1.069435471562842,0.21929173,0,False
MORF4L2,True,7.265764209264777,False,1.0638205120715658,1.1752485785352031,0.49199286,0,False
MTFMT,True,5.629841564317458,False,1.0854116471847686,-0.14897728900298882,-1.9793282,0,False
ZNF76,True,4.896712203843385,False,0.4876164940900243,1.2044934280082167,0.5122374,0,False
INF2,True,4.363873290129741,False,0.36941571891160313,1.1597489195561441,0.3910929,0,False
LYST,True,5.43264135759835,False,0.7729353915694535,0.7823240165552703,-0.22842944,0,False
KLRK1,True,8.527927462150808,True,1.0336963410343618,1.748218018488369,1.62152,2,True
ZNF281,True,4.6002892068194186,False,0.3923634069620487,1.2134624160201781,0.5181701,0,False
ZYX,True,5.783847760549016,False,0.7415644303938451,1.1435374354849261,0.43979037,0,False
SYNRG,True,4.5856186923750135,False,0.6351977668862395,0.6284454897720397,-0.53144854,0,False
GATAD1,True,4.621630399166846,False,0.8400761897324848,-0.24782463540783362,-2.1385677,0,False
TMC8,True,5.427486597308813,False,0.7256023686764942,1.1228551406998155,0.41241282,0,False
HIGD1A,True,6.009272826947538,False,0.8932816800339614,0.8978958102859118,-0.034875184,0,False
BZW1,True,7.3196943179457605,False,1.1466705628190907,1.1032243098895367,0.3162478,0,False
RBBP4,True,5.7865660244245944,False,0.993325260181736,0.4685404120704433,-0.8296736,0,False
PRKAR1A,True,7.590905689034259,False,1.2482184705456936,0.9109952179317797,-0.06090715,0,False
LOC389791,True,4.231477303886684,False,0.5521804732187261,0.6818559802388358,-0.426671,0,False
S1PR4,True,4.189765695182395,False,0.22474629587564687,1.6262230541246205,1.2952368,0,False
ETV4,True,4.022775024788115,False,0.28688015084592355,1.240535122496671,0.48731455,0,False
MPP1,True,5.121422698623946,False,0.42245970166468655,1.4022677338449359,0.87958944,0,False
STARD3NL,True,5.438397458153218,False,0.5392776264699833,1.2183781553292574,0.5730577,0,False
CCL20,True,4.193525065570938,True,0.08404882949343404,1.7382635196547542,1.536215,1,False
CCDC86,True,4.4637897136774285,False,0.36651741687908346,1.1941646625902733,0.4319287,0,False
SMN2,True,5.272192221193301,False,0.5863200962542691,1.1762747283149713,0.5015098,0,False
CTBP1,True,5.523387517827671,False,0.8314996826338459,0.871988030905374,-0.06402225,0,False
ASCC2,True,5.650542007445994,False,0.6388459223690923,1.2197830057509713,0.5578844,0,False
PSENEN,True,6.332192457204971,False,0.7555061483076926,1.3608093806985129,0.8548535,0,False
CAMLG,True,5.950521663476572,False,1.0148867941744042,0.5228844886299954,-0.72695583,0,False
RSAD1,True,4.435602613256149,False,0.2920976533118084,1.3597170730706578,0.785237,0,False
RGCC,True,5.009464371343389,False,0.3356981813773714,1.5541838470598903,1.2078071,0,False
KANSL1,True,4.058685010261835,False,0.4554425525466461,0.9028382094768351,-0.09224383,0,False
BAD,True,5.621399391493436,False,0.5759974799974417,1.3648302168453537,0.81877875,0,False
ZNF644,True,4.821499040711913,False,0.5356869353875138,1.0570283392920472,0.24608187,0,False
MFSD10,True,6.304198768364845,False,0.8180237145160602,1.1822253195510823,0.51409066,0,False
GABARAPL1,True,5.638622565999543,False,0.6134570332333513,1.2735395445151902,0.6460644,0,False
LAT2,True,5.843351369450668,True,0.5057063453864725,1.6947992822806994,1.4780964,1,False
SUGP1,True,4.820201635811786,False,0.4592356719879085,1.272911000714932,0.6326602,0,False
RNF168,True,5.368818449188645,False,0.6843286476991699,0.9894093378974771,0.1530121,0,False
ISG20L2,True,4.9167898336447715,False,0.5714714222168938,0.9182102371473739,-0.039070904,0,False
TNFAIP8L1,True,5.659336635676428,False,1.129307625650876,-0.27587461346667597,-3.0076869,0,False
UBXN2B,True,4.379362520647014,False,0.5629209642669757,0.6906029316151348,-0.47120634,0,False
PRDX5,True,8.101391832761212,False,1.3255985884081332,1.1450968063134008,0.5219784,0,False
MED6,True,5.563994354087179,False,0.6862266388176541,0.9807114669240047,0.12825686,0,False
TXNDC5,True,4.172747279835736,False,0.3056326672564087,1.2982457538639856,0.65079737,0,False
CD46,True,6.626093683243407,False,0.9343757818089113,1.0399058211442995,0.2630724,0,False
TYSND1,True,4.0002234899839175,False,0.3533121749565782,1.0757918105599646,0.19215533,0,False
SIT1,True,7.120467069424477,False,0.8887422971017631,1.562528286119421,1.2498895,0,False
DEF6,True,6.772211994975713,False,0.8844553443383489,1.3593906597494865,0.88377506,0,False
UTP14A,True,4.472289226350426,False,0.3722785409207973,1.2869630459506598,0.6407871,0,False
WRAP73,True,4.9851999706541,False,0.4322145328246051,1.3498861479498783,0.7884934,0,False
NXF1,True,6.284606963877709,False,0.8155722135382573,1.1921671764219184,0.5327267,0,False
TUBB3,True,5.296606844527268,False,0.38089013169780334,1.3794198552090045,0.78561866,0,False
SEC22B,True,6.713632109220453,False,1.0612469267708333,0.9669399147111223,0.024428507,0,False
GID8,True,4.116039751849637,False,0.39669083540636896,1.1239082441829624,0.3288135,0,False
EPC1,True,4.518491861038633,False,0.5068932909831665,1.1141489762785646,0.32280418,0,False
TES,True,6.22324593190287,False,0.881094893331259,1.0169907405450016,0.22352159,0,False
PNPLA8,True,4.561247807342607,False,0.4866272771283941,1.049487505168999,0.2109552,0,False
POLR3C,True,5.653882425904763,False,0.5792290578767249,1.3096288102714357,0.71657825,0,False
BEX4,True,5.839791175462078,False,0.581976498719222,1.4689675739751014,1.0167413,0,False
RPS6KB2,True,4.825222717728342,False,0.5048242329206097,1.1071352097013623,0.34018248,0,False
ADRM1,True,7.2455884052218105,False,1.0813348883161291,1.2108653592822423,0.5599905,0,False
DCAF16,True,4.8330414813546,False,0.6848428007383329,0.49386172298991526,-0.8026785,0,False
SLC35E2B,True,4.534122268808055,False,0.5442433630854299,0.9560953973558081,0.04327593,0,False
PRRC1,True,4.121820885335036,False,0.387682352303825,1.015826030585675,0.119393036,0,False
AIMP2,True,5.4049398034893725,False,0.48068687072800015,1.4060001463383713,0.8867824,0,False
STAG3L3,True,5.234191735600231,False,0.673022647915341,1.0360410038369179,0.22740139,0,False
ARNTL,True,4.321150315812081,False,0.320145409658949,1.365714727273338,0.8120677,0,False
CCL2,True,5.519649624366687,True,0.22257214598297964,1.7622893771209873,1.5666711,1,False
KPNA1,True,4.23081185314646,False,0.4455938530776374,1.0145607612332002,0.1341677,0,False
TMEM41B,True,5.4717250553521914,False,0.9834163082009926,0.08584087312771013,-1.569353,0,False
S100A11,True,9.36222276611983,False,1.5666224564525961,1.167348776357929,0.79739803,0,False
CLTC,True,5.14413716636754,False,0.7069046945328297,0.7481187607141572,-0.31122026,0,False
SRP9,True,8.314284924038828,False,1.426549455312299,0.9883626827876104,0.18852547,0,False
ATP5EP2,True,4.553922493500514,False,0.633445440587582,0.8604367346385886,-0.094224185,0,False
FAM26F,True,6.082839869307643,True,0.41915832905291006,1.7989001961320077,1.7017895,1,False
RPRD2,True,4.224654297357909,False,0.4961610903301483,0.9097585154075478,-0.09206087,0,False
ALKBH4,True,4.284177069708788,False,0.5150070389736439,0.584080377483069,-0.66049594,0,False
NXT1,True,5.804569823345713,False,0.5924198568854564,1.4162609709794105,0.9319959,0,False
ECI2,True,5.867971243556051,False,0.5898647642990166,1.4224976219670555,0.92264515,0,False
SNAPIN,True,6.126255963866993,False,0.7324044720109739,1.3064539959378263,0.73086715,0,False
RAN,False,9.371579035703824,False,1.6566165918215083,0.9736213395808971,0.42797822,0,False
UFC1,True,7.357542515910804,False,1.1152085802584026,1.2321200611019625,0.6089725,0,False
EEF1A1,False,12.458665273603586,False,2.3291791149986225,0.06080202390850317,-1.1455451,0,False
GAR1,True,4.791250146857405,False,0.4449319496413239,1.2734602728151452,0.63285965,0,False
INTS3,True,4.196020951370781,False,0.4303271808540331,0.9250042526663558,-0.037332263,0,False
ISYNA1,True,5.426636079883727,False,0.5609274948047036,1.255624933292031,0.56689477,0,False
LSM7,True,7.223266102173771,False,1.03174130050254,1.3255205187437078,0.8347282,0,False
LRRC47,True,4.867064034707007,False,0.6246151018491757,0.6566629385277876,-0.4821238,0,False
COPS7B,True,5.250948865750455,False,0.4838375908767848,1.364823054213694,0.8160836,0,False
GPR89B,True,4.321404935243921,False,0.34647270531097285,1.216303365649026,0.49755713,0,False
KIAA0040,True,4.682141544234229,False,0.4217150821110247,1.3791549519221302,0.8355797,0,False
ITGA4,True,5.855370303533596,False,0.7837162700893445,1.127911328167469,0.42127645,0,False
SLC35A4,True,6.103813161502753,False,0.7252886208683746,1.2673473797710344,0.6761101,0,False
NSUN2,True,5.158331629505679,False,0.5618387152031319,1.158468632999225,0.45464754,0,False
PHF5A,True,5.888818751728912,False,0.6420223146943163,1.3083890488190844,0.7513509,0,False
TAX1BP1,True,6.861640641921135,False,1.136458117863885,0.9263305513188896,-0.038338818,0,False
TMBIM4,True,7.335595434557467,False,1.2676693602971763,0.7815893803184912,-0.5765675,0,False
SMYD4,True,4.98771049787047,False,0.9152210203977649,-0.23319632469542098,-2.1523395,0,False
FAM103A1,True,5.7808777672318445,False,0.7008845026956065,1.2281945892759631,0.57944816,0,False
MFAP4,True,4.328100689787715,True,0.12120919391048385,1.6806607018018602,1.4262856,1,False
SMCR7L,True,4.269608748239766,False,0.49690540462135296,0.6973379373064355,-0.4907698,0,False
FAM195B,True,6.471034549330316,False,0.8962542937153761,1.146966767718546,0.46144,0,False
GZMH,True,7.845589806511742,True,0.699853351352748,1.9106927100591715,1.8935708,2,True
PHF17,True,4.937489212463106,False,0.6014178506646727,0.8745833463755559,-0.082857355,0,False
NUP98,True,5.329540205813075,False,0.6770385961913958,1.0035529574784252,0.1734395,0,False
MTRNR2L2,False,16.547198771987276,False,2.6458456592707043,0.3294861109732232,0.70710677,0,False
ITGB1BP1,True,5.93350864076147,False,0.7723530376687089,1.1643692450950582,0.45863074,0,False
BRAP,True,4.106557094225873,False,0.34455280651708675,1.1796826910965397,0.4401005,0,False
RFC2,True,5.937203751815479,False,0.9859736664045609,0.3986580276580869,-0.96349543,0,False
MIR650,True,6.477649389361631,True,0.13167036776225954,2.0872716471600343,2.172678,2,True
KRIT1,True,4.012703897393568,False,0.41365995031345826,0.8496324268508988,-0.20105813,0,False
SERTAD3,True,4.284023298889063,False,0.3000560535932292,1.3865070374114787,0.8570301,0,False
FBXL15,True,4.386028391670966,False,0.4174903442903245,1.2389750463183211,0.5663874,0,False
CRX,True,4.495649769959211,False,0.8424458072737087,-0.30813613589203515,-2.342509,0,False
PLK2,True,5.838365020269995,False,0.4991980279526792,1.2770429929715799,0.64520925,0,False
ARHGAP9,True,6.852156323496801,False,0.9875336365704392,1.2523098946700124,0.6977556,0,False
EIF1B,True,6.894144782326828,False,1.017102745108389,1.149682365664916,0.4939039,0,False
LYRM9,True,4.675992910063726,False,0.31276980921254705,1.3960299531815739,0.84860927,0,False
PRIM1,True,4.847618906746811,False,0.37579227570061813,1.3999337712520683,0.88371533,0,False
ACAD9,True,4.57896878966743,False,0.4006352500418922,1.1851270706188253,0.4472207,0,False
TFB2M,True,4.556705361587511,False,0.38122704398865737,1.2230158920629959,0.508414,0,False
METTL9,True,5.614862848180627,False,0.6348181673616586,1.2321517255903078,0.59593153,0,False
ATP5O,True,8.226147759190338,False,1.3237291754157305,1.2223769093785708,0.7259311,0,False
SP100,True,8.039452174599967,False,1.4586404974639366,0.7132038719859546,-0.48665494,0,False
LOC100130954,True,4.1318193786111514,False,0.7138469580530254,-0.17532268690576094,-2.0258183,0,False
CPSF1,True,4.740787809689688,False,0.5182120470059937,0.9986144800355254,0.09066729,0,False
S100A4,True,8.982110150033023,False,1.3673099938085507,1.4760765563722607,1.4002507,0,False
LIME1,True,6.881113526298609,False,0.7810768767012811,1.5841810727732626,1.2948225,0,False
NUP188,True,4.440120129364568,False,0.43537290155844977,1.0497815500251881,0.22141005,0,False
RPS20,False,10.461657270241247,False,2.050478800048065,0.2661829863738932,-0.3968419,0,False
DDRGK1,True,5.450262462155719,False,0.5324411888574532,1.287871546222648,0.677642,0,False
CLIC3,True,5.190255676000603,True,0.2789642837543035,1.7457118389938298,1.5939888,1,False
JMJD6,True,5.664321785552095,False,0.7528694357848179,0.8462732181803476,-0.11860576,0,False
BCL2L2-PABPN1,True,4.121651680945803,False,0.49049793084962334,0.806960761823693,-0.22540028,0,False
CTSL1,True,7.702589733802601,False,0.8260355964572588,1.403184836486266,0.9288468,0,False
PPM1B,True,4.678512091478782,False,0.515798929468422,0.8094292085046622,-0.18139766,0,False
GZMA,True,9.011783740582601,True,1.0839205127109581,1.8425398974676293,1.8887136,2,True
AAMP,True,6.881307977613153,False,0.9550655027291372,1.2053793130847659,0.6017526,0,False
FMNL3,True,4.81321668394306,False,0.6333759022726732,1.022598778805369,0.17042825,0,False
TRIM13,True,4.639732849307553,False,0.6725172950438457,0.5826533694320118,-0.6312941,0,False
SRSF10,True,6.633324661742462,False,1.120899339882354,0.5890424214245565,-0.7745991,0,False
TSPO,True,8.553070728462078,False,1.374853797881244,1.2146863395923306,0.76514965,0,False
SYMPK,True,4.04162015085669,False,0.4272226032858308,1.0610268715018742,0.19017346,0,False
TBPL1,True,5.378936024857874,False,0.4722639852021996,1.507410501377214,1.1022978,0,False
ARRDC3,True,6.478632083336523,False,0.8791803488462964,1.1186146985507137,0.4402542,0,False
STX12,True,4.986261378163618,False,0.5373139927800558,1.1094250417790938,0.33107144,0,False
MRPL39,True,5.717334300543405,False,0.5631046890591838,1.388275933923159,0.8705813,0,False
IFIT5,True,4.196129403596302,False,0.3263519811088934,1.3515131786347063,0.7707784,0,False
HPCAL1,True,5.931450205663257,False,0.6073962904678807,1.3621854206694617,0.83669275,0,False
PLA2G15,True,4.155188337242552,False,0.2705040556732346,1.2042970608591383,0.46090475,0,False
CDH1,True,4.243731827298976,False,0.3824398617648852,0.2955985837099583,-1.1795911,0,False
ITPA,True,6.579055613354398,False,0.851033668177164,1.3468734996233027,0.8289527,0,False
CCDC101,True,4.790025546151125,False,0.35225946042783635,1.4966614702161583,1.0727869,0,False
SAP18,True,6.506252987112286,False,1.0729665668083777,0.9246171937837474,-0.058290157,0,False
CREG1,True,5.642314805287068,False,0.5302465757862111,1.27773669383813,0.6551767,0,False
IFIT1,True,4.253966640049545,False,0.3427600432337241,1.2106832038141935,0.4491957,0,False
SERPINB6,True,5.9566983474610895,False,0.6977180552678874,1.183906920677186,0.4942034,0,False
JUNB,True,9.629471432387158,False,1.5369052423227503,1.1796691127160426,0.8966817,0,False
SYS1,True,5.575926369396661,False,0.6477214923850367,1.2125659232435297,0.55864674,0,False
DOCK10,True,4.803317145785697,False,0.6233579749988164,0.9298844041405132,0.04049412,0,False
ETHE1,True,6.155890886815882,False,0.6289469831381342,1.473193902349832,1.0228156,0,False
R3HCC1,True,5.392527427022108,False,0.5000281239998489,1.4005777428621409,0.86027765,0,False
RPAIN,True,5.591470173377908,False,0.7073483965386236,1.1605519537796198,0.46864048,0,False
SRSF1,True,5.924955943390158,False,0.9655591913706301,0.7069463637322251,-0.3634977,0,False
ACTR1B,True,5.543522489064848,False,0.563206280213093,1.3412843397002472,0.788906,0,False
EEF1E1,True,6.086601656342754,False,0.6756832595428295,1.317138994988432,0.73537576,0,False
LAMTOR1,True,7.1067147480765405,False,1.0106473564792207,1.2261066581103748,0.6410985,0,False
ESF1,True,4.134632185860778,False,0.4242058657912834,1.0446389120585173,0.1804023,0,False
ANAPC16,True,6.714767522299461,False,1.3276472058836157,0.28742728161536535,-1.7398964,0,False
MRPL2,True,4.691961407636761,False,0.4454026380384055,1.2471653687769257,0.57979935,0,False
C19orf48,True,5.926631215550391,False,0.6154394437976833,1.3415824061180288,0.7687606,0,False
CD52,True,9.517733371902304,True,1.5489529280735848,1.4876905057481025,1.5601597,1,False
VPS18,True,4.122983556587753,False,0.31704076145524496,1.2579270185881148,0.58178085,0,False
AP4S1,True,4.900062774952641,False,0.9294333773699072,-0.29588250320667253,-2.2759204,0,False
UBA52,False,8.021026133997234,False,1.6779012055265665,0.12584613588378518,-1.6478411,0,False
CPNE3,True,4.991294904942373,False,0.5772530239865811,1.074745200341936,0.30051094,0,False
PARP10,True,5.437755992624256,False,0.5573010351757218,1.1960272138915427,0.5715724,0,False
CXCL9,True,4.491414677101157,True,0.14992596785039417,1.805055051927642,1.6763817,1,False
EIF2A,True,5.732873301690426,False,0.8097405027621282,1.0214265056833254,0.19665976,0,False
CRBN,True,5.56694608689139,False,0.6326477062427212,1.2981231935948743,0.6966406,0,False
ABCF3,True,4.810584066837006,False,0.45796440575553743,1.2335557061047226,0.5594168,0,False
NCBP1,True,4.693574062010346,False,0.649545675358296,0.6206301732352795,-0.5627487,0,False
FGFR1OP2,True,5.863378301263869,False,0.7290667513381859,1.213626171584379,0.57109946,0,False
DNAJB9,True,5.945628553771012,False,0.6422744167634264,1.399381037801007,0.921126,0,False
MRPS27,True,5.833856102028192,False,0.7770564604714316,0.9319627584584358,0.02327872,0,False
WBP2,True,6.403215767734392,False,0.9808153980138761,0.9521834469628498,0.11104335,0,False
PRPF18,True,5.304226438963389,False,0.5049180273084061,1.3541054405333917,0.82991284,0,False
TMEM138,True,5.121983150657471,False,0.5137219111683393,1.2490272801110567,0.58786404,0,False
MIR155HG,True,6.009271330650367,False,0.548619758929026,1.5722099586166989,1.2443943,0,False
TIMM8B,True,5.654870204477817,False,0.683351386005808,1.2628180004896032,0.61731327,0,False
PAPSS1,True,5.765950961919908,False,0.6288621458718462,1.2502074164480432,0.6067277,0,False
ELF2,True,4.259413506822121,False,0.407011847003749,1.10293337882338,0.2849906,0,False
LOC389641,True,4.892747473301493,False,0.7563932991298383,0.30177402377631435,-1.0821768,0,False
UBXN1,True,7.794522779941192,False,1.2907327208189912,1.1363806535642222,0.36157715,0,False
ERP44,True,5.451675315597056,False,0.7737978432544869,0.941428911797608,0.052748162,0,False
METTL7A,True,4.447056599365427,False,0.6172600990482421,0.4303742517790968,-0.9160996,0,False
HIF1AN,True,4.311235717748261,False,0.465471028074837,1.0640666939042989,0.24272957,0,False
NSA2,True,6.418488617195189,False,0.9156629491811326,1.147178640049074,0.47017515,0,False
NEDD8,True,8.170260836826957,False,1.30175949115662,1.2508056157433982,0.6749606,0,False
MRPS2,True,5.549213242837978,False,0.5573277940227378,1.3876251614124144,0.8437636,0,False
ABHD11,True,5.295594405198066,False,0.9118852143612015,0.22234356642640535,-1.3281896,0,False
INPP5D,True,5.97773185922494,False,0.8588378048983365,1.1527397278977292,0.4622334,0,False
CALM3,True,6.018809646413686,False,0.9328823876169552,0.8681531216968366,-0.08703755,0,False
ACIN1,True,4.764689767323085,False,0.6275684511874817,0.8686980507392921,-0.09143432,0,False
CEP41,True,4.648598257875318,False,0.8347353459063169,-0.20497050156409297,-2.0498967,0,False
MS4A7,True,4.431056013900872,False,0.38767889613912043,1.04404694999558,0.1704676,0,False
AGXT2L2,True,5.5244098810859334,False,0.6154672794832958,1.2538682898293185,0.62026477,0,False
ZC3H11A,True,5.13568120698988,False,0.6361935920485979,1.0163017061094421,0.18745771,0,False
HAUS5,True,4.239067176298781,False,0.5540066212540333,0.5608190067181869,-0.7107454,0,False
RNASEH2A,True,5.278602362919622,False,0.4379938048581912,1.3736151650388966,0.8123095,0,False
TXNDC11,True,4.3920903180025315,False,0.35076728511504984,1.2719605438044774,0.6235019,0,False
NVL,True,4.4036554011929745,False,0.3592064193927675,1.2280058863164514,0.5228027,0,False
NUP54,True,4.999829629944419,False,0.4574208354876772,1.2821247400820082,0.6586465,0,False
STAT2,True,6.1712908600742455,False,1.0637754868978067,0.3972857061629367,-0.94317806,0,False
PTAFR,True,4.373711266397433,False,0.6372189921328631,0.16028432977963536,-1.4983361,0,False
RNF40,True,4.032060708629708,False,0.4140826512956479,0.9465383012103807,0.018144902,0,False
TM7SF3,True,4.446146526626345,False,0.5555689540652935,0.3878949843283087,-0.9479343,0,False
NCALD,True,4.329444628983431,False,0.3171347963270309,1.3377813430911245,0.7672975,0,False
SNAP47,True,6.048487700673746,False,0.6596372623269761,1.3849988762125207,0.88221705,0,False
REEP4,True,4.711084142950391,False,0.3618704671919176,1.2870463008105508,0.6728773,0,False
MTSS1,True,4.025399374565106,False,0.3877950892655244,1.108940660237738,0.2989291,0,False
DLD,True,5.682669898199591,False,0.719579420473927,1.0736471958438796,0.31221616,0,False
CDK5,True,4.871401260860735,False,0.3965784960221694,1.2898668811515672,0.64153343,0,False
RANGRF,True,5.740967996113522,False,0.5721354535762069,1.4201263386193075,0.9377797,0,False
DNAJB12,True,4.542483902251094,False,0.4516687942026316,1.148074265017164,0.40180078,0,False
MLANA,True,8.059416495969268,False,1.1418063715038391,1.0122689492898516,0.18129803,0,False
RPS7,False,10.38844652811172,False,2.023791202621222,0.3551853820236466,0.075002834,0,False
JAK3,True,6.6623736100695545,False,1.1469952873940104,0.7815281674743909,-0.45741075,0,False
TRAPPC4,True,6.2195066479652645,False,0.7418247850421164,1.3553494464599898,0.8470115,0,False
CETN2,True,4.733782961651183,False,0.3799246583857585,1.3365957753043762,0.7225776,0,False
RGS10,True,6.639627772007282,False,0.892048589097155,1.3786411380029093,0.88288397,0,False
GTF2H2D,True,4.231782662693916,False,0.34808348010380646,1.2246382628409025,0.5076664,0,False
ZBED2,True,5.2252158846354,False,0.2888314617917241,1.7218221227397468,1.5021049,0,False
TMEM258,True,8.259267041248116,False,1.2838202094500146,1.2803575727039123,0.8222976,0,False
PLD3,True,6.3893604720433865,False,0.8276113751125056,1.1885313363685266,0.5127803,0,False
SGSM2,True,4.1884307700615615,False,0.37899708497015483,1.1225147450388968,0.32409844,0,False
FOXP1,True,6.208476368688999,False,0.8969757089733834,1.091747692103565,0.3756482,0,False
MYO1G,True,5.9575750266064675,False,0.6381939783384776,1.4441479484837754,0.99955755,0,False
FAM114A1,True,4.5298423294814,False,0.7334852315225204,-0.11606713055966492,-1.9133942,0,False
SERINC1,True,7.473667205956813,False,1.2417642663335022,0.9262156976966756,-0.11192743,0,False
PEX19,True,5.303424920094238,False,0.5891779006337914,1.1767452509228966,0.46455273,0,False
PSMD7,True,6.798605691215424,False,0.9802398332312992,1.190638063832344,0.5425054,0,False
TM2D1,True,5.358902510816016,False,0.6217819199230024,1.168216251170482,0.43695325,0,False
TTC17,True,5.166086880792056,False,0.630629827164604,0.992956569621578,0.15265001,0,False
ORC6,True,4.938561609793923,False,0.8481735597572132,0.04832656398286022,-1.6538252,0,False
ZNF253,True,4.0785160666252604,False,0.3781428454569872,0.6996251648830214,-0.45845696,0,False
SYVN1,True,4.568016867476117,False,0.5335103013625602,1.1063419787361353,0.2575493,0,False
SMARCA2,True,4.4104955812670195,False,0.5074117774638696,1.0516220005415597,0.24381937,0,False
MIF4GD,True,5.913506812204251,False,0.5435176672745605,1.5105588479093388,1.1144909,0,False
TUBGCP6,True,4.682834272883507,False,0.5557759439932968,0.9883076158839549,0.12422482,0,False
ZNF791,True,5.688026367813413,False,0.5801435648623673,1.1749518577402767,0.47976258,0,False
P4HB,True,8.186714562144353,False,1.3323090483307043,0.991803529440557,0.11398729,0,False
F11R,True,4.160075147962205,False,0.5981108480791297,0.1937718929154779,-1.4208742,0,False
RSBN1L-AS1,True,4.086491268415486,False,0.45625403627924144,1.0559595136135975,0.20518203,0,False
PSMB1,True,8.753686964710807,False,1.4592481147311789,1.1247806396533666,0.5293317,0,False
TXN,True,7.236592012634872,False,1.1253103063642156,1.1441390439926251,0.42944697,0,False
EXOSC6,True,4.99125538661413,False,0.8853011760673415,0.14298146292056602,-1.4310222,0,False
ACTA2,True,6.034542775142283,False,0.42794323546249335,1.5488560663128894,1.1880773,0,False
ATP6V1D,True,5.8113598323206075,False,0.662775513770316,1.26890505676351,0.6271577,0,False
SPAG7,True,6.4960003689560075,False,0.739971742881712,1.4207544132185195,0.9518609,0,False
TACO1,True,4.266268141815756,False,0.2563842396605407,1.318538333942254,0.70804876,0,False
SNRNP27,True,5.999634950467808,False,0.7852774266989262,1.2360592953665588,0.60923505,0,False
ARAF,True,5.259603468561671,False,0.5868121551397023,1.1999930778195433,0.52058315,0,False
KLF10,True,4.972347108621144,False,0.46308304582130577,1.2583173208453855,0.60301083,0,False
LOC613037,True,6.131453815768155,False,1.0444627578966739,0.6734628190997471,-0.4183371,0,False
NUP43,True,4.805436938626706,False,0.8055393025401986,0.03177443599011804,-1.6049602,0,False
PVT1,True,4.246988766752714,False,0.4535427126555261,0.9788222449403537,0.0744049,0,False
L1TD1,True,4.196187898684878,False,0.7430908340796871,-0.21200336048502305,-2.1014712,0,False
NMD3,True,5.07577508635241,False,0.47336272100387033,1.2642822211181621,0.6205284,0,False
LARP4B,True,4.542623739003477,False,0.5687362705362881,0.8712615855935327,-0.0934689,0,False
VPS13C,True,4.577744300786609,False,0.6518159299304436,0.6642672328188539,-0.48243606,0,False
METTL3,True,5.7691264897713115,False,0.5998530550548306,1.3861793563015297,0.86298794,0,False
REXO2,True,6.195573636725996,False,0.73043771984695,1.326762299030415,0.76157105,0,False
ANXA4,True,5.546233475253363,False,0.5964463820602015,1.2350978937924288,0.5517905,0,False
DCP1B,True,4.30147390714676,False,0.3079574752783681,1.3536705416463484,0.77719927,0,False
ATIC,True,6.533405679238115,False,0.8213769511371778,1.2635536343414087,0.66300327,0,False
ADAM15,True,4.871733715842659,False,0.4196806198988015,1.1030562423435377,0.2726842,0,False
NPL,True,4.40989552244376,False,0.3512439975858965,1.2259947044102097,0.5082947,0,False
SNAI2,True,5.362798128321089,False,0.37933217725083285,1.2832033141053247,0.5777589,0,False
ZGPAT,True,5.7762436934063315,False,0.6097375643437933,1.3746074488100608,0.85190284,0,False
C3orf38,True,4.703473437519208,False,0.40872340823349596,1.2520563359537396,0.60366166,0,False
SCAF11,True,5.403901607614004,False,0.8153743016421331,0.7277719185585714,-0.2878685,0,False
DLEU1,True,4.536210150379997,False,0.28972909750018244,1.4253546081872444,0.92097867,0,False
TADA2B,True,4.1487176759442255,False,0.6786148003449941,0.011851416161051124,-1.6962643,0,False
PXK,True,5.159178758948494,False,0.4834339414053528,1.335003811794743,0.7650477,0,False
DENND2D,True,7.152550344071402,False,1.0327999654146773,1.3620379413362222,0.8884325,0,False
BAX,True,4.844030266109875,False,0.4779389353084384,1.2014397988748766,0.5526152,0,False
RPL37,False,8.023562104212179,False,1.6295943462724631,0.29852295819990615,-1.1812159,0,False
G6PC3,True,5.551735674035529,False,0.563772270265256,1.0981816558249078,0.32488093,0,False
NCOA4,True,6.454844871251799,False,0.8891954781571367,1.1459394902890063,0.44396687,0,False
GORASP1,True,4.738848678009493,False,0.40732731041540876,1.2055870985714054,0.49641025,0,False
FXYD3,True,5.18563412567135,False,0.34919655776074177,1.4838165307426479,0.9543836,1,False
SMARCAL1,True,4.3854363212004,False,0.3356383651407001,1.2746997760467638,0.62011987,0,False
TUBB4A,True,5.217875861166728,False,0.34676972000606476,1.3594079095974325,0.76676154,0,False
S100A13,True,7.038974370348426,False,0.7927885606902739,1.4713749847348812,1.026922,0,False
ANXA11,True,6.2886216803301656,False,0.8630739553430619,1.2219603727652224,0.57969105,0,False
IFI44,True,5.9053134782856365,False,0.5677518009095651,1.5311996488181143,1.14375,0,False
ATP5G1,True,7.323319907642943,False,1.0271119823470316,1.2950954726507005,0.7739255,0,False
PPWD1,True,5.557009916175614,False,0.5899167439040378,1.275795087425435,0.66606575,0,False
TRMU,True,4.7245269354361925,False,0.4199305440132544,1.3021301991006242,0.673475,0,False
USP3,True,5.164868334795669,False,0.7557354072156519,0.8347052606531835,-0.14165936,0,False
LOC645513,True,5.026104693506623,False,0.42602114513532496,1.3649155488531606,0.81606,0,False
DCLRE1C,True,4.999354432777035,False,0.5369968497097994,1.1583824088307337,0.42884415,0,False
XPO5,True,4.093498662113652,False,0.3788539012561257,1.0600347041444629,0.17448133,0,False
RPS27,False,12.50666407373483,False,2.3076959950694573,0.30110532369664916,0.29428983,0,False
MSRB1,True,5.15022119501603,False,0.41723586253595774,1.4069737131823823,0.87857956,0,False
FSTL1,True,5.280893513123391,False,0.34425875486444685,1.2375127841177043,0.52760386,0,False
HAUS2,True,4.5016401897298035,False,0.7865097600823873,-0.12215095114633559,-1.899442,0,False
GCSH,True,4.889954917414544,False,0.46452672860073335,1.123844438188382,0.31668776,0,False
CLK4,True,5.159281307053806,False,0.4750395120605319,1.4215797579494338,0.9483547,0,False
CXCR4,False,10.796903563598313,True,1.7306582775137496,1.5169571892119555,1.8702644,2,True
IRAK1,True,4.651372244472616,False,0.5192076692034593,1.0362715353401297,0.15316215,0,False
LOC401397,True,5.554956084558877,False,0.5884730914293659,1.286058041132864,0.65351236,0,False
TMSB10,False,11.090360131369097,False,2.114819824708512,0.2391354701288759,-0.58416396,0,False
CXCL3,True,4.736182064290953,True,0.07375290775783415,1.8033192087119843,1.7359629,1,False
ESYT1,True,6.197063507908988,False,0.8153351697051046,1.1535833433820075,0.4614444,0,False
MIR4461,False,10.651159313512322,False,1.8975861046895237,0.8844679743280192,0.6878328,0,False
CCNI,True,7.24026078363892,False,1.1546957669604212,0.9642087164040073,0.15189438,0,False
ATP5G2,False,8.985532061293837,False,1.7109514070900174,0.7021538201266233,0.07627458,0,False
TMEM42,True,4.743529284610426,False,0.29463480521963153,1.5656815029669529,1.1888015,0,False
PARN,True,5.3297889555233215,False,0.6208679373692896,1.1383181707048593,0.39860365,0,False
SOD2,True,6.898897730673261,False,0.7103741704765048,1.3965821374452339,0.92956656,0,False
CYTH1,True,6.219219863167172,False,0.827262351309179,1.2580954045991224,0.657897,0,False
PNPT1,True,5.60121343340653,False,1.0640186419242421,-0.16926804673178963,-2.0180929,0,False
SEMA4D,True,5.601231302213946,False,0.7210463213584803,1.2029828212716474,0.5587888,0,False
AGPAT1,True,5.347296815424567,False,0.6197374645507056,1.0833428722505274,0.28223094,0,False
MAX,True,6.231075600380586,False,0.9233869026244399,1.029871842899807,0.24651125,0,False
OSBPL8,True,4.386690101105121,False,0.5581641244279562,0.804749454556665,-0.19090737,0,False
NR4A2,True,6.683708564316987,False,0.8680822445076462,1.2124589411184417,0.5975057,0,False
LONP1,True,4.200412765440813,False,0.34165537656772815,1.2291362659477854,0.5289567,0,False
PPCS,True,6.6790014872128625,False,0.9187057887904958,1.2748484619461016,0.7096887,0,False
HERC2P2,True,4.071323189383806,False,0.44032496205782684,0.8062520269772261,-0.29890817,0,False
DMC1,True,4.24524952053357,False,0.7480295179521472,-0.16794707075483284,-2.0088964,0,False
HEIH,True,4.793396854798146,False,0.38208518730221874,1.3907297635877933,0.86548275,0,False
C20orf27,True,5.011919185861132,False,0.5373126977196238,1.1607016060275157,0.4043442,0,False
RPS6KA5,True,4.506036125895893,False,0.392355680563094,1.2037234043306486,0.48185578,0,False
FAHD1,True,4.857882464897053,False,0.5257758158245038,0.925759862279067,-0.000811019,0,False
BAZ1B,True,4.003098539816343,False,0.4162570468162425,0.9235608496419279,-0.07701392,0,False
TERF2IP,True,6.2223239530107906,False,0.7313341046793762,1.2638649809447093,0.6836974,0,False
COL1A1,True,6.206290048248407,False,0.12877421190370905,1.6609380362323298,1.3488357,0,False
AP1S2,True,7.669469315537054,False,1.0218806799826796,1.2609792814958318,0.6960547,0,False
PRDM2,True,4.661073574981146,False,0.5874162540679325,0.9298534356056157,0.064170286,0,False
SEL1L3,True,4.695539944184943,False,0.45158461115462084,1.3060071587977744,0.7351131,0,False
SMYD3,True,5.029844458192945,False,0.4567087602112144,1.32207750556997,0.71337366,0,False
RRN3P2,True,4.745875280389539,False,0.4379392028718123,1.2576326502173873,0.63321567,0,False
WDR45,True,6.372407325681517,False,1.0510434889869162,0.5832657794729865,-0.6088163,0,False
CIDECP,True,4.037063266420792,False,0.22405531408534352,1.4358243137946967,0.9164426,0,False
LOC100507463,True,7.061597877902684,False,0.8952851040192896,1.493347618932666,1.1096132,0,False
CNPY4,True,4.1775875004358625,False,0.27897503638071136,1.3871322322003454,0.7879987,0,False
DUSP4,True,6.255468379941829,False,0.8260781885425921,1.0870248616279428,0.36524507,0,False
LOC96610,True,4.603798758256334,False,0.36983962526411973,1.1092592956276301,0.26039407,0,False
ZBTB48,True,4.2852118136973525,False,0.30790115400997803,1.3251252685023105,0.73129934,0,False
BUD31,True,7.060839141614269,False,1.0290626945646315,1.2400157761978252,0.63622874,0,False
FAM174A,True,4.352733268503143,False,0.29859598135200904,1.3192702567753471,0.67883354,0,False
PSMG4,True,4.765571065749029,False,0.42123920212427984,1.2892917411835336,0.6563377,0,False
C6orf70,True,4.120746036738066,False,0.27152753692748566,1.2982656802824522,0.6493698,0,False
ALG2,True,4.768394312794311,False,0.41980751028724533,1.2613693308523224,0.6101627,0,False
TPM3,False,8.63384943568454,False,1.7100735181354034,0.24815033435507536,-1.1899182,0,False
CETN3,True,4.573971855301611,False,0.37491872500957796,1.3173060906520426,0.6776504,0,False
CDK1,True,4.87030025856083,False,0.2801770231018909,1.418705244780026,0.8729322,0,False
NTHL1,True,5.032468752426845,False,0.3909707618898929,1.3970418591015408,0.84516805,0,False
POLR2B,True,5.839770069987497,False,0.7404159661901109,1.0654135633714643,0.30108464,0,False
RPS28,False,11.43428617587405,False,2.159452959465658,0.4007698712561098,0.56088763,0,False
PMM1,True,5.734029027228666,False,0.5722111214518465,1.3541639841226276,0.7885205,0,False
CBLL1,True,4.413721268079718,False,0.45486316641247737,1.1277381534723887,0.3444784,0,False
SETDB1,True,4.8893916379495606,False,0.4922197445230615,1.1772080875335618,0.46462843,0,False
GCLM,True,4.1939257859109915,False,0.6880623340879548,-0.1494700305111533,-1.9965997,0,False
CAMTA1,True,5.961357814243362,False,0.7373660107775099,1.2184964084547287,0.5649088,0,False
SAMSN1,True,6.747023127351161,False,0.8042480053931076,1.5021809279210667,1.1467781,0,False
GMPPA,True,5.303451308987213,False,0.5023311052672018,1.287740849017128,0.65542734,0,False
THADA,True,4.735637944978331,False,0.42411750963330613,1.1456847698625514,0.40388808,0,False
TAF12,True,6.126988543096639,False,0.6555890171698882,1.444272598786564,0.9802743,0,False
ID1,True,5.095548031502778,False,0.2230802481835451,1.662076701225058,1.3352365,0,False
COX8A,True,8.731350434650482,False,1.489661381189733,1.0580736607033454,0.42102027,0,False
CDCA4,True,5.059748751974906,False,0.42994319598678377,1.3781577856553953,0.82035553,0,False
LOC100128682,True,4.195071701283768,False,0.6442718510540124,-0.14792825311145,-2.0353892,0,False
IMMP1L,True,4.331922884975042,False,0.31632829721384903,1.3809446279014006,0.82974845,0,False
PWP2,True,4.840901196681881,False,0.4325285937015365,1.282247480450599,0.65835077,0,False
MTMR14,True,5.733360530448513,False,0.6441299103713853,1.3008773216220142,0.7206017,0,False
IPP,True,4.195317566797638,False,0.3441829322796127,1.0249931854957488,0.12279835,0,False
TMEM59,True,8.243083769759297,False,1.4113651863585936,0.9842777988255703,0.17593963,0,False
SNX6,True,6.426906984710972,False,0.9350038632975095,1.1292040734785953,0.43667898,0,False
DDX18,True,5.180379948046909,False,0.7608111086887767,0.8182354108506138,-0.2135833,0,False
ZNHIT2,True,4.044276803016187,False,0.23631007363641948,1.3598799756274718,0.7623141,0,False
POMT1,True,4.204762395059554,False,0.3071607918724645,1.2707429468922493,0.6194824,0,False
OGFOD2,True,4.07005343921734,False,0.33025471763024,1.249808942074025,0.56489444,0,False
CAPN1,True,6.228871832632983,False,0.8220703913691201,1.158334202092688,0.46752208,0,False
NME1-NME2,True,4.216988881173459,False,0.325779059369637,1.1923498864146909,0.4825576,0,False
DDHD2,True,4.6849205355123935,False,0.351708332709218,1.3697743951626786,0.8148424,0,False
ZBED1,True,4.290570517022038,False,0.4311180984497036,0.9270080732178438,-0.06660797,0,False
ANKRD49,True,4.3484600280418935,False,0.34458727903924813,1.2984439999886246,0.65546453,0,False
BTF3,False,9.661519808231565,False,1.8468582776062754,0.6349417305591981,0.032035403,0,False
SARS,True,7.428692919697385,False,1.238663589707433,0.8025734211507136,-0.519195,0,False
SETMAR,True,4.023441314299614,False,0.4758517914775282,0.73919525901291,-0.42432088,0,False
GAGE2B,True,4.593923097875435,False,0.10316306459832722,1.3742574640211673,0.7231964,0,False
SLX1A,True,5.772516188237493,False,0.7993392830618617,1.0849066700661885,0.31802237,0,False
MAN2B1,True,6.056672398087915,False,0.7649942555770797,1.2391988824734483,0.6160419,0,False
OFD1,True,5.142385695024026,False,0.6122652810212346,1.173736073239617,0.4946237,0,False
PEX16,True,5.179687841116559,False,0.5224667972028476,1.3675321768122704,0.82750326,0,False
GNG12,True,4.7709009765438175,False,0.4360998947801963,1.1258498945646982,0.27259353,0,False
UFL1,True,4.637483676461889,False,0.4634372139317269,1.0532624111666027,0.21970369,0,False
CD53,True,8.920668490106431,False,1.4582105550919962,1.377094345060196,1.2240516,0,False
TMEM11,True,5.60327726425867,False,0.5679843443073117,1.3563683458892082,0.7951596,0,False
PCCB,True,4.900057798563199,False,0.42110513834907737,1.3222640533157817,0.7020117,0,False
COMMD5,True,5.74929624532224,False,0.5941093384477557,1.3779547574768756,0.83820987,0,False
ARHGAP15,True,7.465254395560474,False,1.1165968744548667,1.3461854221055787,0.92486125,0,False
HDHD2,True,5.498134696318514,False,0.5773041675070774,1.2819449943687335,0.6838498,0,False
LTBR,True,5.525151619460273,False,0.5770992958643175,1.1301591818155963,0.345574,0,False
GNB4,True,4.120443836548806,False,0.6393745086665392,-0.05252228492427838,-1.8353745,0,False
ADRA1A,True,4.357998282908464,False,0.7912956669347997,-0.1482173162648494,-1.9268502,0,False
ASAH1,True,7.622594143000581,False,1.0063141793738624,1.252182153377412,0.6897555,0,False
OVCA2,True,6.152430803047783,False,0.7105564448057884,1.341582000516583,0.82308567,0,False
DOM3Z,True,4.4581543773786505,False,0.3787575930338897,1.2839103524775464,0.63963115,0,False
AHI1,True,4.2670533355286215,False,0.46492730532401616,0.8698650728461834,-0.10447899,0,False
NADSYN1,True,5.509924205641895,False,0.6012830672707926,1.2455638744593078,0.5949305,0,False
RGS14,True,5.474586471812502,False,0.5296285383876476,1.4824007728557005,1.0563356,0,False
IL18BP,True,5.429287344315131,False,0.49427205693917264,1.42703680806846,0.93547046,0,False
ARMC6,True,4.89917610150872,False,0.420829511569614,1.2645008588015991,0.6036666,0,False
PSMD5,True,4.70051177000455,False,0.49374425472146766,1.010374018306093,0.1571845,0,False
RSU1,True,5.413932654122028,False,0.7793144664907256,0.8748756548790468,-0.09855751,0,False
MAD2L1,True,5.347200730679107,False,0.41448915289156074,1.4464619843656958,0.96027404,0,False
EIF4A3,True,7.11796335809733,False,0.9702683598605955,1.229905404813373,0.6503131,0,False
E4F1,True,4.606305887120961,False,0.3384235421198871,1.3643873086534954,0.79821676,0,False
C16orf62,True,4.506740954744449,False,0.4342707247270456,1.198707498141806,0.48335585,0,False
CHMP2B,True,4.949960173821658,False,0.5533897016726146,1.202183209267245,0.49818903,0,False
RPS21,False,9.948140145295746,False,1.8692622625041215,0.6816181358088329,0.38341057,0,False
ACO2,True,6.407551968714033,False,0.8440429883257188,1.1969770983705286,0.53744787,0,False
ARID5A,True,6.679818958485938,False,0.8101166175847065,1.464722449533029,1.0504234,0,False
UBE2N,True,6.481808609123447,False,0.9690036985601937,1.114356886118128,0.42487746,0,False
IGSF8,True,6.1348214202922104,False,0.6634998283907951,1.1984514955715952,0.54175305,0,False
ACAD11,True,4.11723034572262,False,0.32615856689043987,1.1388627588352396,0.36713183,0,False
HDAC3,True,5.682805933756866,False,0.5623707693129325,1.3700766071325834,0.851802,0,False
GOT2,True,5.965290732282933,False,0.6807099086916952,1.28175957519723,0.66077363,0,False
RAB38,True,5.8641138230242325,False,0.4811597652768047,1.3669118924777344,0.78098154,0,False
NFYC,True,5.8367234376934,False,0.7238711450560886,1.18607945708911,0.5096746,0,False
KIN,True,4.7272762589311705,False,0.8629185639220447,-0.13462109632478902,-2.02392,0,False
EXOC1,True,4.711327288714706,False,0.46733689886032903,1.0973152154459713,0.30907166,0,False
PDAP1,True,5.116565257538309,False,0.8008374722172711,0.6237128944538938,-0.52489567,0,False
MANF,True,4.977960163272465,False,0.4219637322226122,1.3011905229605998,0.6973816,0,False
EIF4E2,True,6.107481354922048,False,0.7270379032203513,1.3198461404054735,0.7412391,0,False
TSTD3,True,4.728844108003385,False,0.8548120014222409,-0.13225147457894088,-1.8515089,0,False
VRK2,True,5.052485175142033,False,0.4825269543806903,1.278988864856146,0.6399132,0,False
RDX,True,4.952951895896517,False,0.5562339307782984,1.003761546480404,0.12815456,0,False
FGD5-AS1,True,5.279586938051664,False,0.732691328800996,0.720964552227989,-0.38015833,0,False
NCRUPAR,True,6.221665700682369,False,1.1438466489351629,0.30629896305828375,-1.59155,0,False
CHRNB1,True,4.6462507819022605,False,0.8205798596264122,-0.04057122391052135,-1.7350596,0,False
MRTO4,True,4.9582379754840105,False,0.7612143982962498,0.4435128539581807,-0.91601926,0,False
TTC3,True,5.454780480237416,False,0.7887730496947383,0.84091766123967,-0.10250386,0,False
NDUFB8,True,8.302258089303601,False,1.3524216223044891,1.2073519391685434,0.73928446,0,False
TMEM248,True,4.235143321569114,False,0.40098707167710224,1.0728994894091557,0.21384045,0,False
R3HDM2,True,5.084249950502845,False,0.8259582778390692,0.6731314404825709,-0.4673375,0,False
LOC100505761,True,4.4849279863894385,False,0.35962776561834214,1.2765216905078223,0.63922775,0,False
MTRNR2L8,False,15.165115340994708,False,2.5406544370629702,0.2201948310254841,-0.70710677,0,False
PFN1P2,True,4.255974567983108,False,0.33330300480539654,1.0770480513044807,0.24410173,0,False
UCN2,True,4.126529876859247,False,0.10812207371663819,1.586442142514184,1.1806034,1,False
ZNF511,True,5.206469923359225,False,0.4234905143135623,1.465497622529265,1.0020216,0,False
ZMYM5,True,5.446206445353488,False,0.726356015126624,0.7365239356797144,-0.3056999,0,False
ZNF586,True,4.958182491080014,False,0.34539270540208455,1.478196838297166,1.0515013,0,False
TANK,True,6.715612630859934,False,0.8895250876512619,1.2863412921482311,0.7155169,0,False
RCAN1,True,5.770956613584805,False,0.4136194645853558,1.3316205872335645,0.7357008,0,False
LIMD2,True,6.26195607594656,False,1.0886892066061442,0.7749802124298248,-0.22525416,0,False
TMEM189,True,4.533784064505373,False,0.41528439172422915,1.1428800336035059,0.35516042,0,False
TM9SF4,True,4.905501111019557,False,0.523888209071496,1.0757903337465855,0.2905595,0,False
SIRPG,True,7.505816602726801,False,0.89726931162314,1.6597149071344601,1.4299102,0,False
METTL5,True,6.220470497488111,False,0.7170370680452691,1.3903611322384242,0.8951412,0,False
CASP1,True,7.004683798617538,False,0.8330773844437567,1.5224022531014387,1.1629353,0,False
IFNAR1,True,4.496852904738846,False,0.628413070205184,0.4609750184168009,-0.8652053,0,False
LAMTOR5,True,7.64572001752762,False,1.169635711098445,1.1991856978224473,0.5328745,0,False
TALDO1,True,7.555381006732359,False,1.1373769158339715,1.20387631947691,0.52071327,0,False
C5orf56,True,5.682681391354813,False,0.5259326758891654,1.5138213686039546,1.1308872,0,False
EIF5A,True,7.984727214298427,False,1.3516972312985447,0.8601245539744644,-0.27999935,0,False
NCF1,True,6.208694902775248,False,0.6247185326719786,1.6050817981951329,1.3090872,0,False
NUP133,True,4.2120744203539235,False,0.37001574363176043,1.1182943665991059,0.29450393,0,False
SLMO2,True,5.911288772986847,False,0.8111434576322857,1.0909770729063626,0.33451435,0,False
HNRNPK,False,9.002082472793766,False,1.7328855341658431,0.41613064201228744,-0.9913711,0,False
ELF1,True,6.490835745352595,False,0.9487671734287724,1.0578129892545571,0.30695993,0,False
NCK2,True,4.768031714307326,False,0.4485385426754079,1.3291452519751932,0.7564146,0,False
OXA1L,True,7.327874832613269,False,1.1021881446542656,1.249713032807081,0.6462439,0,False
PSMD12,True,6.030268920643949,False,0.7059712560735143,1.2251578167929065,0.5854523,0,False
HSCB,True,4.615665218672473,False,0.5919207286540378,0.7336987962776265,-0.40454942,0,False
NFAT5,True,4.788247300040562,False,0.6153440982742895,0.7790143755282025,-0.24715985,0,False
TAF1D,True,6.316573270472948,False,0.9607356845388997,1.0675871380268154,0.31714523,0,False
SRGAP2C,True,4.653226962206606,False,0.5235603283381953,0.8026529867452122,-0.21240547,0,False
FBXO3,True,4.887051973728501,False,0.37963868024279984,1.3427541844480084,0.79373336,0,False
PCED1A,True,4.456001108302985,False,0.40070109028970036,1.2048441965434948,0.49407288,0,False
TYMS,True,5.536747328449565,False,0.4022019857162968,1.3793729569902184,0.82477665,0,False
PEF1,True,6.6813029672426145,False,0.8410196675028352,1.3045067965738881,0.7473256,0,False
ZFAS1,True,7.983495357884169,False,1.342706567908162,1.0971521257393213,0.34677947,0,False
MCM5,True,6.480575071374674,False,0.7599849964711369,1.3546214127459928,0.8525047,0,False
PTP4A3,True,4.271691926338454,False,0.30222464471806826,1.3752411809736618,0.8266593,0,False
LOC100130476,True,4.672203193101472,False,0.4482796278383713,1.272360647531339,0.6648237,0,False
GEMIN6,True,5.13437324139221,False,0.38473361992472954,1.409160841230877,0.8874574,0,False
HN1,True,6.475103120293539,False,0.831206269577405,1.3001277483933336,0.76115894,0,False
PPP6R2,True,4.587038039436101,False,0.49930197810003946,0.9618470063962307,0.07784282,0,False
APOL1,True,5.453104983471555,False,0.8977250277032474,0.15682771391578182,-1.4230143,0,False
FAM96A,True,6.772151262524586,False,0.9201060759951984,1.2789472975549963,0.7186185,0,False
ARSA,True,5.187942262129606,False,0.8745694629861422,0.2810106455351842,-1.2290343,0,False
PPAPDC1B,True,6.04641799699786,False,0.7448167129688877,1.206817526347363,0.54699844,0,False
NIPA2,True,5.728929898827978,False,0.6842666807592406,1.1931028605109315,0.53339493,0,False
TSTD1,True,7.072840157036537,False,0.8271607089587272,1.6510077008840551,1.3883958,0,False
SLC25A39,True,6.969622025364102,False,0.9508352855769359,1.2941299713145868,0.7433752,0,False
EIF3H,True,8.95580020905732,False,1.5998917468304983,0.9793264930200496,0.3155054,0,False
C17orf62,True,7.950634332896994,False,1.309813720333398,1.0942701053933326,0.24575423,0,False
MRPL37,True,6.6193341781401935,False,0.8492080548457512,1.2511491364526983,0.6386699,0,False
DUSP10,True,5.232535469566226,False,0.5054657141939396,1.2923510669107285,0.6784345,0,False
PSMA5,True,6.077922892884824,False,0.9727705185434713,0.9036916940286569,0.015562355,0,False
PIAS1,True,6.353436429050792,False,0.8023977143309564,1.2675818247620467,0.67599314,0,False
PTCSC3,True,4.4637114566408,False,0.7303422792178744,0.2573095893070853,-1.2243688,0,False
TMEM134,True,6.167288166034741,False,0.7304748058942614,1.3394142073210857,0.79743165,0,False
FBXO7,True,7.6378532508242865,False,1.1527220211992844,1.1810250519602503,0.48785967,0,False
ZNF3,True,4.760694028202683,False,0.3719123708778884,1.3385576792926432,0.75270176,0,False
LRRFIP1,True,6.352592973655175,False,1.0691517064175844,0.6736283926790723,-0.5664263,0,False
CNOT2,True,5.918655725571662,False,0.8145756154834867,1.1040587007232248,0.35723191,0,False
ABI3,True,5.6662289008993705,False,0.5995818909329201,1.4235681514301062,0.95082843,0,False
STMN1,True,8.247201286999504,False,1.1386464716626508,1.1480939872681921,0.44522682,0,False
MORC2-AS1,True,4.44621846564394,False,0.30947454704647887,1.4433341852905253,0.9752534,0,False
CKS2,True,6.59383446197481,False,0.7150439212606216,1.4118649127829341,0.9481163,0,False
C20orf112,True,5.173305453433948,False,0.6759815442758299,1.0053393234043078,0.14094156,0,False
MRPL22,True,4.26810011722613,False,0.5159484198416477,0.8502220433214815,-0.23224919,0,False
GADD45B,True,5.610868776593057,False,0.5393600313106449,1.3127809734826497,0.7601338,0,False
TCTN3,True,5.002392968403631,False,0.45113537441988216,1.274084584119184,0.6360112,0,False
DNAJB11,True,5.985608238228196,False,0.6764176758577414,1.2731603153693944,0.67514044,0,False
FPR1,True,4.7559035268514265,False,0.19988644616496168,1.6232396223470253,1.3160062,0,False
XAGE1E,True,4.116634129863312,False,0.3365493571581608,1.076587561626065,0.20358539,0,False
MAGEF1,True,4.004514277934911,False,0.23739633662108,1.2392174896425292,0.5293663,0,False
NDE1,True,4.7612399610390215,False,0.47686521848822416,1.151107294283181,0.40811086,0,False
ANXA2,True,9.607243993505099,False,1.5217692451393652,1.230112930069088,0.8451234,0,False
FH,True,5.568376340100677,False,0.5778273593346245,1.220878455573434,0.5490174,0,False
TBC1D24,True,4.087720069109547,False,0.7223131275519303,-0.3378519483255193,-2.381851,0,False
PDCD6,True,7.956609728783969,False,1.187014564808615,1.2238057730856204,0.55724406,0,False
FCGR2A,True,5.697798423251096,False,0.513780280290745,1.3478400579878347,0.76412785,0,False
LINC00493,True,6.628110579656994,False,0.8617937351104556,1.3464471863751668,0.8200293,0,False
FBXO34,True,4.564565709929692,False,0.32634001285090125,1.4599283787661546,0.9857368,0,False
RPE,True,4.912622198980837,False,0.48548789684113414,1.2039395544683222,0.48716336,0,False
TMBIM1,True,6.265133331267073,False,0.7946911928080416,1.2234397201198945,0.58462983,0,False
TCHP,True,4.024406054953098,False,0.3330257284286725,1.1828635153150897,0.424341,0,False
TRMT1,True,5.21988127948281,False,0.5041510006450078,1.303577195015686,0.717015,0,False
SLC35F5,True,4.222282375607554,False,0.3766507576188406,0.9490211942283497,-0.026055072,0,False
CBWD1,True,5.215448552912282,False,0.5967700742356306,1.1714370486342298,0.46072748,0,False
AXL,True,5.012880714296687,False,0.8239090158848916,0.09945353885894866,-1.6346451,0,False
TELO2,True,4.51280961297329,False,0.4046298619125779,1.1618792980629058,0.43448567,0,False
CD276,True,4.308177854964484,False,0.33671127726437045,0.9798081062921727,0.015891688,0,False
SRP14,False,9.007321092788448,False,1.7018485909917471,0.6827109447894519,-0.027590323,0,False
C6orf89,True,4.657610251952002,False,0.5727346761479701,0.8908217249660884,-0.08601835,0,False
TUBB2B,True,4.946702407726488,False,0.3733028017140804,1.3130023808472857,0.6512638,0,False
CTNNA1,True,6.160434288778097,False,0.7747135482085732,1.0524681276588728,0.25840858,0,False
C17orf49,True,7.314966359660165,False,1.0251551968299726,1.371686529058028,0.9001043,0,False
IL10,True,5.269555706271,False,0.8043843655823166,0.17268476732244945,-1.3209788,0,False
PXMP4,True,4.702868961612378,False,0.8702143520225563,-0.358086171856942,-2.2895775,0,False
RNF167,True,5.687535933600252,False,0.7995792373545226,1.0413014013244455,0.27516025,0,False
ATPIF1,True,7.8492201596269595,False,1.1956803386883064,1.2591431335717163,0.6911724,0,False
DPM1,True,5.988679406074454,False,0.6716403818620764,1.336119618937973,0.77396715,0,False
WDR92,True,5.0597149179994645,False,0.8602078324512465,0.046518343808996644,-1.5288196,0,False
ARL17B,True,4.767468441206629,False,0.4338202086891847,1.3074910828599442,0.70134866,0,False
PKD1P1,True,4.420416107324043,False,0.5875981255502447,0.7260105177896676,-0.40147278,0,False
SDF4,True,5.7021757996968425,False,0.6235247046199482,1.1605126458154285,0.4795717,0,False
TAP2,True,5.210439896889849,False,0.6323854947856763,1.0603965242728912,0.30171874,0,False
VPS4B,True,5.218550216208285,False,0.6690477968852043,0.8768718572737635,-0.062097155,0,False
SESN1,True,5.797008571947986,False,0.5548309487170653,1.4653114345610154,1.0343298,0,False
GBE1,True,4.402641675285391,False,0.3361312443543467,1.2246094512521566,0.50002646,0,False
CLASP1,True,4.142353858309594,False,0.4753276126215512,0.8163036589686092,-0.24081782,0,False
RASGEF1B,True,4.252192801108998,False,0.2731150156014416,1.3713356399339909,0.83972085,0,False
TMX3,True,4.306867819451676,False,0.3962565856608185,1.0739198032011266,0.24190935,0,False
SEC22C,True,4.952335317467134,False,0.5477360592882184,0.9095605578792783,-0.04331941,0,False
RNF146,True,4.7704162956239555,False,0.3711153306396011,1.3217643323783246,0.74258536,0,False
WDR74,True,5.870143384507932,False,0.6494906760209853,1.3245975522185027,0.7493777,0,False
DNPEP,True,4.612941375737906,False,0.43551727503115156,1.1744418416131426,0.42012227,0,False
RPS3A,False,11.97986368753632,False,2.263134971514971,0.22904196887742537,-0.05534979,0,False
DDX3Y,True,4.91309171433965,False,0.4791175681235189,1.2453372484552525,0.60621023,0,False
LGALS3,True,9.370188714917475,True,1.1852358336320856,1.5571333086397892,1.4077469,1,False
MXRA7,True,5.017212762232602,False,0.9290459647887599,-0.1848127427099261,-2.0625732,0,False
GLT8D1,True,5.344504346497929,False,0.4731681209137073,1.2367459040357054,0.5797696,0,False
CFL2,True,4.130241454630813,False,0.31806959184296335,1.1770108199384506,0.38482085,0,False
DHX38,True,4.758031758076419,False,0.4823575057924002,1.1669454941912174,0.4687721,0,False
TARS2,True,5.431254358595955,False,0.836897837708094,0.4510798498967234,-0.8962611,0,False
ABCF1,True,5.259373456507871,False,0.6450666759908941,1.0852904011024735,0.29141265,0,False
FCF1,True,4.416811634431094,False,0.7638196382721536,-0.10252414897586179,-1.847511,0,False
SMARCA4,True,4.238660933290141,False,0.46507140663886104,0.8692354372738519,-0.16000544,0,False
TPSB2,True,4.859714109640406,True,0.018688138827723765,2.4039481573122976,2.52512,2,True
MRPL14,True,6.736478056316053,False,0.8269139173160776,1.3824961044283617,0.89234644,0,False
CENPW,True,4.45993351289906,False,0.27289985802883865,1.3535753547518685,0.7587489,0,False
ZDHHC20,True,4.276478223268606,False,0.4814360990998497,0.7451612297936232,-0.37678036,0,False
TMEM43,True,5.793232296346545,False,0.6756488430947081,1.158239896402832,0.46089932,0,False
VIMP,True,6.4294629856509795,False,0.8103458590460173,1.2079655265140488,0.55402976,0,False
STAT5B,True,4.495694005573879,False,0.4650058142089172,1.200555086247387,0.4895208,0,False
SSB,True,6.692439196207054,False,1.0524697574247948,1.0656904838172665,0.2509323,0,False
TIMM23,True,6.5556267256845615,False,0.8666173111989564,1.21017349535342,0.56047827,0,False
OAS2,True,6.383378707161446,False,0.795007710272426,1.3705930604264829,0.8829014,0,False
TRIM11,True,4.1768568621229685,False,0.2749100541760201,1.3446789266907604,0.77238333,0,False
TMEM50B,True,6.127386115910898,False,0.871189021224847,0.9354323062602251,0.0689556,0,False
DEGS1,True,6.606010760324777,False,1.0070899469096695,0.7296126096399476,-0.32097486,0,False
TBL1XR1,True,5.9883686330158845,False,0.9431986499194791,0.8049309546564145,-0.17399687,0,False
SP140,True,6.387220631955787,False,0.7770692836730579,1.4348168389969804,0.9949149,0,False
G6PD,True,4.704120413187691,False,0.4355505563658906,1.0722707984585331,0.2651137,0,False
NUDC,True,7.169399386774556,False,1.197333866956312,0.7990708418256091,-0.44176918,0,False
CPA3,True,4.267927842967414,True,0.015410629556157612,2.473762135178517,2.766305,2,True
BCAT2,True,4.148952666972419,False,0.27565204220977946,1.3597147882855485,0.76262236,0,False
SNX11,True,4.923660866056371,False,0.4055896596837789,1.377653529354173,0.8455358,0,False
FAM206A,True,4.340701211627858,False,0.3052662713110304,1.3041704664847158,0.6657208,0,False
NPIPL3,True,6.5410333413745745,False,1.103901015666661,0.7785521368161955,-0.21873312,0,False
SLC16A4,True,4.413953093999878,False,0.6106674278162079,0.26970363913203055,-1.2316098,0,False
USP33,True,6.204354625902585,False,1.152795556285298,0.1633946631746133,-1.9508231,0,False
PAAF1,True,4.807283925773984,False,0.3833071725411139,1.355608723247461,0.77568436,0,False
TSPYL1,True,6.614958969377009,False,1.203256236104072,0.6837947053574256,-0.69145775,0,False
RNPEP,True,4.194087710308777,False,0.33752244173302626,1.255101632538941,0.5792816,0,False
DCAF13,True,6.02915950567391,False,0.7356289817395631,1.2312793673492575,0.5643975,0,False
SLC26A2,True,5.743285658856391,False,0.5074682623547977,0.7640578232585924,-0.25337577,0,False
ATP2B4,True,4.801634703825155,False,0.6338756897139075,0.836869780021156,-0.15059875,0,False
CHST12,True,6.094956445130195,False,0.6592685922824786,1.4343193265085241,1.0036058,0,False
KANSL3,True,4.4388160400755075,False,0.4560140719607452,1.1023376131558968,0.30992657,0,False
TARDBP,True,6.267840812154251,False,0.9104269388256268,1.0180593649268477,0.22718708,0,False
STAU1,True,5.847325698685212,False,0.8328883728428973,0.9657600791588803,0.09183402,0,False
CHMP1A,True,5.968507224367927,False,0.7218886370635708,1.2399291019156453,0.6301215,0,False
ZNF160,True,4.463053747807633,False,0.605231896096877,0.3071749194932023,-1.1863419,0,False
ANKRD20A9P,True,4.163165570777931,False,0.7619496989310584,-0.5508875503085485,-2.7228503,0,False
DHX29,True,4.048872260935069,False,0.4267851575364635,1.0025276133621124,0.0922959,0,False
HADHB,True,6.968160338164015,False,0.9964778151749645,1.145272658758373,0.4847324,0,False
PLXNB2,True,4.537445572890867,False,0.4429726803260757,0.8628031590002065,-0.17269365,0,False
NUMB,True,5.28562147804818,False,0.607704335591696,1.1434208601666551,0.40331385,0,False
TNIP1,True,4.2603041816877445,False,0.3978591755725413,1.1057632982047148,0.3060438,0,False
RHOG,True,7.24166531516824,False,0.9425787319195222,1.4626885108721976,1.0809926,0,False
NSFL1C,True,5.093008573162951,False,0.6503815674434482,1.0450647989412487,0.1989145,0,False
ITGAX,True,4.310075948865784,False,0.3592821813385727,1.0623288844885057,0.2292036,0,False
XRN1,True,4.248569801182287,False,0.5035220011479234,0.8546826003431688,-0.13149382,0,False
CROCCP2,True,4.766012288022096,False,0.41633719420661547,1.3231570794735457,0.7530169,0,False
ODC1,True,5.077649106717087,False,0.44460591738733923,1.3207070650114374,0.7544909,0,False
SYNJ2BP,True,4.104128380798193,False,0.5676030544548569,0.4895742594703299,-0.84175014,0,False
PTGES2,True,4.074822894052433,False,0.2826997141674231,1.2377992344275086,0.558392,0,False
TMUB1,True,4.193651372520487,False,0.36059652781374624,1.1474354658190877,0.389295,0,False
EMC6,True,6.022197190986961,False,0.6642483549475866,1.385285158753692,0.8576627,0,False
TNFRSF18,True,5.752599888460298,True,0.3417151981134956,1.744778944180204,1.5850942,1,False
AZIN1,True,5.57933818470685,False,0.7066286738004418,1.0842080539246841,0.32077363,0,False
CRIP1,True,8.201280548378405,False,1.147680796500794,1.5093605360988103,1.2988034,0,False
TP53TG1,True,4.79439654671372,False,0.3540614784812376,1.441818064267658,0.9370483,0,False
SLC7A7,True,4.3997028583673945,False,0.26516035100114715,1.4592007316582443,0.98631644,0,False
IL10RA,True,7.123486854751634,False,0.967794477535665,1.3878781060464496,0.9635024,0,False
C16orf58,True,4.674831743088143,False,0.44620760689828076,1.1821035640866202,0.46173507,0,False
ASH2L,True,4.97085102917936,False,0.4838393457066904,1.2575884424503223,0.60618496,0,False
BCL7B,True,4.669167250367543,False,0.3561119267309049,1.4076759793321327,0.8711384,0,False
MT1F,True,5.317456195807668,False,0.4002891278346003,1.5607000514227167,1.1906993,0,False
TOMM5,True,7.314061707247325,False,1.016548877139481,1.3032886044675625,0.7917804,0,False
ARL6IP4,True,7.2458255334920105,False,1.1861134440840075,1.0800847081559835,0.21855235,0,False
RPL35A,False,10.598725675902998,False,2.052705201943072,0.4749456892537712,0.7511327,0,False
C2orf68,True,5.122659347955644,False,0.7394913139485787,0.864353553243355,-0.0898424,0,False
C11orf48,True,5.656716134961473,False,0.7615579596617315,1.1339101926802284,0.41923597,0,False
ELOVL1,True,6.561394724088857,False,0.8328044709529985,1.2662574174181174,0.66713595,0,False
DTD2,True,4.40934425700192,False,0.748222592880445,-0.05607244041302257,-1.8059819,0,False
ACP1,True,7.0877732244061065,False,1.0390914515711789,1.229459422986914,0.60955274,0,False
CLEC2D,True,6.839300849216362,False,1.097790626283531,1.018783929860282,0.21733436,0,False
CD8B,True,7.869688018456485,True,0.8554442200952992,1.7644639959263952,1.6332208,2,True
CD84,True,5.6518071129935326,False,0.9215401783342108,0.5769258007106861,-0.6108994,0,False
IMPA1,True,4.121193910720188,False,0.35849948358512407,1.055334399074175,0.18014684,0,False
NPM3,True,4.319536279438043,False,0.2753869551468501,1.3556985203781138,0.742118,0,False
ARPC5L,True,6.568280788540993,False,0.7824434067951384,1.3802690581736456,0.8791349,0,False
STRA13,True,6.856428985633643,False,0.8535924625994571,1.3535443127166453,0.8319483,0,False
PIK3R1,True,4.217811278720713,False,0.3856163446920518,1.1798799041709085,0.45082518,0,False
MAF,True,4.075158389012815,False,0.44163208900022854,1.0015062292919423,0.12708607,0,False
SLC46A3,True,4.200111180724374,False,0.2694998269261345,1.4738551954950605,1.0257986,0,False
C22orf39,True,5.4353800871323905,False,0.6347962191082583,1.0880527322927507,0.32245886,0,False
STAG3L2,True,5.322661554480983,False,0.7664395117459741,0.8927840458531111,-0.03042902,0,False
RPP25L,True,5.181305376899725,False,0.4270949001204193,1.46061362352733,0.98737687,0,False
MRPS6,True,7.57642260075584,False,1.0784573582878627,1.2822369185455937,0.71487206,0,False
LOC286186,True,4.032481636140833,False,0.7001028727414244,-0.23401360465346405,-2.1325257,0,False
CDH19,True,5.058672960911015,False,0.3102383198480642,1.0358324845026035,0.31553552,0,False
C9orf123,True,4.389605609435136,False,0.5316734163738356,0.9897064185344795,0.046869673,0,False
SARNP,True,6.708944714367748,False,0.8719382982780368,1.2954365737131193,0.75197434,0,False
TIMM50,True,5.618363409791014,False,0.7613233100066283,0.9057011169896598,-0.048171993,0,False
PER1,True,4.094844550081743,False,0.4434959307268202,0.834681372745353,-0.19393277,0,False
OIP5-AS1,True,5.115750462587669,False,0.7552729546554138,0.5609300657418691,-0.634507,0,False
LMCD1,True,4.5877455613734455,False,0.3179473762438759,1.3151481158265645,0.6824265,0,False
MICAL1,True,5.599904230848668,False,0.7060093904318734,1.0620208621328662,0.28593683,0,False
SHOX,True,4.6149698676250575,False,0.8728044931764725,-0.24725049508382102,-2.2201786,0,False
BLZF1,True,4.755220035924955,False,0.6756743079808905,0.38103274310930246,-1.002686,0,False
PCDHGC3,True,4.408075688390186,False,0.33516162998608634,1.043248183497938,0.16148394,0,False
TMEM183B,True,5.6244136119455,False,0.5704432709953919,1.3182523819943093,0.7404669,0,False
MINOS1,True,5.209688870733252,False,0.9617745043009767,0.20226022340103678,-1.3558774,0,False
CD200R1,True,4.677614323411335,False,0.2875333623859731,1.5926178797644517,1.2871913,0,False
SEPT11,True,4.455340240303473,False,0.5228811268655333,0.6434025055129045,-0.5392864,0,False
RFFL,True,4.2006827291348205,False,0.29149833940992687,1.4130387822532737,0.90654814,0,False
APBA3,True,4.564605506296336,False,0.33438246389726695,1.385913603585746,0.8487383,0,False
PMS1,True,4.4829657365873326,False,0.45281202013656074,1.0798728165969402,0.25677246,0,False
EIF3E,True,9.029448601415528,False,1.5993080057020999,1.0084600083283826,0.38520756,0,False
RPL31,False,11.192794934331202,False,2.1192760224207836,0.3559265229312981,0.12800644,0,False
ZNF814,True,4.1789813791140205,False,0.6963034599800595,-0.09057676807375596,-1.9068091,0,False
KDELR2,True,6.70471712716865,False,0.9714874600713987,1.055895993833306,0.31122404,0,False
LY9,True,6.591472047335485,False,0.7556087658918966,1.5673548366840064,1.2334849,0,False
NLRP12,True,5.222974297827889,False,1.008220204036579,-0.22223919720324325,-2.1672003,0,False
SDF2L1,True,6.298805204015329,False,0.6469867351893059,1.4069063989203134,0.93125314,0,False
HIBADH,True,5.506085390294749,False,0.570840301616405,1.3232906914674158,0.7186324,0,False
IGFBP3,True,5.997239851063063,False,0.1747139252320828,1.6917080446522736,1.4394982,0,False
DEK,True,6.391881350029157,False,0.9936552918692958,1.00220056990305,0.20616256,0,False
C12orf23,True,5.058669948557592,False,0.5162326719149707,1.1227107220203099,0.39318424,0,False
PSPC1,True,6.101242801851019,False,0.7602475434893621,1.2852947398051906,0.70204324,0,False
C1QA,True,7.427927514832067,True,0.3583966252438706,2.0437666112880057,2.1096501,2,True
EFR3A,True,4.142789391842844,False,0.3624390714796851,1.0794817654751288,0.24511223,0,False
CDKN2AIPNL,True,5.337395668237765,False,0.6990362935365055,0.7686399305484457,-0.25757214,0,False
NBPF14,True,5.74847150416781,False,0.9159998479669476,0.7941786826851571,-0.20167308,0,False
GBP5,True,6.994609247610317,False,0.9938582309625554,1.1946243211650331,0.5861753,0,False
NCOA7,True,4.075521793564816,False,0.4505219211594792,0.6534991801026295,-0.58693373,0,False
LIN7C,True,4.172423597185842,False,0.4518235657065257,0.7983124839424667,-0.2686415,0,False
ATPBD4,True,4.032213017573119,False,0.3042758093089061,1.1710473713468572,0.41350654,0,False
BCYRN1,True,5.702315793033236,False,0.7131130711984821,1.151515481136196,0.4463813,0,False
METTL17,True,6.200058825705837,False,0.7634552685499298,1.2955401765684855,0.7295304,0,False
IRF9,True,7.479248464894628,False,1.1295495825355393,1.21999565218326,0.5664409,0,False
MCPH1,True,4.6695584049408465,False,0.5299870055497184,0.8921302122631681,-0.04452515,0,False
C9orf3,True,4.231450687473776,False,0.6388239636133614,0.13506844716179464,-1.47042,0,False
LBH,True,7.347916514327659,False,1.0812543496230465,1.342655881805861,0.851766,0,False
NFU1,True,5.2743302508037715,False,0.49701110367773926,1.3596658772071937,0.8062833,0,False
SETD4,True,4.115815436123917,False,0.30837130631802134,1.2125553471898676,0.49943295,0,False
DYNLT3,True,4.922450737527173,False,0.3810524737335932,1.4875177755318822,1.0514098,0,False
FKBP11,True,6.6346156189819565,False,0.7082762823781003,1.5186535825091971,1.1305411,0,False
FLII,True,6.0729978998149985,False,0.8135547268653402,1.1117233423879163,0.3943115,0,False
RPS16,False,11.231094025931691,False,2.13846691649454,0.4110736723173106,0.67344767,0,False
CHPF,True,4.559873677396805,False,0.34983858028739573,1.1236521579538212,0.29296237,0,False
CSNK2A1,True,5.630777126693456,False,0.6656227741077232,1.1813402850963233,0.50584966,0,False
DDX56,True,5.709289100610696,False,0.6772129172201116,1.2212155287499786,0.555645,0,False
MRPS18B,True,6.669059579419313,False,0.906373499638488,1.1794422698960196,0.51847404,0,False
RPL14,False,10.277084692122003,False,2.0031455429951777,0.3636406751511084,0.13715117,0,False
TMEM208,True,6.728159984072842,False,0.7782142885443095,1.4207847024303635,0.9564213,0,False
MAFF,True,4.6158268840053305,False,0.5909530858178949,0.3440461537644217,-1.0267868,0,False
LY96,True,5.680521572785206,False,0.5291983821984323,1.4277027244640736,0.95435894,0,False
ABTB1,True,4.896434536952547,False,0.46329445404577185,1.2595431050036412,0.64196813,0,False
ARL5A,True,4.305582587823247,False,0.3521362271786258,1.2791707435290476,0.62815356,0,False
CCT6A,True,7.424380966052746,False,1.1648114596167638,1.081707905413829,0.30040538,0,False
YIPF3,True,7.170317929781048,False,0.9681187673101928,1.2950617723529625,0.74852926,0,False
TYMP,True,5.355203268689849,False,0.4526440065021634,1.3198935892979846,0.74807537,0,False
FKBP2,True,6.790433196782414,False,0.9089055785831541,1.2638465943699533,0.6567045,0,False
NEK2,True,4.494054245310837,False,0.6959719040533356,0.07785522806354027,-1.5610967,0,False
RPL23AP82,True,4.564749748318198,False,0.6580948431640343,0.4883480145670781,-0.8149194,0,False
THEMIS,True,5.262009424217989,False,0.49328382744428867,1.4201331058489457,0.9623989,0,False
NDUFA5,True,6.540287795401572,False,0.9320957932357705,1.154432358590069,0.47307813,0,False
TMEM206,True,4.507173858848584,False,0.35098931485390944,1.3206593392995305,0.7051729,0,False
SAT1,False,9.996999166926495,False,1.6736828227426672,1.0299783025554676,0.6086404,0,False
RPP38,True,4.788532129494799,False,0.40860923675695926,1.2742688505177047,0.6312312,0,False
RBMS1,True,4.379832292008544,False,0.5022559338684727,0.9311116264605357,-0.0006658101,0,False
NLRC3,True,4.929601194037899,False,0.7309413509330491,0.5478901477871613,-0.69131523,0,False
TRMT2A,True,5.202275381918583,False,0.5057456048362181,1.2387290299040878,0.6101142,0,False
MEF2C,True,4.210343741800621,False,0.3726166126733017,1.146656029285082,0.39696345,0,False
COG7,True,4.411405581299432,False,0.3608303531639606,1.2006358034089835,0.4536426,0,False
XRCC2,True,4.791167185420237,False,0.8951948677146563,-0.2343061568351581,-2.1600041,0,False
MMS19,True,4.952416125059418,False,0.4859278853425788,1.2215605340689515,0.53783137,0,False
ACTR3,True,8.21428798746627,False,1.411364471266812,0.9721365967293334,0.1250225,0,False
UGCG,True,4.561589838715172,False,0.3355790294725718,1.162966071866798,0.41246882,0,False
ZAP70,True,7.369706513844442,False,1.0324005041351945,1.415083181402346,0.9892975,0,False
LPP,True,4.91659372439548,False,0.9253423260488054,-0.28840531965089805,-2.2776644,0,False
PTPRCAP,True,9.948836071219135,True,1.6415324318496984,1.408495148877738,1.5053234,1,False
IL12RB1,True,5.960623690742362,False,1.0104251553285855,0.35325901291014583,-1.0512341,0,False
ATRX,True,5.427779336701403,False,0.867961096712771,0.735067125881546,-0.2885013,0,False
LOC100507173,True,4.688134871874723,False,0.8518380724060837,-0.1888248971061215,-2.0166144,0,False
DLGAP1-AS1,True,4.824601201223366,False,0.3575903422477923,1.4757027537362564,0.9877366,0,False
THEM6,True,4.881114923116646,False,0.38425519832998256,1.3982226368710506,0.86961865,0,False
ARV1,True,5.240770768195057,False,0.46863613157498607,1.346833820799722,0.7576322,0,False
COX5A,True,8.13816009314416,False,1.30757283358538,1.1738386924451523,0.6037781,0,False
NMB,True,4.305113395548485,False,0.2056798361524606,1.4525260626815455,0.9582776,0,False
EIF6,True,7.491961107565667,False,1.0669153818126211,1.2934155982156927,0.7402285,0,False
POLR2L,True,6.775317989634371,False,1.0744410748554492,1.0262267801808562,0.16798484,0,False
TRAF3IP2,True,5.287690623102439,False,1.026650743294585,-0.3038355570333942,-2.273545,0,False
SLTM,True,5.510430865952346,False,0.8066858489598085,0.9833259300635732,0.1333851,0,False
APOBEC3D,True,5.60491920040901,False,0.9303535872329656,0.4146289364422281,-0.9156174,0,False
FAM115C,True,4.548243456119941,False,0.6402252459818436,0.4792708687496231,-0.8245496,0,False
METTL23,True,7.017324751714205,False,0.8929309985876865,1.379625422007809,0.91048706,0,False
TFDP2,True,4.390017183701782,False,0.7975364829678173,-0.3590488758382733,-2.3494227,0,False
HCP5,True,6.90854905921064,False,0.814242832516009,1.4977080397935638,1.1090609,0,False
RAD51B,True,4.02834348891034,False,0.29515807839000974,1.229362946852763,0.5220573,0,False
RNF41,True,5.455437531900847,False,1.0027358663990675,-0.006411355191019468,-1.751355,0,False
C5orf24,True,4.115401918218948,False,0.5541791322268035,0.3328454300263164,-1.1289301,0,False
THOC5,True,4.889000342221975,False,0.43935469910811176,1.2754556489939057,0.6193961,0,False
SERINC3,True,7.225550397626304,False,1.036904755757905,1.1569022149448278,0.49871945,0,False
C11orf75,True,5.011485367600924,False,0.36926829777076753,1.454950509083593,1.0307375,0,False
STRADB,True,4.909127363919806,False,0.40267485157996075,1.3509594727801122,0.76106066,0,False
DDOST,True,8.067819651504822,False,1.4237179476038668,0.7077016853505695,-0.51365805,0,False
GPNMB,True,8.26831863519069,False,0.9228427590286179,1.509876368018515,1.1530955,0,False
SLC39A14,True,4.263906230761163,False,0.3042781628917526,0.9601202656137361,-0.0003848996,0,False
NGRN,True,7.187173050126186,False,1.008467001982649,1.2327659178629822,0.6537351,0,False
GPR137B,True,4.345662651942296,False,0.33966972744613017,1.083459937416591,0.22620621,0,False
PSMA1,True,8.006831542271634,False,1.290506592046075,1.0966262429013007,0.39117807,0,False
TMEM60,True,5.490102461498149,False,0.48966422044380764,1.3907628288978273,0.8547108,0,False
RAB7L1,True,5.710488600028204,False,0.8152038363797175,0.8845416211763741,-0.06341554,0,False
HLA-H,True,7.628128473651134,False,1.5548090705063673,0.05147381969281746,-1.7714596,0,False
ABCG1,True,4.585176245373059,False,0.3512022949517866,1.3878634533330738,0.8585588,0,False
TMEM127,True,4.020777647889838,False,0.5274085022052873,0.36621642746905986,-1.0612817,0,False
LYPLA1,True,6.11920777002115,False,0.8088808834981038,1.1431857441700632,0.4349398,0,False
LNPEP,True,5.764679684842478,False,0.761044405964914,1.135721971028694,0.42714557,0,False
YARS2,True,4.720611760776979,False,0.5088951578498033,0.933148422122253,0.0036648605,0,False
ZCCHC4,True,4.029056041368142,False,0.5863653402221893,0.172073150962827,-1.432993,0,False
FBXO22,True,4.3764857677868525,False,0.38355520921526226,1.2604054481590388,0.58908314,0,False
ZNF669,True,4.90592908095275,False,0.7597822418075408,0.20023121483576117,-1.2855744,0,False
DDX27,True,5.839320260656665,False,0.7831449404455924,1.060013827887374,0.26436597,0,False
ASB8,True,5.639299562571488,False,0.797640210424393,0.730666807997493,-0.3560281,0,False
PLP2,True,7.319392303895736,False,1.0442738105202916,1.3202750554020812,0.8085456,0,False
CHMP5,True,6.275155300762145,False,0.880278899434845,1.1364803687898912,0.44024915,0,False
FAM192A,True,5.423388266293011,False,0.6681277319390146,1.165325110267858,0.48049933,0,False
THAP11,True,4.123164127529009,False,0.22988461710000735,1.537570126257907,1.1345155,0,False
PAFAH1B1,True,4.095618501718971,False,0.41302829304101557,1.037654678670346,0.15852076,0,False
OSTF1,True,6.850341241742876,False,0.9140559609203597,1.3740501470668938,0.9070565,0,False
IDI2-AS1,True,4.3399211957491355,False,0.29992089885972506,1.4257792682032235,0.8909331,0,False
GNPDA1,True,5.651183149418393,False,0.6054401833914567,1.2457340769589398,0.59567225,0,False
MGAT1,True,6.883201008831678,False,0.9841335079639977,1.1227662589258007,0.44214395,0,False
SLC35B2,True,6.3284546069535645,False,0.7470850299832422,1.2564375083452701,0.6413464,0,False
PGAP2,True,4.4501368959732455,False,0.3251905896857278,1.3979042928634784,0.859146,0,False
LOC374443,True,6.230957393260785,False,0.8120210734119084,1.3333777652298955,0.79054517,0,False
CKB,True,4.282472719763862,False,0.2249793095264743,1.5068010524766122,1.0638694,0,False
RTN3,True,6.007564292092591,False,0.7513902173685942,1.1756928969057998,0.48057434,0,False
PSMB6,True,8.038077415129193,False,1.231934764943119,1.265962904905451,0.6785874,0,False
PHC3,True,4.782320642510574,False,0.7858352702952043,0.5133761786587121,-0.74132806,0,False
GOLPH3,True,5.130591705881499,False,0.5079801681414977,1.2725113095380594,0.6536406,0,False
UBLCP1,True,5.591360563446188,False,0.6381302898140662,1.3043560867431547,0.70479685,0,False
HSD17B11,True,6.2251609703988064,False,0.7908281494996025,1.2873408017336208,0.6930191,0,False
KIF18B,True,4.5695181527061655,False,0.8506367500491523,-0.3367556568019623,-2.4016883,0,False
DHDDS,True,4.110553653632964,False,0.3530830268216651,1.050460751670407,0.15806717,0,False
CTSW,True,7.925737390103771,True,0.896319099059604,1.7352429975278632,1.6161054,2,True
MRPL28,True,6.416708999870377,False,0.7766164464467382,1.345266681820399,0.82620203,0,False
APBB1,True,5.71126539468199,False,0.5913578392961916,1.4326937209881097,0.9531819,0,False
SND1,True,6.574894029280027,False,1.0047092195874785,0.9816045375701263,0.16532393,0,False
C1orf123,True,5.582919621466639,False,0.549416304907954,1.36827457830695,0.82967436,0,False
B4GALT1,True,5.908026601050889,False,0.9153043281454397,0.8670338216962127,-0.0547235,0,False
BCAP31,True,7.969015304657335,False,1.2967034669648914,1.0753766235617612,0.33530986,0,False
SLC25A44,True,4.749326443526545,False,0.4536204661037152,1.1760657482455872,0.46274716,0,False
LOC541471,True,6.50753219580838,False,0.7901770731250957,1.3133537205648649,0.755105,0,False
CS,True,6.349541984774613,False,0.961993557617476,0.9675789379062925,0.14353669,0,False
IGFBP7,True,6.700436088423611,False,0.45779097747432307,1.5669735984898776,1.1930723,0,False
EXOSC10,True,6.287386178340083,False,0.8661493315349748,1.140001910389109,0.4283156,0,False
GTPBP3,True,4.442361033501224,False,0.6683135865157397,0.11958611558074561,-1.4847099,0,False
LOC100129361,True,4.086483585857788,False,0.4811970353864192,0.9755919639880466,0.03471337,0,False
ARL4C,True,5.746484933587295,False,0.7137148824249377,1.336504291670774,0.8144959,0,False
ATG4B,True,5.355425611557391,False,0.641692559956359,1.0952585010848643,0.30389228,0,False
PLEKHG2,True,4.145664863060544,False,0.6148321014247917,0.2392867373913882,-1.3007483,0,False
EMC3,True,6.587289294973871,False,0.8214023629979164,1.2459595222829027,0.62537533,0,False
LPXN,True,7.259613728614186,False,0.9980374396588306,1.4015005526780424,0.9844503,0,False
IDNK,True,4.305575987691441,False,0.4591982486729529,0.757416724514,-0.35020474,0,False
SERPINA1,True,5.551199723864479,False,0.3744672575742355,1.515363844986343,1.0750171,0,False
RPS13,False,11.498392138021622,False,2.1693112647140134,0.41497051324051343,0.64062464,0,False
PRKAA1,True,4.512654101521587,False,0.470099078344032,0.954536558965283,0.047599662,0,False
C3orf33,True,4.4115973056208775,False,0.7360246725396009,0.07148068747633468,-1.568423,0,False
RCC2,True,4.5867918162646095,False,0.5343279383586046,0.9006899262751291,-0.055385605,0,False
AHCY,True,6.518713143106212,False,0.7905265888838563,1.27243560059355,0.67170155,0,False
ALG12,True,5.14918394181519,False,0.49819186078117983,1.2402964334116353,0.58909416,0,False
RDH5,True,4.263849268244545,False,0.17792075560130377,1.224569157596512,0.6542845,0,False
EXOSC9,True,5.5599491017131735,False,0.5348452466980327,1.3776577796856242,0.85749185,0,False
KLRC2,True,5.1339988615721746,False,0.3047293266722807,1.5324115092553747,1.1318586,0,False
KIAA0196,True,4.744776603444227,False,0.4688622160772934,1.1513603580669391,0.392237,0,False
PDRG1,True,5.422354838453605,False,0.4596924282429579,1.407909505382781,0.9303582,0,False
SSR3,True,6.433911208194108,False,1.0938667441974061,0.5982706681123653,-0.7464837,0,False
FAM188A,True,4.082129747350079,False,0.287708175055168,1.3043842228179066,0.63941115,0,False
RNF2,True,4.591817646778411,False,0.4882470667168651,1.084951870393108,0.2684102,0,False
KLF6,True,7.777917108603212,False,1.3616843427693213,0.8351249023157425,-0.29642475,0,False
DNAJC7,True,6.493450721527605,False,0.8794354778208999,1.1898988446853274,0.5235573,0,False
TM2D3,True,5.971531426344984,False,0.6070274365422016,1.3864579947763185,0.8696148,0,False
FLOT2,True,6.391711977689797,False,0.8409402872112157,1.2749683759145238,0.6931569,0,False
MAP4K1,True,5.6522525505422445,False,0.7393972858409679,1.1304704817159759,0.43814,0,False
SRP68,True,5.43549260723753,False,0.534893325564501,1.253260106658385,0.6224651,0,False
ARPC5,True,8.03444767627175,False,1.3913985891676544,0.9587993160404445,0.045834124,0,False
ZDHHC4,True,5.558900000749615,False,0.542702566148978,1.3301771642965798,0.7467905,0,False
NDUFS2,True,6.948142375093498,False,0.9854212313894537,1.2255784170223802,0.56860614,0,False
KCNQ1OT1,True,6.219496408557345,False,1.2572030601530135,-0.2573700761786281,-2.7311559,0,False
PITHD1,True,5.753462174606445,False,0.5990534238098826,1.2768636247407663,0.6579513,0,False
RNF113A,True,5.910599784198573,False,0.5895012278965989,1.5178682766300753,1.1297238,0,False
NHP2,True,7.8310321471022615,False,1.1607487682635427,1.3138473194422864,0.8306054,0,False
ANXA6,True,7.393177813575875,False,1.2009227334636137,1.0654643033772588,0.229997,0,False
HIST2H2AA4,True,6.301155042658016,False,0.8104017100400738,1.2897822132553816,0.70107394,0,False
RNF216P1,True,4.367742542552961,False,0.39213832801471926,1.2178636040322035,0.49929067,0,False
DPM3,True,6.009212817979344,False,0.6603962865527633,1.3584261068174692,0.83758265,0,False
SLC25A13,True,4.354726977657817,False,0.4371472791364314,0.9381357088373501,-0.049954742,0,False
ZC3H12A,True,4.806177294769249,False,0.4031741596302233,1.3975748460706692,0.89203143,0,False
AKAP10,True,4.034114972354497,False,0.3279693247068407,1.150410658413627,0.40564588,0,False
RPAP3,True,4.234247320701799,False,0.3922418990076548,1.1598569741285758,0.41125312,0,False
KLHDC8B,True,4.6313397366703954,False,0.33998873066748303,1.273855333598227,0.5688121,0,False
STOM,True,7.400352823888174,False,1.1599205653284028,0.900586392653562,-0.17479461,0,False
CWF19L1,True,4.951863546857699,False,0.6088828865600177,0.8436006692022917,-0.17214237,0,False
ROCK1P1,True,6.3713085776259675,False,0.8189128243999164,1.1265486954048745,0.40241373,0,False
ARPP19,True,5.995122543183249,False,1.0483301797809292,0.34448337608425383,-1.0427723,0,False
BOLA2,True,4.379748284584118,False,0.6098149538157792,0.7753981839362961,-0.32156095,0,False
MPI,True,4.886790358939568,False,0.38689104168550403,1.401378939002553,0.87046677,0,False
RRAGA,True,6.271814300757827,False,0.7446732418646498,1.3625255472392057,0.84467036,0,False
HLA-DMB,True,7.620116338326524,True,0.8198885707100747,1.7303851791569964,1.5735549,1,False
HLA-A,False,11.737538184241322,False,2.1514833640054913,0.3219948317231721,-0.13825275,0,False
EDNRB,True,5.80277370750214,False,0.5202265918987278,1.1900729472668445,0.46313784,0,False
SCD,True,5.769622241097034,False,0.5687825929105709,1.1256966487339564,0.34926185,0,False
STAT3,True,6.687607717250882,False,1.0881179126672929,0.7360863771177077,-0.41005903,0,False
ANXA2R,True,5.194019476091169,False,0.40958787382234096,1.6558327534884503,1.3893209,0,False
WDR36,True,4.005958123283398,False,0.38850824245999993,0.9880031404281598,0.05927988,0,False
TPCN2,True,4.706869729932983,False,0.32177007709151906,1.203224385591752,0.43584254,0,False
MBD4,True,5.589123443603032,False,0.661056794792372,1.275995187199083,0.67997056,0,False
ST3GAL6,True,4.331493399428241,False,0.4567962344894854,0.7099187815045376,-0.49166882,0,False
ZSCAN29,True,4.088437065170585,False,0.6139424203886233,-0.03436777031041645,-1.7825401,0,False
TRPT1,True,5.895618855304257,False,0.6570173476615333,1.3516170229626836,0.79258615,0,False
NOP16,True,5.821593128584261,False,0.5756607180030504,1.4419739354155352,0.9623714,0,False
CAP1,True,7.991158961453673,False,1.461042760506419,0.683615545637211,-0.5948918,0,False
NT5DC3,True,5.483845525675571,False,0.8625578172018089,-0.011207916882349732,-1.6411878,0,False
SEPT9,True,4.980112524057797,False,0.7452923333769561,0.7152284119526199,-0.36286807,0,False
VPS11,True,5.048284125552983,False,0.4686790833547497,1.3345132567189808,0.75161386,0,False
NDUFB5,True,6.89486318559775,False,0.9358660215495577,1.30821237450112,0.8000424,0,False
TMEM214,True,4.098840010385105,False,0.3418016942108527,1.067982622909813,0.21174777,0,False
OXR1,True,4.266450004291952,False,0.3821530282317318,1.1175392364777614,0.32496935,0,False
WDR4,True,4.220366148805057,False,0.2968524812723956,1.2516457006429333,0.580178,0,False
SLIRP,True,6.868224468222841,False,0.9135019615224301,1.3639428753146858,0.87618774,0,False
VPS33B,True,4.16823713328582,False,0.30282829585851234,1.3982757647157855,0.84883714,0,False
HEXB,True,6.973604964788886,False,0.9021079856028703,1.251068194503766,0.66263676,0,False
TCEB3,True,4.500761255391334,False,0.4673159714992571,1.087648215850376,0.2842509,0,False
PYCR1,True,4.855678768035376,False,0.44370926605584493,1.1633551210539224,0.35878345,0,False
CCBL2,True,4.995507115739375,False,0.43728961491447105,1.356797768869344,0.78577405,0,False
MADD,True,4.333716227858554,False,0.4400661494588727,1.0736784165144595,0.26668975,0,False
HSPA1A,True,9.220377842965243,False,1.116659094782871,1.3983436247876346,1.0314294,0,False
ITM2C,True,6.277623378814248,False,0.7605082470821831,1.2835894614385794,0.7108033,0,False
SUMF2,True,7.148550040335722,False,1.1298072651128015,0.8254259566781181,-0.21952657,0,False
TMED5,True,4.74341085015172,False,0.5750917991919529,0.9007018918806842,-0.039770458,0,False
THG1L,True,4.497037427728872,False,0.3357362654934223,1.4151895004388981,0.88364375,0,False
C14orf166,True,7.490849833008947,False,1.146056157891603,1.2199677788290608,0.5627803,0,False
PPIB,False,9.12191447916166,False,1.6342275029099662,0.8851499043153606,0.21344304,0,False
CCDC127,True,4.490898346183423,False,0.30606633085024987,1.308906542841004,0.6822566,0,False
GOLGA5,True,4.757867828288697,False,0.4267815212234346,1.2396734299126435,0.56441784,0,False
LOC100506385,True,4.969356537333354,False,0.8971512885890252,0.06722071377993168,-1.61352,0,False
SNHG7,True,4.929903379242131,False,0.7780188210596286,0.3020146967947556,-1.09032,0,False
CENPN,True,4.617721947186406,False,0.718786827165826,0.08645181194576929,-1.5773158,0,False
TMED2,True,7.778038269463535,False,1.2618229682256448,1.0243418715220054,0.059217118,0,False
ATG13,True,4.767699467271693,False,0.5651808468984066,1.0258033183255246,0.16751969,0,False
C16orf88,True,4.283858688233814,False,0.415027310746277,1.1096487481078259,0.27579135,0,False
U2AF1,True,7.509636960364692,False,1.2359333687503065,1.0801918428558388,0.2203059,0,False
NMT2,True,4.916033236817476,False,0.8378430768860068,0.08100299253345952,-1.5217036,0,False
DKC1,True,5.867277896982319,False,0.6835971479596217,1.2727378921477852,0.6468837,0,False
CREBZF,True,4.123480734709661,False,0.4015396460945633,0.9748878598587851,0.065225504,0,False
PRPSAP1,True,4.798919319989196,False,0.46280616182533374,1.1379225176849992,0.38395855,0,False
NSUN5P1,True,4.309415105251066,False,0.4295087081050092,1.0772111365708157,0.26159763,0,False
GCHFR,True,5.973665914108604,False,0.49611932904872186,1.6314919334932454,1.3591204,0,False
UBD,True,6.237740029103563,True,0.31005890065677133,1.7613229177722762,1.5547917,2,True
S100A1,True,4.391837257267102,False,0.3424367352279536,1.0958861827587123,0.2695425,0,False
RPL6,False,11.150749751417067,False,2.1523870452202427,0.2669816434376362,-0.43531597,0,False
DNAJB6,True,7.075237843189016,False,1.076545213369228,1.1072774744395377,0.40451834,0,False
PRICKLE2-AS3,True,5.414998438308909,False,1.0769305682291883,-0.31284374312051233,-2.2902768,0,False
UBE2B,True,5.89373989738841,False,0.8771557233636789,0.9220545301052492,0.05851386,0,False
MT1X,True,6.584593831818214,False,0.6243690255076024,1.4708614946242147,1.052526,0,False
KEAP1,True,5.659522956966194,False,0.6310306953158786,1.2596963508133767,0.6234824,0,False
OMA1,True,4.942877649421302,False,0.39472283602245684,1.441038992320874,0.97376376,0,False
BCL2L13,True,4.727646441317604,False,0.48032348146493264,1.0710704817940093,0.2603381,0,False
S100A8,True,6.110849332591649,True,0.23089488051270912,2.0526880910710474,2.130987,2,True
ARFIP2,True,4.618421532078959,False,0.5737392637638499,0.7574550414375775,-0.35620803,0,False
UROS,True,5.447761665203487,False,0.49595379462202305,1.4065772944833959,0.90042967,0,False
CPQ,True,5.655667365218296,False,0.5440920091594201,1.274344838091232,0.6447447,0,False
FAM173A,True,4.227789301273032,False,0.2709308623858332,1.4906610080150124,1.0166535,0,False
SOAT1,True,4.999509794468929,False,0.7497392628251782,0.4512862340936379,-0.8521157,0,False
MRPS30,True,5.579398572535447,False,0.5628370778282286,1.3711683171129194,0.8474114,0,False
GDPD1,True,5.116695186191944,False,0.9936461526889611,-0.32738414358262424,-2.2789335,0,False
PRR11,True,5.112078412142973,False,1.0143150123102278,-0.49518867974386394,-2.6367192,0,False
SKA1,True,4.928513211715257,False,0.9402325591781273,-0.1922215259740422,-2.1090577,0,False
POLB,True,4.881214536603319,False,0.40191860474091406,1.3049652834084737,0.6876519,0,False
SEC31A,True,6.269831279426464,False,0.9041817232651364,1.0084154040759898,0.20699003,0,False
IGJ,True,8.516353401899748,True,0.327206491473472,2.1530584199289136,2.4008067,2,True
VPS8,True,4.021885335791674,False,0.34036999687847225,1.1840316395628943,0.42052665,0,False
H1F0,True,5.078762120547398,False,0.5279266285440003,1.0629557146437991,0.19896813,0,False
LSS,True,4.14430347029963,False,0.3418381694705891,1.149961384295132,0.3363543,0,False
HNRNPC,True,8.34507735414306,False,1.604198472282657,0.5392894858438786,-0.8798295,0,False
CCDC142,True,5.273028516693358,False,1.0279528679018592,-0.3383434413448797,-2.3389523,0,False
ISG15,True,8.619600169373555,False,1.1542551516205164,1.5490974163798628,1.2740024,0,False
TGDS,True,4.746957044193269,False,0.37291820973345335,1.215694953786232,0.5294436,0,False
ZNF429,True,4.219881010095596,False,0.5197692588853118,0.4221542311517069,-0.9431201,0,False
TPRA1,True,4.008940517359325,False,0.2526395335921459,1.2870291306410002,0.6125991,0,False
SUCLG1,True,6.638517972102418,False,0.8850701542871237,1.2606558951973819,0.6773856,0,False
PRPF40A,True,5.150202818514742,False,0.7331641756809664,0.865213295008976,-0.08029115,0,False
MAGEH1,True,5.729102184407297,False,0.5058371728625053,1.4728395550048137,1.0128812,0,False
IRF4,True,4.892826957239138,False,0.49393488704596267,1.1146870237159172,0.34289032,0,False
DTD1,True,5.7034477358763365,False,0.5916198138937971,1.398306826874924,0.86837274,0,False
DDX19A,True,4.740893543813999,False,0.5122809288127348,1.0204551094092753,0.1188646,0,False
PLCXD1,True,4.7262290926509305,False,0.8574234655542772,-0.29855544144488216,-2.1871367,0,False
COL3A1,True,6.37938106842302,True,0.12016868282791632,1.7347774366334654,1.4818128,1,False
MOB3A,True,6.324965923788561,False,1.0156925224437192,0.7526326889007078,-0.2681542,0,False
GFM2,True,4.551818245236243,False,0.3697077236806857,1.2139332429172702,0.5232074,0,False
IVNS1ABP,True,6.6598475315628525,False,0.9833572046795818,1.012200016742902,0.22539833,0,False
SIGIRR,True,6.312372523380116,False,0.8041128694575658,1.340194837941607,0.8158376,0,False
DNAJC14,True,4.608271940058993,False,0.5506596708457929,0.6317190704909141,-0.5458949,0,False
PRDX3,True,7.355936850536658,False,1.0983198815106845,1.1951525330430106,0.49390188,0,False
P4HA2,True,4.955108656732244,False,0.3448898088476169,1.2550225065792147,0.552756,0,False
MOV10,True,4.951888459269784,False,0.49638240662815136,1.184672144852159,0.460583,0,False
LRIF1,True,4.7933576086783,False,0.45731492266344587,1.2512490117907613,0.5837121,0,False
PECAM1,True,4.350114903006482,False,0.5322725366118832,0.7151685024456718,-0.3929134,0,False
TMEM9,True,6.143145474393219,False,0.7024437665512775,1.2597731272122203,0.6482735,0,False
PEX2,True,4.757026439581978,False,0.5963566986810057,0.8695626478469867,-0.13500787,0,False
CC2D2A,True,4.6380610154257305,False,0.8071845191114142,-0.00165306439780126,-1.6602432,0,False
CNR2,True,4.424354092232206,True,0.21370319497783064,1.816152619134852,1.660388,2,True
PMEL,True,10.971563210095317,True,1.054718451437083,1.8507663093351194,1.926844,2,True
OCIAD2,True,6.901092703005949,False,0.8375561115400605,1.5903030445847453,1.2916692,0,False
PLCG2,True,4.191779449131015,False,0.31856197972271094,1.3836969228797604,0.8594996,0,False
KIAA0247,True,5.340972220206669,False,0.7185707344275574,1.015672664961784,0.20717856,0,False
CCR1,True,4.572061034351302,False,0.30087703532169097,1.4888591311122377,1.0479901,0,False
UVRAG,True,4.197350516729823,False,0.39820837579751034,1.0987321084394026,0.2673698,0,False
DNAJA2,True,5.795147542779763,False,0.7494133601478843,1.134264782972008,0.4312579,0,False
CLDN5,True,4.070380722467337,True,0.056650307232138555,1.7632109183118434,1.5865194,2,True
ZNF512,True,4.680426002573917,False,0.3948966117655166,1.2663903280300302,0.627374,0,False
PSAP,False,9.782520370970877,False,1.5881714012417931,1.0036062256249427,0.43859935,0,False
DUSP6,True,7.409418964154216,False,0.8741837478259411,1.3554659153781012,0.8520086,0,False
ELP5,True,5.448762255979828,False,0.558660984323317,1.320203524621321,0.7309467,0,False
SERPINE2,True,9.609471621407332,False,0.9219619882362995,1.6560773926935433,1.3807356,0,False
AARSD1,True,5.225462194630286,False,0.47749928273776837,1.313373125890744,0.7108916,0,False
MAPK6,True,4.101108344232842,False,0.34454773588088183,1.0793891520242784,0.2559782,0,False
TCN1,True,4.884094696119352,False,0.11834465730773036,1.5130099044936123,1.1149936,0,False
SLC24A6,True,4.319464073470584,False,0.34065398030036265,1.334060899869063,0.7499076,0,False
RNFT1,True,5.095671998059655,False,0.4727265298884657,1.269632910728911,0.64043397,0,False
LILRB1,True,4.5852684260516945,False,0.44112795751047984,1.0535142496514425,0.22370179,0,False
FAM65B,True,6.489762468838638,False,0.8645385422494144,1.3426988274126965,0.83683205,0,False
NUCB2,True,6.207788920327573,False,0.7240121882157295,1.3374378434522938,0.79285413,0,False
SNX27,True,5.136536542969806,False,0.8204651313312257,0.3723030538359232,-1.0474682,0,False
MTA3,True,4.105803451208625,False,0.2703401395086281,1.3756826570606933,0.794594,0,False
HIBCH,True,5.356671235650947,False,0.5426326134502437,1.2755197676226349,0.65329313,0,False
TIMM10,True,5.984897292544835,False,0.6307527106432509,1.3119410042022785,0.7496141,0,False
MED17,True,4.323750541981509,False,0.39448280476114694,1.1110076532327684,0.29992393,0,False
TPP1,True,7.726447580450057,False,1.2738018770669255,0.9409485089300602,-0.06605319,0,False
NQO1,True,5.102551302924863,False,0.7320332465494318,0.4248447645442277,-0.96333045,0,False
ZSCAN2,True,4.0851894958611075,False,0.5474808933688791,0.24263161772215824,-1.3292607,0,False
SEC24C,True,5.4800816802083165,False,0.6741655936115125,1.1113450963414344,0.3857202,0,False
C16orf13,True,6.558537285457285,False,0.8619324427783479,1.27703078610287,0.69027513,0,False
PION,True,4.042842557775811,False,0.30064714825826566,1.3362179929657043,0.75914603,0,False
AP1G2,True,6.2240474729939335,False,0.8775486717185488,1.1454540396375361,0.440721,0,False
RBM42,True,5.186192134637602,False,0.6124433137636663,1.0556828203863975,0.25283736,0,False
RUSC1,True,4.317688460098981,False,0.3244671308499135,1.2917496615590487,0.6305439,0,False
ORMDL2,True,5.706178103429847,False,0.6451921062387205,1.2993894768960499,0.7156801,0,False
PSAT1,True,4.772733112452858,False,0.3351137661691911,1.38823263042085,0.81650287,0,False
IFNG,True,7.160230556403679,True,0.5794126556538697,1.7765563757792646,1.6376439,1,False
EMD,True,5.176342596334087,False,0.6902658213412132,1.0248408764559342,0.22143416,0,False
APH1A,True,5.880210012762308,False,0.7327852212615371,1.0836576630311483,0.33014047,0,False
COX18,True,4.386335953407232,False,0.7899102527297805,-0.2799010302799134,-2.1908102,0,False
CCDC82,True,4.719877814599703,False,0.44773028071397236,1.2457463802517852,0.5790069,0,False
PAFAH2,True,4.066038002413765,False,0.5088354901168476,0.33648526598704337,-1.099182,0,False
NPEPL1,True,4.239139479815748,False,0.348302096662235,1.2024530570390408,0.47990578,0,False
TP53INP1,True,4.668869848270719,False,0.4898859813072762,1.087435658153847,0.32388344,0,False
LATS1,True,5.138041741536285,False,0.594446605286943,1.1020357619259409,0.33347994,0,False
SPOCK2,True,6.2256988037009835,False,0.833489799166079,1.3483646819867159,0.8294888,0,False
HTATIP2,True,5.712515062921611,False,0.5335987598498588,1.447862986078693,0.9874831,0,False
ZSCAN25,True,4.008705899791436,False,0.31607643674640745,1.2408393218308051,0.54968745,0,False
DDX6,True,6.310041810500667,False,1.0720429613060987,0.7526552583091923,-0.26854786,0,False
VPS28,True,8.00150670283193,False,1.275695021367496,1.162192779009163,0.5606834,0,False
AP3M1,True,5.123941177360811,False,0.7663235060414324,0.4652989399902545,-0.83237857,0,False
ZNF460,True,6.087583961366676,False,0.7554803330081906,1.2435868663837502,0.6184363,0,False
AKAP9,True,4.785057003788079,False,0.7518451447138995,0.5625379860061259,-0.6565291,0,False
HNRNPAB,True,4.385811244135505,False,0.43574846831952085,1.0873763367999392,0.26459065,0,False
SLC20A1,True,6.435841340610295,False,0.7111216080737609,1.1709247169471637,0.5018834,0,False
MRPS23,True,5.545232486205371,False,0.6146894574197566,1.196449568346004,0.49181592,0,False
LOC100216545,True,4.138774802238124,False,0.452051630335149,0.94938799733973,0.022675412,0,False
PCM1,True,4.774549279529545,False,0.6623877591555081,0.686680591719924,-0.40080443,0,False
TSG101,True,6.9059115165212726,False,0.9048705008208702,1.3111426768791472,0.7839567,0,False
C8orf40,True,5.739880302804657,False,0.5822823957814491,1.4341897156098475,0.9370536,0,False
NOB1,True,5.895057074773937,False,0.6368363801039012,1.3847929830359162,0.86108696,0,False
ABHD3,True,5.372088537803757,False,0.5298041138076077,1.3812697698732288,0.87474626,0,False
AEBP1,True,4.700005013842102,False,0.3744530681091825,1.0460807430476498,0.19091883,0,False
SHISA9,True,7.68777369230835,False,1.5297115716279819,-0.038043361817803406,-2.0777574,0,False
PLBD1,True,4.201155589890459,False,0.22849325671157655,1.4061459407633112,0.8743022,0,False
TRIM38,True,5.331312672144051,False,0.7195562130156858,1.022563991920813,0.20458303,0,False
PLEC,True,4.360458120094986,False,0.5475754730969804,0.7851297083733427,-0.26246196,0,False
SMG5,True,4.440878701617876,False,0.46058968603607314,0.9850778809537774,0.08393872,0,False
NCAPD2,True,4.347252769156475,False,0.40305987849793756,1.0872075568617965,0.2678146,0,False
SLC25A6,False,9.637760757725975,False,1.8215420647925509,0.6648390408443695,0.1453557,0,False
DCP2,True,4.454595188388263,False,0.5331567780749469,0.8538214833939598,-0.11357707,0,False
RPL18,False,10.22386367135249,False,1.9824501099014722,0.4599858653228753,0.15906629,0,False
TMEM177,True,4.484383852460355,False,0.28245233662499925,1.317563708577738,0.6869527,0,False
C1D,True,5.290878291264908,False,0.5739148471620155,1.2133983174203298,0.53758883,0,False
SNHG8,True,7.315339864552027,False,1.0506534013058397,1.3818627881769667,0.92571914,0,False
NIT1,True,5.326366708347485,False,0.7681910491000058,0.5332259980468883,-0.73368424,0,False
BTN3A3,True,5.793641467292912,False,0.6236778875772797,1.3679401060136978,0.8455192,0,False
COMMD3,True,6.655424514510063,False,0.8234277522344771,1.3715774363518944,0.8741761,0,False
SHFM1,True,8.056250203058992,False,1.3009545997478322,1.1716981852597386,0.47811875,0,False
DUT,True,5.795858500128308,False,0.7290524069756675,1.1993051389009743,0.5223159,0,False
LRRC59,True,4.214368202608547,False,0.45293977813820746,0.7854376360846695,-0.34636825,0,False
EDEM1,True,4.740266760709149,False,0.5794647023218814,1.0038456192633025,0.19508277,0,False
CDC73,True,4.207141095956638,False,0.416646604802974,0.9893466286104378,0.09815967,0,False
GSTM3,True,4.782634293050406,False,0.8596352203556445,-0.058421643674066645,-1.8875871,0,False
EIF3L,True,8.90408931374015,False,1.5677099059121034,1.012933671134805,0.4016485,0,False
NFATC2,True,4.300047074788107,False,0.4556180931948839,1.0520727158768806,0.21699297,0,False
ANAPC5,True,7.059779168763944,False,1.058256019994705,1.1421560510943807,0.47070616,0,False
NFATC2IP,True,4.346785884833567,False,0.5672309135098506,0.5826413648649544,-0.6558182,0,False
RAB13,True,6.290940248539588,False,0.7494569601844211,1.337837679582877,0.76967293,0,False
LOC283693,True,4.260933129239947,False,0.7050775633389172,0.0009209574311595942,-1.6891428,0,False
COX6B2,True,4.85128114480076,False,0.8901356454102829,-0.031187841694890986,-1.798218,0,False
RPL13,False,9.592010599943917,False,1.9765701943723442,0.0839810338095624,-1.4943706,0,False
PRDX2,True,7.924187630541794,False,1.2158777543678765,1.2942711772545326,0.74085575,0,False
PRMT3,True,4.120434947349586,False,0.3181707793460403,1.1973920253646368,0.45035064,0,False
HSPH1,True,5.980798806139277,False,0.719319952774707,1.116360861690473,0.3853501,0,False
AQP1,True,5.121217275747453,True,0.1272991822776758,1.7169363773984718,1.4763856,1,False
CDC16,True,4.756088337127875,False,0.41427416929422833,1.2107943655879896,0.48078138,0,False
UBA2,True,4.44138838457848,False,0.4182261087989305,1.058492265797156,0.21293531,0,False
SUGP2,True,4.782247017045334,False,0.6252567257469328,0.5913350859527031,-0.5644645,0,False
RBM18,True,4.8830699598062886,False,0.4612327485763779,1.2304795695561537,0.5691365,0,False
ZNF626,True,4.40899855760894,False,0.5661966546749698,0.43907713823659605,-0.93150806,0,False
ITFG1,True,5.7440278769964825,False,0.6673718296688431,1.172285972684974,0.48290086,0,False
GBP3,True,4.46506197780783,False,0.3558277067381309,1.3283583109323165,0.7233625,0,False
PSMD1,True,6.148991177626997,False,0.7644837840831321,1.1612676415661367,0.46547174,0,False
ILVBL,True,5.551160069856209,False,0.5301725145084357,1.2374325610745134,0.59984696,0,False
IFNGR1,True,6.382581749706625,False,0.735635490197436,1.3314666045884156,0.79912513,0,False
NOL9,True,4.771588621812705,False,0.8871091475079141,-0.2777783621324639,-2.2459745,0,False
RBMX,True,7.977783291321075,False,1.3240137627792639,1.0635503313258985,0.2427963,0,False
ORAI2,True,5.484875034948104,False,1.0908014801722796,-0.35262439610451346,-2.7801716,0,False
CDC123,True,6.660294047360056,False,0.8622848002988942,1.2794142022187995,0.6961901,0,False
DTHD1,True,4.336804161868886,False,0.33768240290990964,1.300157606671995,0.687974,0,False
ZNF700,True,4.378535660248042,False,0.2662166446178753,1.3839182654397213,0.8352165,0,False
WWTR1,True,4.131134742456939,False,0.4351574331607794,0.7731360117799916,-0.39914244,0,False
PPP1R16B,True,4.36531497895465,False,0.3954897686872352,1.302594220942888,0.69712526,0,False
HLA-DRB1,True,9.760165593137629,False,1.4664958720978065,1.4926196500686266,1.4114544,0,False
RPL41,False,12.615142150025166,False,2.3397367788212837,0.19628381269797865,-0.35068607,0,False
SLC38A1,True,6.20109683191819,False,0.9755047774791735,1.0550689611707753,0.29592395,0,False
PHF20L1,True,4.451976949619581,False,0.39890625571111726,1.0664631230975408,0.22230868,0,False
MCM3AP,True,4.621354115527392,False,0.5361151420051575,1.007699644297121,0.1495939,0,False
SNX1,True,4.914980429171127,False,0.738457679767553,0.6741605711925901,-0.45280084,0,False
RBM8A,True,5.844809465328241,False,0.9797364967501837,0.691561855271707,-0.39940128,0,False
PARP3,True,4.63882383249472,False,0.35249866384269496,1.375771580354568,0.8073397,0,False
ZFR,True,5.489679195394873,False,0.7321052731305007,0.9467492401725552,0.076570764,0,False
CANX,True,7.189673612688795,False,1.1368539092407204,0.8166201726177289,-0.23045705,0,False
ECHDC2,True,4.5432967991246125,False,0.39084276440660703,1.3919075239252539,0.85114574,0,False
SMA4,True,4.767903924702414,False,0.614328083018235,0.7474344414114715,-0.29942447,0,False
PABPC1,False,9.120733059187227,False,1.8281241909116512,0.1460218500083756,-1.3685528,0,False
APOBEC3G,True,7.774295978456322,False,1.0533713331289176,1.4788272678674557,1.1419357,0,False
TMEM126B,True,6.161410608836697,False,0.6864420816691683,1.4140289086013456,0.93970007,0,False
GIMAP5,True,7.436687910418653,False,0.977485038379232,1.5615471092841462,1.2733896,0,False
NDUFA9,True,6.588471494336262,False,0.8626164391158317,1.2821551723513314,0.7223596,0,False
GPM6B,True,6.580457426368245,False,0.6622557585751747,1.36060442051429,0.8155989,0,False
PAGE5,True,5.147631193937896,False,0.238207918302488,1.5670296271955526,1.1495557,0,False
UCHL5,True,5.812797703965316,False,0.7396249005019628,1.1695149382844607,0.4811264,0,False
ULK3,True,5.2131759754254885,False,0.4748235798471916,1.369607280731667,0.8507507,0,False
AIM2,True,5.04298563232129,False,0.4076787981195712,1.4758419930337614,1.0379182,0,False
PNO1,True,5.237915892680314,False,0.7707186222476898,0.4870887041096038,-0.77436256,0,False
TIMP2,True,4.683501586353783,False,0.4689929661304095,1.0211975974103669,0.14352533,0,False
ST13,True,7.344722069025834,False,1.2537725283514791,0.9066317655385943,-0.2421775,0,False
CNPPD1,True,5.932040913034982,False,0.715610823311114,1.2265443273512895,0.59670603,0,False
TRAPPC2P1,True,4.8547272577369105,False,0.3554092213785587,1.52756774107374,1.1284742,0,False
TMEM141,True,5.014012438587408,False,0.4712079672766626,1.2814479688449378,0.64707804,0,False
COX4I1,False,9.754128720190254,False,1.8535773798844404,0.6792085630189035,0.14847825,0,False
ARID4B,True,5.863952758206926,False,0.9200786658521225,0.90229281939266,0.002403766,0,False
WWP2,True,5.151561821812819,False,0.5720744297559204,1.176134581715138,0.47211963,0,False
ZNF326,True,4.041230664361298,False,0.3536674648596184,1.0788275914954757,0.21724813,0,False
CTSH,True,7.27699208662946,False,0.8513497985004466,1.4927283706081353,1.1006957,0,False
PAF1,True,5.365552522931418,False,0.5935062610002589,1.1976426854412203,0.5125668,0,False
TTC9C,True,4.9763136918477375,False,0.4078827769835518,1.4055349125999257,0.8917547,0,False
TRMT10C,True,4.754035964526509,False,0.45530651831198365,1.2877464198759743,0.6459714,0,False
IFT57,True,4.788382819025744,False,0.47131038062821773,1.2740689277401107,0.65977776,0,False
CFP,True,4.272357181199948,True,0.1653983637292082,1.6632841596487717,1.3771033,1,False
DCTD,True,5.8361559233026385,False,0.6203463361748431,1.3722529804311612,0.83707607,0,False
MFNG,True,6.264768676723289,False,0.7059345813864704,1.5203475548604173,1.1494968,0,False
FAM208A,True,4.246376243596016,False,0.5452812861543426,0.8202055113230071,-0.20717429,0,False
LMNA,True,7.855893613865215,False,0.9877248566996137,1.3104523893897104,0.80088735,0,False
TBCD,True,4.987219643143107,False,0.545051384947647,1.168302422982714,0.4218733,0,False
PRAME,True,7.971303910844759,False,0.8969908644242217,1.4711239521617316,1.0877877,0,False
TRIM59,True,5.010007913459933,False,0.6902033846129343,0.7299811828320293,-0.3493012,0,False
SRSF5,True,8.388126104852239,False,1.5652297707196754,0.633281595912994,-0.4189516,0,False
PANK4,True,4.340604290169019,False,0.3058851670056844,1.2200271170114732,0.5468153,0,False
TOE1,True,4.005867886212524,False,0.2736401984825517,1.257801849849734,0.57448274,0,False
SPRYD3,True,5.158229126331265,False,0.5046073802314325,1.3255940171102925,0.73901016,0,False
DPAGT1,True,5.35109084119561,False,0.5084492598100901,1.2718366175905764,0.6455176,0,False
MAGED2,True,7.658007584303339,False,1.0664892942242459,1.2871961757158186,0.7384214,0,False
COA3,True,6.582796100346662,False,0.8027853383329044,1.340822983815435,0.8076663,0,False
GTF2H3,True,4.729087988944203,False,0.7916538436621761,-0.05532986511595332,-1.7677565,0,False
ATG16L1,True,4.615564066254629,False,0.3793089596026337,1.2991654981194458,0.6566496,0,False
NF2,True,5.799364090624465,False,1.0322280603561795,0.24162460612483902,-1.2721996,0,False
POM121,True,4.6913179702789884,False,0.6783743988102704,0.6783401918717972,-0.456662,0,False
TXNDC17,True,4.983030558159093,False,0.6038010105489591,1.0218886118529869,0.15736024,0,False
NUP62,True,5.540968522832204,False,0.726882268714458,0.931334576536577,0.030681865,0,False
LOC100188947,True,4.462512865757039,False,0.5813338050683295,0.7982274634242366,-0.2702617,0,False
NDFIP1,True,5.125470093972108,False,0.7717224189191416,0.7794410795748965,-0.23539013,0,False
CUTA,True,7.871788263174634,False,1.3197228483953034,1.0913957681121915,0.38830036,0,False
IWS1,True,5.629129645708727,False,0.6449165906908612,1.2095594061367523,0.5623688,0,False
PCGF1,True,4.595139586567906,False,0.35832480181876836,1.2771647094582619,0.6146946,0,False
SFRP1,True,4.343383291758207,False,0.20813967457121535,1.6106903781140032,1.2336398,0,False
SUOX,True,4.000599617859497,False,0.24686434621589654,1.2665321807872512,0.5849366,0,False
IDH3B,True,7.1915451229977645,False,1.0194609389683382,1.2674250901755344,0.67356384,0,False
GOLT1B,True,4.771853827647749,False,0.47911406351454305,1.1382915231086894,0.36474848,0,False
URM1,True,4.126179442886022,False,0.47379269568155247,0.821242967920469,-0.21673304,0,False
TMEM106B,True,4.14648414373032,False,0.4177358224740946,0.9884575893097266,0.04744195,0,False
PRKAG1,True,6.018637178344498,False,0.6705767964149998,1.3185771254396275,0.73553133,0,False
ELMOD1,True,4.0059403762721075,False,0.6943754101014579,-0.27416228097176193,-2.220366,0,False
EEF1G,False,11.146862875586638,False,2.1214414291852495,0.3794454888753832,0.20676751,0,False
WASF2,True,5.982323962410036,False,1.013907753932569,0.7468127821942883,-0.28961247,0,False
GARS,True,6.303883097953813,False,0.7976810440236612,1.2275752701045939,0.601354,0,False
CDK10,True,5.407359090949933,False,0.5517383368363539,1.2791227544938355,0.6728623,0,False
MDM4,True,5.90700189736249,False,1.1347986555551484,0.0685357850158472,-1.8675234,0,False
FAM21C,True,4.351894638005618,False,0.4151557145581991,1.121043428887874,0.33468214,0,False
PFDN2,True,6.7857358070827845,False,0.9002207276158765,1.2882266677475558,0.73108107,0,False
HBA2,True,5.932379347320412,True,0.06425993167902085,2.201772079852282,2.579629,1,False
PUM1,True,5.157749575646458,False,0.6299342792099346,0.9704576486516424,0.104193315,0,False
RAB7A,True,7.517377960110125,False,1.3001201338567898,0.8188128500403682,-0.492398,0,False
KANSL1-AS1,True,4.512856579765155,False,0.27538994146096996,1.562933550873756,1.18,0,False
HELQ,True,4.03441460692372,False,0.3275965283521425,1.2229213246211197,0.5256568,0,False
BIRC3,True,6.109112717434224,False,0.8945377997254447,1.2241717389880558,0.6192232,0,False
DCAF8,True,5.84378076492599,False,0.7984555161939186,1.0034633823865367,0.18358569,0,False
H2AFY,True,5.826408757160093,False,0.7238210326901751,1.0992053702177476,0.36091208,0,False
ZNF638,True,5.074496617097262,False,0.6504364425682548,0.9111782628011403,0.017944677,0,False
ACTN4,True,6.268056790049864,False,0.8867258562485378,0.9441585997071551,0.09922968,0,False
EIF2B5,True,4.0453408197317,False,0.3011999853013339,1.2579840678997547,0.5912254,0,False
VPS33A,True,5.377746960630081,False,0.7792029181748161,0.6317497006303894,-0.50051767,0,False
GAPDHS,True,4.2333668827094115,False,0.253042809845499,1.3945581222833734,0.785673,0,False
PSTPIP1,True,6.596916120893965,False,0.7308547900475423,1.5217425620584757,1.1656461,0,False
APOL2,True,5.933877047454881,False,0.9027188124894514,0.8193882023838224,-0.19139887,0,False
COX7A2L,True,7.585800106600926,False,1.1880800257471087,1.190661711883155,0.49083462,0,False
U2SURP,True,4.804810573361483,False,0.688603922347139,0.7887690595136497,-0.24496406,0,False
SLC7A6,True,4.674625846250799,False,0.573404376314272,1.0681463133608329,0.26555106,0,False
HSD17B10,True,6.810464106057474,False,0.8567394546557399,1.372756456439406,0.874854,0,False
MRPL10,True,6.302575565406152,False,0.7793455252836496,1.245428298153677,0.62685823,0,False
CYCS,True,6.118864104977736,False,1.1401955910751962,0.23204192828625483,-1.5244647,0,False
TAF9B,True,4.7744169302226735,False,0.40799447948862855,1.223760524875886,0.53074235,0,False
IMP4,True,6.59540814463262,False,0.79931810948719,1.3717224052718757,0.8836861,0,False
NDUFS1,True,5.2130971622796665,False,0.5419075298974438,1.2159432532940735,0.5329233,0,False
ARRDC2,True,4.549452415005007,False,0.3145118208589094,1.4915990458711241,1.0872619,0,False
AES,True,5.176279570482129,False,0.688860339872812,1.0960256121213705,0.36045277,0,False
CD2BP2,True,5.773284385106968,False,0.8032225651277376,1.0452057595359223,0.24258763,0,False
C16orf54,True,6.456048611969055,False,0.9762998765412392,1.167752747511281,0.53235,0,False
AP3S2,True,4.28463467797003,False,0.5712238562498404,0.5585707672008676,-0.75503767,0,False
HLA-DRB5,True,8.23949480425265,False,1.2235159964276818,1.373270359858914,0.8964553,0,False
GOT1,True,4.673724397073029,False,0.3531623390337343,1.41632385494583,0.89333713,0,False
CASP6,True,4.739489081088633,False,0.5920070289794719,0.7609475719653442,-0.3350932,0,False
RCL1,True,4.305225020270618,False,0.2861748191223409,1.3590876481799512,0.8079933,0,False
MRPL38,True,5.632247528852512,False,0.6878554203912755,1.1743490862791552,0.4913659,0,False
BET1L,True,5.4462106363473515,False,0.6365255789590221,1.164582110874088,0.4463793,0,False
LINC00670,True,5.289678164902317,False,0.9948036228820805,-0.06311640058832799,-1.7899358,0,False
POLR3K,True,6.190347845083085,False,0.6592957728141575,1.4428993911434715,0.97402275,0,False
DARS,True,6.959499588873135,False,1.0267963346992717,1.1667699121421546,0.4648089,0,False
EPS8,True,4.525722263324188,False,0.41133891968850067,1.0259734442172186,0.09132463,0,False
DAD1,True,8.052199611680283,False,1.3090716620077028,1.162391015485181,0.44812828,0,False
RIOK1,True,5.1403344304600065,False,0.48541763640438673,1.2925927079456616,0.6978304,0,False
FAM96B,True,7.333238205243289,False,1.0966104248800894,1.2022507992695581,0.52851886,0,False
CAND1,True,4.6479465553725134,False,0.467190219252662,1.0602666811266936,0.2419114,0,False
ACTR10,True,5.9489118539756785,False,0.7716953494848113,1.0922499356007316,0.32873,0,False
HCST,True,8.157973103667011,False,1.1611009045276695,1.5406570853603658,1.2475599,0,False
NASP,True,6.287346331523732,False,0.8691389876516455,1.124034772727072,0.39255315,0,False
TBL3,True,5.227674682854466,False,0.4725945458524972,1.3218334283703852,0.728123,0,False
PDIA3,True,8.076049124187948,False,1.4019194086831956,0.8070918416456749,-0.27982315,0,False
DCP1A,True,4.8444945443665395,False,0.6861061565084093,0.6642131768343702,-0.4634387,0,False
CLN5,True,4.391802345555993,False,0.36704282243476044,1.1914538326769901,0.46167994,0,False
CES2,True,4.236775937188135,False,0.4185988944640507,0.9560125036064769,0.020187553,0,False
GNAS,True,7.870426732281864,False,1.3172583939526803,1.0688952067438129,0.33914244,0,False
TSPAN13,True,4.436494971176956,False,0.29799736267535465,1.4123809671846073,0.888757,0,False
MRPL52,True,5.410794856320335,False,0.7744008198417919,0.8777440830062848,-0.06606891,0,False
TRA2B,True,5.459115655092165,False,0.7822909960558388,0.9270582623852971,0.0017933347,0,False
RTF1,True,4.053613956225198,False,0.5334297340615146,0.5937964165530022,-0.63460237,0,False
DHRS7,True,7.290217406272664,False,1.0365978588289733,1.308944002164024,0.8012133,0,False
EXOSC2,True,4.648718973482995,False,0.5886304825975286,0.5684051345014529,-0.7129291,0,False
MYL12A,False,9.679123643658935,False,1.8439332237385395,0.6290992871697791,-0.19364427,0,False
LAMTOR2,True,6.678778330021662,False,0.9014163359261134,1.2458527793064578,0.65063983,0,False
EVI2A,True,6.264769225105922,False,0.804630618747885,1.3811485020811594,0.8893639,0,False
RBPJ,True,5.8633921317457744,False,0.8596249561739941,0.9912068707886569,0.14174636,0,False
GIMAP1,True,4.871947675639366,False,0.5115641665698982,1.2564730157881505,0.6323389,0,False
ALDH18A1,True,4.9450935104944,False,0.4553097859354458,1.2477264572243358,0.58990496,0,False
INE1,True,4.729241292554469,False,0.5608167718785916,0.6111134956803298,-0.53949666,0,False
TPI1,False,9.827394918213457,False,1.7251846560785937,0.9355512588701926,0.6178151,0,False
DAPK3,True,4.5113856351771116,False,0.36559270789914394,1.2016383230965437,0.47541958,0,False
IP6K1,True,4.161588593751231,False,0.3528078656743768,1.1910962323605587,0.43212688,0,False
GJB1,True,4.707083760502854,False,0.30533312896935466,1.2969295318005265,0.60980785,0,False
PIN1,True,6.320185015655156,False,0.8196071319286885,1.2347991628307446,0.6102252,0,False
ATAD1,True,5.397628067359034,False,0.5993798178428102,1.2050209201852091,0.5212989,0,False
MFSD11,True,5.043648681923021,False,0.7833487917990309,0.29768300899791184,-1.1203272,0,False
ZSCAN16,True,4.388312462267931,False,0.2368298927788809,1.6302132966196161,1.2715876,0,False
ASCC1,True,4.8649018919041,False,0.4660401418555414,1.2806000850753931,0.6453143,0,False
YME1L1,True,5.707550420012834,False,1.0012582380524075,0.30446726513461003,-1.1478411,0,False
PCBP4,True,4.163467806300933,False,0.29107538108003417,1.2149875283886882,0.4872821,0,False
TNFRSF10A,True,4.34418180376436,False,0.34904337106219907,1.2480458353804005,0.6177108,0,False
SCP2,True,6.998983019146602,False,1.0591627957620604,1.1856611760304085,0.50504076,0,False
SON,True,6.280266208183306,False,1.1736468644897013,0.3887768654436804,-1.4033092,0,False
RWDD4,True,4.25477938140678,False,0.36344328582663976,1.1501387114541233,0.3540178,0,False
MZT1,True,4.4800310249170465,False,0.40685890233900834,1.2116548750428677,0.4870424,0,False
SLC6A6,True,4.1130724215628085,False,0.361647669240106,1.128846962464226,0.31665418,0,False
PCK2,True,4.918674313889432,False,0.41571633944769304,1.3600809587365743,0.8135383,0,False
SDHAP2,True,4.801416897817749,False,0.5149504168354351,1.1227952516622637,0.37978026,0,False
PRRC2B,True,4.372749062120591,False,0.6029975692392302,0.7159461479949369,-0.37842518,0,False
BDH2,True,4.124059618953957,False,0.3806150277673552,1.1205423432571877,0.27918255,0,False
DLGAP4,True,4.013059375000863,False,0.42764165231868156,0.8918352382369246,-0.09689153,0,False
BACE2,True,4.438189117340274,False,0.36124858916039726,1.0913691854360685,0.22102456,0,False
XAGE1A,True,4.115900325836074,False,0.33630154522498923,1.073349984286281,0.19669501,0,False
WDR20,True,4.64500514946521,False,0.36991799044043516,1.3107086054390074,0.70654887,0,False
NTAN1,True,5.027334586082367,False,0.42794739909545854,1.3538282147948195,0.7860726,0,False
NUP88,True,5.814509429501471,False,0.6070317516970074,1.345321397487377,0.7997933,0,False
TEN1,True,4.916581425130488,False,0.38415289946805664,1.4350231205669846,0.92905504,0,False
MOB4,True,5.179304923907708,False,0.7202348669813763,0.7483948616527727,-0.30768153,0,False
ZNF79,True,4.35147754972088,False,0.2696390741148968,1.4215667467158184,0.9331155,0,False
HSPA8,False,10.562531786249252,False,1.9898993789663582,0.42553271351622446,-0.12597933,0,False
DIDO1,True,5.647225928914149,False,0.6300735056230253,1.2559070051308394,0.6519368,0,False
SLMO2-ATP5E,True,4.317047515241669,False,0.4008207898575089,1.2128086079332103,0.52301604,0,False
NGDN,True,6.265337289777762,False,0.7187727099351584,1.4269114619167955,0.97197723,0,False
AGGF1,True,4.319046857371026,False,0.4691770893940971,1.041739151246212,0.17984742,0,False
DPF2,True,6.069507453277409,False,0.7648784895696388,1.2255647378180747,0.5916908,0,False
CARS,True,5.43884816599987,False,0.554582486202192,1.3128786658839213,0.7282783,0,False
AGTRAP,True,6.651761742922839,False,0.7730104812440155,1.3656279518719563,0.8655202,0,False
PERP,True,4.0248844829889645,False,0.34121889971282726,1.149281165067286,0.3126127,0,False
FN1,True,7.125743739248528,False,0.4967497749503077,1.3853671530732548,0.8671158,0,False
MTR,True,4.071968510045927,False,0.49946313371278983,0.7001269433811067,-0.42313388,0,False
PPP1R12A,True,5.313447337362768,False,0.7784641831357795,0.7879925541437064,-0.21714622,0,False
SPDYE5,True,4.783268171116504,False,0.809561717695903,0.5041333236734794,-0.81782866,0,False
ZNF7,True,5.096860561366074,False,0.42053169259570605,1.3882508140613674,0.8464947,0,False
TPMT,True,5.238247660407466,False,0.9487009238928398,-0.03758942769054961,-1.8141028,0,False
GPR132,True,4.334146346430398,False,0.3872079743733845,1.1666302909476136,0.43833306,0,False
ATP1A1,True,7.572687596140553,False,1.0108899771043007,1.088722461883754,0.3523148,0,False
ZNF672,True,4.685630267334756,False,0.3846994678267004,1.2648928393110537,0.63213146,0,False
FAIM3,True,7.1946707919973765,False,1.0918568099562251,1.2901511252744595,0.7879346,0,False
UBQLN2,True,5.632426614375787,False,0.6540261397000251,1.2451994845778385,0.6396799,0,False
YWHAZ,False,9.600419803655742,False,1.8997547870139124,0.12306379470632582,-1.3823481,0,False
ZNF805,True,4.2420101892939215,False,0.6946417853875888,0.016541177430726636,-1.7089336,0,False
RPL10,False,10.894821334122025,False,2.1512729095530227,0.14011534630719258,-1.3511454,0,False
PFKL,True,6.769185472013525,False,0.9965523385222025,1.0689176694145162,0.33708543,0,False
AURKB,True,4.573362634696363,False,0.23489484788227233,1.428254819190553,0.8770809,0,False
ALG6,True,4.385461299880041,False,0.3926916834325359,1.1535973282303666,0.38962603,0,False
RASSF4,True,4.978795589485387,False,0.35268797209466907,1.4587807894529772,0.999938,0,False
TPT1,False,11.962910688978027,False,2.24239381803606,0.23010792275963,-0.66596603,0,False
SEC63,True,4.164119576775362,False,0.4850611424530614,0.7598832854641853,-0.3195432,0,False
MRPS28,True,5.586235591589326,False,0.5623236933983912,1.3342672273893628,0.7386319,0,False
MTRNR2L10,False,11.791207990271127,False,2.2203923294666286,0.01396829780672329,-2.417086,0,False
TOR1AIP1,True,5.808919968524692,False,0.7944793804345229,0.9588145818085022,0.10208593,0,False
GAGE2E,True,4.496716920645825,False,0.10955191270643416,1.3812430432919687,0.7351183,0,False
AFG3L1P,True,4.546634887904936,False,0.3308585579942356,1.3312411571068412,0.7297236,0,False
PXN,True,5.069849477188582,False,0.6269056069177307,0.9493589026607121,0.066989325,0,False
GANAB,True,6.567994773112273,False,0.9467057014986382,0.9313771730017202,0.059402052,0,False
HARS,True,6.0809200227643805,False,0.7254904382190601,1.28370457930562,0.69837093,0,False
ITGB1,True,7.0123050624424454,False,1.0079412598660242,1.0506629707429718,0.28280386,0,False
CCL14,True,5.378954843507339,True,0.0596272483712712,2.052334960968101,2.08819,2,True
PSMC4,True,6.531884114269506,False,0.8600765899339382,1.2815859638702642,0.72230977,0,False
SGK1,True,7.428519445798071,False,0.806917543185409,1.3239971773425685,0.8029231,0,False
NOP10,True,7.639508337469301,False,1.178307665369341,1.2261800687786077,0.5675669,0,False
IFT43,True,4.938363984937638,False,0.4103814387899377,1.3756813082061563,0.8168924,0,False
PSMD8,True,7.5913549307199775,False,1.2507499333031822,1.0505944159837624,0.28879684,0,False
SOX10,True,4.130621166675828,False,0.37038942238295147,0.972327643058132,-0.009128673,0,False
MAP1LC3B,True,7.284492418668574,False,1.143696904733399,1.069262865150245,0.25740537,0,False
P2RY8,True,5.3646552812445325,False,0.532893344929317,1.4736911553828331,1.0586793,0,False
CYB5R4,True,5.248455818356802,False,0.48454093197161485,1.4001657166734032,0.9219287,0,False
TRAPPC2,True,6.609773033889315,False,1.3039826889954829,-0.0467785841598109,-2.606738,0,False
AURKAIP1,True,6.921291712314309,False,0.9749443643356428,1.2721182738720236,0.73266226,0,False
NFKBIZ,True,6.135416766736231,False,0.7548648419370303,1.1317531593774208,0.44475728,0,False
OSBPL3,True,4.199022176611082,False,0.44651294401376623,0.9439215397900436,0.012382554,0,False
SLC39A9,True,4.860388773291006,False,0.5430990655755423,1.1228699703613474,0.35581592,0,False
PQLC2,True,4.8703753598373325,False,0.7522724777447176,0.22779051469747993,-1.2847732,0,False
PLIN3,True,6.098656163876733,False,0.8323972793360978,0.9563721484504939,0.06928977,0,False
MCFD2,True,6.162554462668481,False,1.161376781102269,-0.09785500587691695,-2.5840745,0,False
EPS15,True,5.580961225644544,False,0.7543389889128225,0.9454364892643692,0.070510685,0,False
HERC2P7,True,4.277343828065785,False,0.49498467643979494,0.493148983801749,-0.7851205,0,False
GNS,True,5.443307230845166,False,0.7884744116520765,0.5054528094799218,-0.746488,0,False
CBX1,True,4.981473321398197,False,0.4921162181452998,1.1455138867277623,0.4158934,0,False
ENO2,True,5.89816411281051,False,0.6021950054567203,1.3796301589720619,0.8159721,0,False
ACBD7,True,4.6325073656070295,False,0.8475175877505469,-0.2827701970199208,-2.1387303,0,False
CD2,True,8.90603861522278,False,1.3320292397164804,1.5375404642808959,1.4374194,0,False
TMEM69,True,5.033904026607232,False,0.46931741322868403,1.250854580834498,0.5639143,0,False
ATXN7,True,4.147619865029339,False,0.47070986451629265,0.9942319154312962,0.14374584,0,False
CNOT7,True,6.426193168018942,False,0.951619461390387,1.0981713555349253,0.3762347,0,False
NKAP,True,5.111095046372791,False,0.5075842945984232,1.3378569544369565,0.7457285,0,False
EAF1,True,4.452550591296914,False,0.5582784018848439,0.7847008041692372,-0.31760773,0,False
IL4I1,True,4.932208232872591,True,0.23653678690559346,1.6708460205096887,1.4316082,1,False
PSIP1,True,5.164726663801141,False,0.5802498169383021,1.2005997386252387,0.5638505,0,False
AP2B1,True,5.7760570502004835,False,0.7956644151383498,0.9358956996395251,0.053463005,0,False
SLC30A7,True,4.732272070123093,False,0.6365192683720717,0.7439035211710785,-0.3179204,0,False
LINC00507,True,4.409591620317667,False,0.7599550719021755,0.011329522143577481,-1.6412543,0,False
S100B,True,9.371715447508286,True,0.9646849539283939,1.7500790057651927,1.5777924,1,False
ZFPL1,True,4.153486740012819,False,0.31243287119861596,1.1919030256394976,0.44348478,0,False
NACA,False,10.329303814525888,False,2.003700464139439,0.38379313080114524,0.2248332,0,False
PRF1,True,8.626437886823629,True,1.0029183507203023,1.725269893727134,1.615591,2,True
LST1,True,4.995717331419355,False,0.34192752096520485,1.5315188653403538,1.1629372,0,False
CDK4,True,6.536887614190154,False,0.9810462688544618,0.8792715753050667,-0.068698525,0,False
FAM107B,True,5.111323466292695,False,0.4817644329205076,1.485302473358535,1.0751253,0,False
RBM3,True,7.3882577129852045,False,1.4621146749321874,0.28885269409163317,-1.4940449,0,False
SCFD1,True,5.675694083551183,False,0.6205673551084333,1.2995908054551908,0.7295027,0,False
RAMP3,True,4.259951352391415,True,0.0940364724010623,1.6279255938744719,1.2729441,1,False
DLEU2,True,4.76989369647964,False,0.8882144263185884,-0.23189304047107406,-2.1460555,0,False
PAPD4,True,5.235703825684323,False,0.6035253178414333,1.1516364461679722,0.45814613,0,False
NTPCR,True,5.12872510715927,False,0.4886744468108881,1.2841847665965964,0.63978416,0,False
XYLT2,True,4.090000870441043,False,0.32225209116100334,1.0600978509711472,0.22129935,0,False
HIPK3,True,4.026766552454527,False,0.34768910576630485,1.088467690331031,0.24246164,0,False
XPOT,True,4.689565769832952,False,0.40140212338651826,1.1209777394747564,0.3349293,0,False
DHCR7,True,4.116228488191975,False,0.23585878800633037,1.3563862362103207,0.7497225,0,False
TRIM14,True,5.73534583230165,False,0.7574162032913159,0.9675404813684891,0.11908527,0,False
ABRACL,True,6.81645416372709,False,0.9290902677060349,1.323385332268527,0.8100335,0,False
ENOPH1,True,6.053457480777486,False,0.6774359830314216,1.3249289367999137,0.75661856,0,False
FAM127A,True,6.203072275920682,False,0.8052867665271646,1.1713065239718259,0.47806466,0,False
SLC5A3,True,4.011191579268486,False,0.3517147517914595,0.9252812368458863,-0.07628167,0,False
ZBED6,True,4.673018227694456,False,0.45777269368939305,1.1387728053435053,0.3727408,0,False
NAA15,True,4.846251814175421,False,0.5632491636003121,1.0506789733318145,0.22630312,0,False
ORC5,True,5.150186138103217,False,0.4679246720546055,1.3428543004039932,0.7597631,0,False
BCL11B,True,4.257935522014244,False,0.4757248966637013,1.056111822569552,0.24406773,0,False
UQCC,True,4.185942557661326,False,0.3377007369049394,1.1459058199782932,0.36160147,0,False
S100A16,True,6.156958562103758,True,0.48499590032992757,1.6621897196618929,1.3194861,1,False
RNPC3,True,4.559880402749927,False,0.5184331424829391,1.115991380600084,0.34836546,0,False
PLS3,True,5.258788773578668,False,0.47933274108787977,1.185147590776086,0.41433808,0,False
CCDC23,True,4.648787411864083,False,0.37324946875944853,1.3867957577910939,0.85431236,0,False
RPS24,False,10.632043837084254,False,2.0608485664059515,0.3396390502237624,-0.004489418,0,False
MIA,True,8.76558385482737,True,0.6914495432920429,1.845204005343793,1.7095163,1,False
MRPL9,True,6.496445870295095,False,0.8335563449411392,1.3101173136101731,0.7559678,0,False
RPL24,False,9.942761708043342,False,1.9138150697660559,0.5940085106638763,0.27649802,0,False
RAB4B,True,5.82338732803432,False,0.5885492996894099,1.459289291522496,1.0316179,0,False
TSPAN31,True,5.786478063991902,False,0.8203078718307457,0.8063213351441841,-0.19216387,0,False
FBXO25,True,4.127847955643137,False,0.31934942516257403,1.2484662252314633,0.5288837,0,False
ALKBH7,True,5.692273155142979,False,0.7098118465434393,1.212195711253513,0.5667942,0,False
LOC91948,True,5.563509347342957,False,1.0066319742227043,0.2650790418070845,-1.1784599,0,False
C11orf83,True,4.084124406610149,False,0.503889623639433,0.6498273429641886,-0.5419713,0,False
TNFSF13,True,4.372442661424081,False,0.26592832019279045,1.4822024549703465,1.0354934,0,False
PEX11B,True,5.703047432455735,False,0.5637188893225146,1.4075448366014165,0.891776,0,False
CD68,True,7.251695890593925,False,0.9358415917876886,0.947434100989822,0.059611127,0,False
FBXO22-AS1,True,4.404729086314516,False,0.3296085342249542,1.3737491455948487,0.80925196,0,False
SPAST,True,4.071780938256893,False,0.6473010129822694,0.005635521272547461,-1.7432827,0,False
BSG,True,7.685585734008894,False,1.2744554955741827,0.8772693040725902,-0.33096895,0,False
PARP8,True,5.054976715204524,False,0.6185349846895838,1.1636005339535145,0.48709163,0,False
TNRC6B,True,4.950727499096668,False,0.8557329829034014,0.47847388698956056,-0.75195295,0,False
FLJ45340,True,4.243444252867274,False,0.5887896954866602,0.45565776772306726,-0.8517529,0,False
XCL1,True,4.89492554611488,False,0.25499732583913476,1.649949596397839,1.3751105,0,False
VPS29,True,6.979000677748642,False,1.008678083919766,1.1910128316462145,0.5743508,0,False
GPR155,True,4.636769224349824,False,0.7400846625802848,0.01647658062603706,-1.6627882,0,False
HDDC2,True,5.839050651477371,False,0.7095285901371903,1.234380727954565,0.6115486,0,False
BUB3,True,7.492366576710305,False,1.1312853152903362,1.2393535254536532,0.6072828,0,False
GGH,True,5.071082792166429,False,0.39757796138534646,1.2654731874926375,0.5918501,0,False
VPS35,True,6.452149942106785,False,0.9020424463854351,1.130914630260074,0.4084947,0,False
CNN2,True,7.934800327993519,False,1.3303772756619248,1.0858961762498953,0.3496118,0,False
ASNA1,True,5.575756844370099,False,0.6487345776669097,1.1572440634761654,0.44889563,0,False
C1S,True,5.23316457286469,False,0.1958989290306716,1.5106061507312247,1.0558125,0,False
ME2,True,4.786507966775414,False,0.8028486881005321,-0.003756587328334879,-1.6632124,0,False
GLO1,True,6.273948842237996,False,0.7859939587356723,1.2435794794976138,0.62438595,0,False
WDR61,True,6.800513425896476,False,0.8550137546719458,1.3372276821733144,0.8056715,0,False
ERAP2,True,5.4901428022441126,False,0.7070692557751375,1.1291207773960394,0.39964056,0,False
PKIG,True,5.883968046436893,False,0.5965604429314212,1.494948480443252,1.045608,0,False
PPIL3,True,5.384356540702086,False,0.5111571140714998,1.3753299395180822,0.840245,0,False
CCS,True,6.060530384835715,False,0.6618905563580155,1.3875084576605934,0.90298647,0,False
FCGRT,True,6.425595049259522,False,0.6516038941442135,1.4588683884501619,0.9955578,0,False
TSSC4,True,5.490232861234715,False,0.49677133903120774,1.4046415662349805,0.8963403,0,False
AAR2,True,5.540023040039294,False,0.5564106029748153,1.3359280723582438,0.74393296,0,False
BPNT1,True,4.678761651128552,False,0.7276887578662724,0.16999806026625802,-1.3954902,0,False
LDLRAP1,True,5.415006815328893,False,0.5205328117682224,1.4550368411660028,0.98548,0,False
RPS6,False,12.018723783200683,False,2.2587138642021185,0.3506713922707121,0.64325595,0,False
HMGN2,False,9.066280533893217,False,1.699599198645072,0.6233154212182509,-0.17736627,0,False
LIAS,True,4.63118636353908,False,0.6821253058068817,0.3812020379311859,-0.9927664,0,False
HNRNPA2B1,True,8.027836255988326,False,1.5506600785378368,0.4061926516231415,-1.224174,0,False
GADD45A,True,4.079438032903761,False,0.26814724546170843,1.3354836118460165,0.7050232,0,False
TMEM70,True,5.232403174528162,False,0.5904029622471132,1.1431461065446884,0.4000973,0,False
C1orf50,True,4.317436507260441,False,0.25554149034902496,1.4828937536874105,0.99948746,0,False
FTO,True,4.876425108783325,False,0.665024251192795,0.6310388180677706,-0.5847257,0,False
APOPT1,True,5.15627370582443,False,0.762655272691019,0.5967860287418694,-0.6159595,0,False
DHX8,True,4.709535772257412,False,0.4718202349618419,1.1292659209069398,0.35932234,0,False
UBE3B,True,5.306203220670945,False,0.5817877933615428,1.2239484981273283,0.53437656,0,False
PLAT,True,4.4344109838331685,False,0.26677533303553136,1.2543724132381295,0.5237388,0,False
COPE,True,7.95365015632522,False,1.345101139435982,0.970039915628879,0.10130233,0,False
EIF3A,True,6.251657694078205,False,0.9812943212948143,0.892838326599102,-0.018572928,0,False
COA4,True,6.32570752894313,False,0.7654597040769628,1.2994104761900418,0.7221943,0,False
ARHGAP1,True,5.794206049930275,False,1.0347812746512712,0.24136413110448446,-1.2385162,0,False
CXCR3,True,7.023006300401298,False,0.7631039693777263,1.6544457481453891,1.4406458,0,False
CHI3L2,True,6.117294384925824,True,0.39269339570383693,1.8432688604893737,1.7476327,2,True
RINL,True,4.096619746412275,False,0.5616503371900212,0.37657680575543795,-1.0289426,0,False
UBAC2,True,6.176625484634124,False,0.8106843360792572,1.228295087033071,0.59801793,0,False
ST6GALNAC4,True,4.818551090978097,False,0.3809432744634695,1.4138404845495527,0.9179311,0,False
KIAA0391,True,4.930822655449081,False,0.4153574011060916,1.4087438752771915,0.8906295,0,False
TSC22D2,True,4.2191185505317375,False,0.40195949565228534,0.9761272917366275,0.060836803,0,False
NDUFV1,True,7.362168045941383,False,1.0878959170969282,1.157562900200713,0.44657308,0,False
POLDIP2,True,5.29898839190384,False,0.5689073862292595,1.201505707890709,0.50649923,0,False
UFSP2,True,4.9275462114585125,False,0.4708619774848013,1.2268207308082746,0.5186028,0,False
CLEC7A,True,4.831578347888064,False,0.7273416843046142,0.2153749245984365,-1.3113471,0,False
HSPA14,True,4.550157694834509,False,0.3519165789858557,1.2603783985613783,0.58933115,0,False
C2orf43,True,4.287273216180259,False,0.3358878806100392,1.1992005229315286,0.46553826,0,False
SELPLG,True,7.618714447894501,False,1.0534326165893573,1.5132101763095314,1.2110913,0,False
C1QTNF6,True,4.348913659911265,False,0.5830352764361858,0.3297785958939513,-1.1621928,0,False
DTYMK,True,5.610406593322147,False,0.5590418323209403,1.2919503811507895,0.6757289,0,False
HMG20A,True,4.898021822817349,False,0.5211304456767465,1.1281401600633953,0.3466012,0,False
AP1B1,True,5.456059750060152,False,0.7168767004524222,1.045960301672,0.2624773,0,False
CD74,False,12.378673929669018,True,1.9758326893053328,1.336955010717574,2.677082,2,True
PLSCR1,True,5.613462054610957,False,0.6411176424153572,1.264151476421673,0.62816256,0,False
UBXN11,True,4.842671173484244,False,0.4711335976786216,1.2589274761587332,0.6141793,0,False
SLC35E1,True,4.279444516152377,False,0.6793356142790605,0.05713249357657604,-1.6324315,0,False
FEZ1,True,4.525749111593073,False,0.628204630985485,0.3613581858084742,-1.1282959,0,False
APOD,True,10.009587022768692,True,0.851440981699527,1.781996266466994,1.6431947,2,True
LOC729013,True,4.604537892928503,False,0.3279692427706149,1.3756312313574208,0.7967054,0,False
SRP54,True,5.967884459757306,False,0.73170344046444,1.2127510533940649,0.56221783,0,False
RNASEH2B,True,5.511310886362602,False,0.5850169952026931,1.3418834911652648,0.79689986,0,False
HLA-DQA2,True,6.194470233879149,False,0.7385082217762868,1.4956053287863584,1.1109514,0,False
VAMP5,True,6.924413077562778,False,0.8284148686815979,1.494027898686746,1.1244711,0,False
TUBA1C,True,6.657177109512997,False,0.7596773409362111,1.3604406730414886,0.8417928,0,False
ASMTL,True,5.2897868839309,False,0.4769450929488412,1.355206295996597,0.7879757,0,False
AKR1B1,True,6.980990560124123,False,0.9062546728370814,1.379845587205717,0.91413707,0,False
CYBB,True,4.85679181278862,False,0.3766036664969584,1.4480937628858002,1.0013752,0,False
UXS1,True,5.406518539296973,False,0.5468559988865224,1.3019562728816547,0.7095043,0,False
GEMIN2,True,4.267395048706091,False,0.2778257930400695,1.3985450935248247,0.86076796,0,False
NDUFA1,True,8.277150136224964,False,1.363876258522953,1.1597973194255329,0.51743275,0,False
HSPE1,True,7.533679713947416,False,1.228873843320288,1.0334210587528199,0.14328189,0,False
DPP9,True,5.044586441539166,False,0.7959751695139627,0.37370968564973517,-1.0397742,0,False
COPS3,True,5.981601195796552,False,0.658841620383761,1.3432109540688297,0.7913704,0,False
PMPCB,True,5.737655453073989,False,0.7549291400525573,1.1467725033147516,0.4460231,0,False
ZDHHC13,True,4.232677204603377,False,0.29630131040002694,1.316824477606601,0.71422225,0,False
TCEA1,True,6.508740129790306,False,1.0071658987938237,0.9825434407901725,0.16889127,0,False
TNFRSF14,True,7.572227069341957,False,1.1734705353637955,1.1182470858434248,0.35663524,0,False
TRIM28,True,4.383423540229706,False,0.44794473238875127,1.1420611564177348,0.3846047,0,False
FAM76A,True,4.4103411046140915,False,0.4578258174623066,1.0105983718218625,0.13795674,0,False
FGF5,True,4.075069280773154,False,0.7004198496912356,-0.17995099138667786,-2.0921755,0,False
FKBP15,True,4.345126987048403,False,0.4086410595091126,1.115056349488599,0.3461349,0,False
BZW2,True,6.212504518414813,False,0.6936538422323353,1.2889653733898268,0.70343953,0,False
NSMCE1,True,6.511196004235848,False,0.7899686244003825,1.3345176560550622,0.79506195,0,False
IFNLR1,True,4.796582726312124,False,0.8874331025369833,-0.15407721313626796,-2.040925,0,False
CELF2,True,6.095340682290758,False,1.0443143718209882,0.6756413785268599,-0.41719872,0,False
CD70,True,4.081646690776792,False,0.183207790380142,1.673627722795086,1.385529,0,False
PDXDC1,True,5.746034106077235,False,0.7528481232558779,1.0290639380597408,0.2256048,0,False
SSR1,True,5.9261624873010215,False,1.1004830484965642,0.14933313651257907,-1.4138368,0,False
NFS1,True,4.688622766668765,False,0.4031460070412451,1.2527842112164325,0.60829026,0,False
SNRNP35,True,5.499235170749301,False,0.523063804846446,1.4543206731517848,0.98863006,0,False
C12orf45,True,5.313408254390831,False,0.4478322250602891,1.455215011983855,0.9890385,0,False
C1orf54,True,4.406654444552231,False,0.23258472756919163,1.5376807759410476,1.1498897,0,False
TMEM87A,True,5.72923447940659,False,0.7210341438278858,1.054515656522132,0.2558259,0,False
LINC00339,True,5.211755054188176,False,0.47155691804920574,1.372818071959962,0.80675757,0,False
DDX59,True,4.607996132602065,False,0.37973139585776805,1.320761014257052,0.7098621,0,False
C5orf55,True,4.5256462486323095,False,0.7087480458615254,0.11926298758512595,-1.4720244,0,False
SP3,True,4.4296640418213675,False,0.4468256262319536,1.026408794244103,0.17584516,0,False
DDX1,True,6.064877212679492,False,0.7449123576123131,1.1747524431690828,0.47816956,0,False
GOSR2,True,5.516699154118923,False,0.6263338836116148,1.2073538401711774,0.5203453,0,False
RNPS1,True,7.058436984215392,False,1.102153838778127,1.1035798385435815,0.32356593,0,False
TBC1D7,True,6.145502573501718,False,0.6629383982873529,1.334180976031384,0.7387348,0,False
PET117,True,4.918587145884685,False,0.42203657485251533,1.3438258992351069,0.7507651,0,False
CCL5,False,10.940667518947558,False,1.8454793638538765,0.8320421819332392,0.8378429,0,False
LENG1,True,4.88556145815688,False,0.39312092786873987,1.4667037225415336,1.009382,0,False
PLGRKT,True,5.3678278354770015,False,0.525200318285567,1.4107534197535863,0.90666664,0,False
C7orf73,True,5.59502497937604,False,0.8234204910640266,0.853686883560983,-0.12974133,0,False
BAG5,True,4.076406278992024,False,0.3777535061975393,0.9422266010986461,-0.014005603,0,False
BUD13,True,4.1509978263812775,False,0.279685782849334,1.3437796358947045,0.74759483,0,False
MED24,True,4.979046008444378,False,0.5159127625493563,1.160538470463473,0.43930802,0,False
PPA2,True,5.930477468747255,False,0.9179152450916934,0.7307504220917714,-0.3603249,0,False
MAP3K7,True,4.406397960594053,False,0.4277611682352219,1.1218021709377686,0.3394402,0,False
SRPR,True,6.550725859962288,False,0.925586830242193,1.1454497456140846,0.46709207,0,False
IMMP2L,True,4.229952214755101,False,0.3202061613103374,1.2897054986994108,0.5927451,0,False
BAG4,True,4.427051553830305,False,0.44007713964045947,1.0882358653029467,0.27011636,0,False
ZNF32,True,5.340871353491522,False,0.4161386639194897,1.5285907267047565,1.1313437,0,False
BRD2,True,6.184983808251153,False,0.9508037701968538,0.7798605541280681,-0.22150232,0,False
IL32,True,9.626281303634858,True,1.5015885391716415,1.4989592258110762,1.5100788,1,False
FAM53B,True,4.323516393531701,False,0.4969998811039902,1.001690980575487,0.12939946,0,False
PRKCQ,True,4.924667958724237,False,0.4376547672087835,1.3847266251889836,0.879178,0,False
USP36,True,4.354862894613655,False,0.4917542529360758,0.925366936716207,-0.005802628,0,False
LYZ,True,9.27567239560415,False,1.4112719732915981,0.4820490405273413,-1.0996948,0,False
TPM2,True,5.373671264042818,False,0.34771754115449127,1.6279815549236982,1.2754167,0,False
OLFML3,True,4.237200385227189,False,0.163570184962083,1.432225109833734,0.89008963,0,False
PPP1R11,True,5.889681263945294,False,0.7867561346262131,1.1452477949452977,0.43745646,0,False
DNAJC17,True,4.993583479110499,False,0.4052662039424607,1.483871601695772,1.0268198,0,False
BNIP3L,True,5.765448779457362,False,0.7563463310887697,1.1299591964328592,0.41866288,0,False
PRKCH,True,7.104134043489715,False,0.9490980667192628,1.363218274673737,0.86743665,0,False
STXBP1,True,5.879137344337242,False,0.5822060164370255,1.2238187438316852,0.52169585,0,False
METTL13,True,4.693987823904898,False,0.41028974500482623,1.2415389881728656,0.5767411,0,False
LSM2,True,6.5857992913541015,False,0.8778253352139967,1.277464404162244,0.7154324,0,False
HINFP,True,4.10264141802713,False,0.2578261107137827,1.3543031164277188,0.7750958,0,False
LAP3,True,7.042494527119881,False,0.9361910443942767,1.258709291280836,0.6769337,0,False
IDH1,True,5.3139549663391845,False,0.5171512006649006,1.2228571284410656,0.5089366,0,False
XRCC5,True,7.288085734846269,False,1.2413236376464662,0.9058242561585991,-0.25724074,0,False
TBRG4,True,5.901131964304805,False,0.6468015299165453,1.2721220412390357,0.64914596,0,False
RAB1A,True,6.641731625639996,False,1.0088618425909328,1.009506512149973,0.21752112,0,False
POU5F1,True,5.9451801670827455,False,1.161644536376179,-0.06489317382227147,-2.4944344,0,False
MDP1,True,4.8567085166722705,False,0.36764109889166563,1.4096138262064701,0.87235993,0,False
FAM104B,True,4.054261685591827,False,0.330587683482627,1.27924818918728,0.6219457,0,False
SF3B14,True,7.424783896441497,False,1.093860034643173,1.2522228223970469,0.64589816,0,False
RUFY3,True,5.009148784878236,False,0.5773008396600965,0.8988807732132109,-0.0014535852,0,False
RAB9A,True,5.718600498105309,False,0.6072873321183386,1.3598590140397258,0.8131629,0,False
VRK3,True,5.38972759976249,False,0.5260752435928486,1.354088215741243,0.81282765,0,False
FBXO38,True,4.361391824106855,False,0.3768836370105763,1.1796836908058723,0.4506515,0,False
LOC100506688,True,4.615692819355675,False,0.8688845744265208,-0.24308212427719766,-2.2177415,0,False
MFAP1,True,5.238481650160221,False,0.48350025405267294,1.301425431159004,0.68692803,0,False
WIPF1,True,5.718745922171371,False,0.898312127721034,0.7894504175365622,-0.17189193,0,False
TIMM17B,True,5.897566272516158,False,0.7325014423000409,1.26503914789807,0.68157876,0,False
SBF2-AS1,True,4.413007281545947,False,0.7347438303990157,-0.012648234107956267,-1.7017894,0,False
APEX2,True,4.807759175716153,False,0.39029510276136864,1.3195125410116282,0.7180968,0,False
UBE3A,True,4.623381086031759,False,0.49408252664896835,1.0175547151888849,0.18520379,0,False
TOP2B,True,4.371740631540972,False,0.4748446603467604,1.0025113326685702,0.16259035,0,False
TMEM192,True,4.202248330342133,False,0.6232026815338374,0.10398726012708089,-1.5468875,0,False
RNF114,True,6.439187573882686,False,0.9116684450787108,1.1674463981106817,0.49797335,0,False
CCDC159,True,4.534658881905739,False,0.29144437007713087,1.4445054293660275,0.9487528,0,False
C2orf47,True,4.006279281467248,False,0.29680368149543246,1.2192640721765085,0.49635702,0,False
TSPAN4,True,6.248037496055921,False,0.696862569279356,1.233903755943829,0.5929776,0,False
UBTF,True,4.267117158722723,False,0.47410858440471737,0.9235230888592809,0.0061862096,0,False
WDYHV1,True,4.307088050243598,False,0.2772587961470411,1.3417571228696532,0.7575492,0,False
HSDL2,True,4.040153236601689,False,0.3072592299818471,1.168025659058575,0.41917956,0,False
CLTB,True,4.610683460814993,False,0.3249399001544256,1.3613106912734154,0.77775085,0,False
AKR1A1,True,6.836676375871408,False,0.8771925051482385,1.3422069156443244,0.83743024,0,False
NXT2,True,4.088997261792323,False,0.2648578080614665,1.273190451270763,0.5906551,0,False
MLLT11,True,4.218827752647314,False,0.29007688494605055,1.2769429072497913,0.6051582,0,False
SEC61B,True,7.828214970108679,False,1.2241597873162147,1.2183637521587545,0.5602728,0,False
RSL1D1,True,6.1262358997799655,False,1.121040284570379,0.5405640626989865,-0.8572588,0,False
P2RX7,True,4.892926170839748,False,0.4919589847922977,0.8710961760294986,-0.081988655,0,False
PSME2,True,9.030829312290583,False,1.5349019169526166,1.1168784168632322,0.5605075,0,False
RBM25,True,5.657157154973648,False,0.8514542568935644,0.8991297145460192,0.0021635077,0,False
IFITM1,False,10.539624574815486,True,1.779251199543301,1.2859024148416058,1.6620911,1,False
POLR2E,True,6.323673382482818,False,1.0784479151052762,0.7383479346355729,-0.46758178,0,False
ZBTB25,True,4.601297687858538,False,0.3173272108153026,1.4365529334205136,0.938912,0,False
LOC728554,True,4.44923271729876,False,0.42996635949940504,1.2653850034150853,0.6212496,0,False
GSTM2,True,4.785553391081107,False,0.4916707879346966,1.1018622802726563,0.27481392,0,False
ERGIC2,True,6.091928637152884,False,0.7238535037705858,1.274614541404703,0.683505,0,False
ATP6V0E2,True,5.978049964857816,False,0.7235557356069547,1.2883931394279329,0.6986616,0,False
MTCH2,True,5.826799111332928,False,0.7427194083854889,1.1200242439479626,0.37957224,0,False
BANCR,True,5.374232019083262,False,0.38916642250787215,1.4011464377617275,0.850221,0,False
CENPT,True,4.791538806775971,False,0.4961493502258215,1.1119220058645096,0.38378328,0,False
RNF123,True,4.163540302032994,False,0.37412454548594165,1.0059977705898395,0.08078022,0,False
PLAUR,True,5.723777995470974,False,0.3840500542894482,1.45213290089627,0.9809256,0,False
SRRM2,True,6.276703297332814,False,1.1441321077231876,0.483159163514005,-1.1813139,0,False
FCRL1,True,4.454591891653601,False,0.303978733920834,1.5060903785736495,1.0942137,0,False
PCSK7,True,5.715317237400285,False,0.6659346138739581,1.3310709750870766,0.7925836,0,False
CAAP1,True,4.027945969905045,False,0.33010002280380946,1.206948497093367,0.49352938,0,False
HGS,True,6.519241704299789,False,0.9390023932401157,1.0548650228246699,0.3092385,0,False
NOL10,True,4.295548905149444,False,0.393642957043853,1.122938559445388,0.31491047,0,False
TCOF1,True,4.558895698712583,False,0.47802418313605477,1.0486296309375662,0.21535875,0,False
SLC16A1,True,4.358979961743739,False,0.3700901537752107,0.9837517996456242,0.063142255,0,False
SF3B3,True,5.1363890365560785,False,0.8098821323728708,0.43913744159005,-0.86334324,0,False
NUDT21,True,5.319377029300526,False,0.6759937616164334,1.0263788233479596,0.21607246,0,False
LOC100505876,True,4.9380657938842045,False,0.8684976268491469,0.16808360301772365,-1.4447578,0,False
NKIRAS2,True,5.30955951028943,False,0.6337771536756192,1.042388603278369,0.18824193,0,False
PPP1R7,True,6.228893811755734,False,0.7668906655717149,1.3099796558478443,0.7557484,0,False
HTRA4,True,4.727613550167561,False,0.83811431605019,-0.011990792940932892,-1.6915818,0,False
COX10-AS1,True,4.15013858373578,False,0.5901238551274961,0.3512984504947373,-1.096447,0,False
C10orf32,True,5.471420145613255,False,0.954365074240025,0.28988429069399363,-1.1750976,0,False
TRADD,True,5.780998095444251,False,0.6077822913630216,1.431817453934846,0.95854825,0,False
C1orf43,True,7.58225699339755,False,1.174885009716881,1.160235213062077,0.4312605,0,False
AS3MT,True,4.144978141681865,False,0.7108662238685306,-0.06865732015096652,-1.8479891,0,False
AGO3,True,4.143943811817549,False,0.3645752993256756,1.1121328584883918,0.33075052,0,False
B3GNT2,True,5.096294077661511,False,0.41902587874890773,1.315276641414746,0.72672373,0,False
FNBP1,True,5.023491628582258,False,0.7290376265356056,0.8234654133805057,-0.15491578,0,False
ZNF471,True,5.010131912841324,False,0.9366917740501178,-0.04736408948820066,-1.8146417,0,False
ZNF652,True,4.88989755641601,False,0.7699496628384559,0.705299893178538,-0.4081592,0,False
OAT,True,6.041391001881761,False,0.6794121414392182,1.2885042535329503,0.6935596,0,False
PRCP,True,6.142525626108908,False,0.6299780442890763,1.3251286472664638,0.74831253,0,False
NDUFB1,True,6.296737544645326,False,0.8560302058299218,1.2346855790785185,0.60351384,0,False
CCDC59,True,4.668254880779161,False,0.5116727356627959,1.1383147609419404,0.3584769,0,False
CHMP4A,True,6.574857443461951,False,0.8816775975570581,1.3302876974584548,0.7958639,0,False
TOMM20,True,6.749811208020106,False,1.1041953450762838,0.886013563278188,-0.13552928,0,False
FBXL12,True,5.101104892686769,False,0.44143701571559424,1.3803659324955744,0.86284,0,False
TBC1D14,True,4.645330699610184,False,0.45674622034603085,1.1226978251320607,0.3469198,0,False
MRPS35,True,5.959112267422364,False,0.6891347740644413,1.295401310748931,0.7016371,0,False
BTLA,True,5.1272532399620765,False,0.4328409120047191,1.486884053808901,1.0832025,0,False
SEC23B,True,5.531922869501519,False,0.6277963029485483,1.2519799309092217,0.61140704,0,False
RDH13,True,4.193016543540565,False,0.2726241747797087,1.3770282881354217,0.80901814,0,False
TIA1,True,5.090835519260327,False,0.6274177008565921,0.9955489483587161,0.15988317,0,False
SPTLC1,True,6.278352026854839,False,1.1090366763762627,0.26317801037940325,-1.1970032,0,False
LEPREL4,True,5.505412819119668,False,1.058526397537693,-0.30954566842869147,-2.2841966,0,False
C9orf85,True,4.943557140091569,False,0.7788484925504515,0.3269558541025397,-1.0556732,0,False
KLHDC4,True,4.647952562084304,False,0.3601209649496076,1.3516453054334596,0.7863739,0,False
GABARAP,False,8.889296652620157,False,1.6091432736876843,0.892137446076393,0.07574461,0,False
RPL36A,False,9.128473348085485,False,1.8060582462950663,0.4872957181237263,-0.49667004,0,False
NRP1,True,4.266006211219467,False,0.2543701169800642,1.3431779887126758,0.76891845,0,False
PLEK,True,6.5032980049208495,False,0.6338004602768652,1.5724494488715886,1.2471013,0,False
UBE2E3,True,5.445948744924254,False,0.5232631786380364,1.3310608743322008,0.76383126,0,False
RC3H1,True,4.8186576806492605,False,0.7330107753763142,0.7374033036238035,-0.33364302,0,False
RAB8B,True,5.192105244800564,False,0.5889593738678889,1.148927474083032,0.47232,0,False
MED29,True,5.587903121719066,False,0.8626260879705023,0.6503194649910491,-0.5110463,0,False
CCDC50,True,4.433134904232947,False,0.5683535538308058,0.7517413912405746,-0.37776306,0,False
C20orf111,True,5.735068777504186,False,0.655658580913639,1.3090484962291484,0.75825626,0,False
PRDX6,True,7.73150847233801,False,1.2460818872290587,1.1013655223374959,0.28367049,0,False
BCAN,True,5.733594932019845,False,0.3089463262975995,1.388284233354116,0.84216505,0,False
SMPD4,True,4.6416654056635736,False,0.4791486148150831,1.0575033338075512,0.21982983,0,False
AIDA,True,4.342868845649928,False,0.3806907183765571,1.2515822679423088,0.56088525,0,False
FARSB,True,5.479882377809499,False,0.593282485785356,1.250295316837899,0.59144235,0,False
SLC22A18,True,4.8524110010493,False,0.367976893775654,1.3309503536707088,0.73112774,0,False
RNF141,True,4.489113470110311,False,0.633673001701644,0.46136026955694853,-0.8585981,0,False
VPS26A,True,5.722488233181864,False,0.6981104166960937,1.1606410021096139,0.47382128,0,False
PLK3,True,4.960531637050528,False,0.38106039721487894,1.3627459626650908,0.7953304,0,False
UBE2F,True,5.849762521964745,False,0.7030267210444119,1.2229924286778415,0.5570522,0,False
ATP5I,True,7.642035880735907,False,1.1847070191837181,1.2065972233872069,0.56463224,0,False
MRPS34,True,7.104197659674513,False,1.0150320137436333,1.244962317543965,0.6438762,0,False
DAP3,True,6.635477951852121,False,1.0377330442166244,0.9319901025868624,0.06859446,0,False
LOC283663,True,4.683317164210376,False,0.5923091348328506,0.8621066289725048,-0.10019288,0,False
PHF3,True,4.926674953990707,False,0.6240986968136489,1.0160391762063528,0.18808901,0,False
AMN1,True,4.054466292150174,False,0.2777882389029284,1.3398480449654362,0.7191189,0,False
CAPZA2,True,7.109563693497151,False,1.0758898742282503,1.169815846240584,0.4698512,0,False
CYFIP1,True,4.514733032554169,False,0.4326682090879561,1.037799481661235,0.14782535,0,False
RAB37,True,5.409958571518367,False,0.47164222781657905,1.500995890435874,1.1097955,0,False
YWHAE,True,7.437924086484798,False,1.2853338710778401,0.7571159646841994,-0.6507436,0,False
MGST3,True,6.447187128338669,False,0.9738571496207322,0.9136146752961722,0.031257834,0,False
TEFM,True,4.494733779069271,False,0.30676221401491865,1.4105719200434765,0.90167284,0,False
NDUFS8,True,7.717467316491039,False,1.1317811115166494,1.2683331483178564,0.69897115,0,False
RBM4,True,7.365649901248631,False,1.1438373395157408,1.069779038478601,0.25465667,0,False
CSF1,True,4.6032495902416315,False,0.3408544238931849,1.4126042700106285,0.89757466,0,False
FNIP1,True,4.024536719306063,False,0.5117397318185699,0.5319001062712744,-0.7501537,0,False
NABP2,True,5.51262911961259,False,0.7112168432460894,0.8840727193060278,-0.06975415,0,False
MBOAT1,True,7.103968254616757,False,1.4381518189666385,-0.12206890625202041,-2.6808558,0,False
MRPS11,True,5.295884958183104,False,0.5617933884740818,1.2493068318432599,0.5671928,0,False
POLM,True,4.530455172732672,False,0.4248238493446121,1.2445261556971885,0.57777584,0,False
ZNHIT1,True,6.5785201803875335,False,0.9785040309029214,1.1489003345422715,0.48997355,0,False
POLR2I,True,5.72406801510749,False,0.6845137958884757,1.2302935992385429,0.5583376,0,False
TSEN15,True,5.610793173917507,False,0.6060017699740219,1.237499562086463,0.57580274,0,False
CCDC122,True,4.085702469915797,False,0.606680137195073,0.24095399285271235,-1.2494948,0,False
LOC100129250,True,4.100676310300821,False,0.29861076832751177,1.4127174896109134,0.90357846,0,False
NPAT,True,4.3097152408981785,False,0.43259553661583444,1.13163527428891,0.35160297,0,False
RCOR3,True,4.715104883597618,False,0.4702143073219759,1.1077445335852134,0.32155952,0,False
NRP2,True,4.231357793414145,False,0.35585463599576067,0.9475202157289659,-0.05969763,0,False
GTF3A,True,7.80637388690186,False,1.2356354963760627,1.2370624350211346,0.563085,0,False
PRAF2,True,5.404116618496639,False,0.5424993097663287,1.361791419525911,0.8118112,0,False
ARID5B,True,5.992991215186877,False,0.9118113284723275,0.963447156384885,0.121972494,0,False
LOC100506746,True,4.382989967217007,False,0.7658839294248393,-0.159406549820479,-1.9459778,0,False
KRAS,True,4.182078621696663,False,0.42944986232594806,0.9364587543290251,-0.038729843,0,False
NECAP2,True,6.558835554039616,False,0.8900456244699986,1.285233638932363,0.7332422,0,False
ISOC2,True,5.063560524928343,False,0.4052588923830753,1.3082777800504846,0.69069284,0,False
SIGLEC14,True,4.421064390169055,False,0.4161517847172408,1.175548141402254,0.48716688,0,False
IGLL3P,True,6.420942607404729,True,0.31061746462128226,1.768629547857354,1.5958282,1,False
HSPA4,True,5.861682252033968,False,0.7401909660698285,1.1143178696604048,0.37353384,0,False
DHX40,True,4.035132006373176,False,0.30425097634721465,1.0815497898325421,0.21914643,0,False
GET4,True,4.836083166924652,False,0.43236577443104396,1.200817051213534,0.49215686,0,False
IFT80,True,4.040969281185906,False,0.2923576982608612,1.1468669932046782,0.36912423,0,False
LSM10,True,6.524432173249901,False,0.7617457137081934,1.4191242997393712,0.96275437,0,False
C12orf10,True,6.260931479711191,False,0.7027158360819046,1.3807497036092071,0.8532659,0,False
MYL6,False,10.23239437490226,False,1.9321207056748486,0.5384676196246198,0.016904188,0,False
NAGA,True,5.292258056675954,False,0.5688316035483305,1.1482800430847422,0.40843472,0,False
GZMK,True,8.85835152678256,True,0.9810518157114558,1.8760345543415822,1.8649288,2,True
DYM,True,5.466770283259093,False,0.5759941034359901,1.2549954475511391,0.62312365,0,False
TMEM165,True,5.341575737354332,False,0.5172454734160072,1.1186173585309835,0.36772853,0,False
MNDA,True,4.417408824120187,False,0.2413540094710127,1.526542576178867,1.1253291,0,False
PBRM1,True,4.008595001335454,False,0.4426533816417682,0.8657843633649348,-0.20159735,0,False
RNF20,True,4.688154188324966,False,0.44306227607752136,1.2341040079651098,0.5670377,0,False
PIM1,True,6.196168592281622,False,0.7054356843377395,1.4528877615400355,1.0491867,0,False
USP9X,True,4.7146498764722935,False,0.675687856769098,0.6984652710595136,-0.43358678,0,False
EGFL7,True,4.351599020319817,False,0.18801657982401956,1.41265384319603,0.8649465,0,False
ATHL1,True,5.597350026502525,False,0.6123611761480083,1.3813776192289113,0.866804,0,False
ZC3HAV1,True,6.517783723089381,False,1.1201661483643943,0.7000642061581217,-0.48312923,0,False
SLBP,True,5.87337066078745,False,0.59376457030838,1.352087501589644,0.8055679,0,False
UBL4A,True,4.950089832711268,False,0.4222511353401138,1.2942825122033976,0.66325533,0,False
RNF5P1,True,5.999845883425585,False,0.7315220943687348,1.2902033597263403,0.6839448,0,False
BNIP3,True,5.640425225666511,False,0.5623542178532128,1.3516336616503979,0.7570648,0,False
HIST3H2A,True,4.9933500067511725,False,0.4532016481304119,1.3465596664931958,0.7555768,0,False
C11orf71,True,4.1856833931561725,False,0.2948714758309535,1.334987532664438,0.72328246,0,False
UGDH-AS1,False,10.631317421407267,False,2.0022136056330155,0.12800278980806626,-1.2831709,0,False
NME6,True,5.991489987152741,False,0.9854859973023814,0.3601055118161821,-1.0327597,0,False
MIIP,True,5.3509806924422465,False,0.5669798880768278,1.2697762827256935,0.640053,0,False
AP2M1,True,7.396168989405515,False,1.1884837132779262,1.0366994037781228,0.09906021,0,False
CTSS,True,7.077284617005832,False,1.1303465400987802,0.9594659326426971,0.030182758,0,False
RPL7,False,12.038651055607689,False,2.240311516310712,0.3219864948165183,-0.059622716,0,False
LUC7L,True,5.267538717169427,False,0.5925362660579858,1.1993904303769443,0.5162107,0,False
QPCTL,True,5.9118914600899,False,1.1587488976083509,-0.20691294929566856,-2.4366906,0,False
PRPF6,True,6.186433728145589,False,0.8314711530501533,1.1226022100575594,0.39085162,0,False
AKIP1,True,6.372897659018207,False,1.1812767198057417,0.10443803555411346,-2.0894208,0,False
UQCRFS1,True,7.460079519934321,False,1.111792961013121,1.2521696276574494,0.63290673,0,False
UNC13D,True,4.98438093209337,False,0.5396013139501717,1.231926173364219,0.58240354,0,False
PRUNE,True,4.597037194535531,False,0.385419880243167,1.3091961639070955,0.68231505,0,False
SDC4,True,4.81468806045752,False,0.4284683415748296,1.0538508231914814,0.19807257,0,False
FHL2,True,4.849409014494184,False,0.3650356631255217,1.2564817700722108,0.542207,0,False
PSMB2,True,5.912701662065928,False,1.0724532024179014,0.28463688624799516,-1.1573098,0,False
WARS,True,8.544632664792644,False,1.2266903041292403,1.2324596303682696,0.6077538,0,False
CLDND1,True,6.947591931234067,False,0.9721778278723578,1.234366846052545,0.63464856,0,False
HCG26,True,4.355025094986421,False,0.25323597372742296,1.6563652873570862,1.3757455,0,False
GPATCH4,True,5.176040658068788,False,0.5724281215061675,1.1797754502063316,0.41830844,0,False
AP1M1,True,6.494677757256984,False,0.8535556254149654,1.2625113644508459,0.66599905,0,False
CD7,True,5.100261824644324,False,0.5332192346667342,1.1737422235033503,0.49577662,0,False
EPRS,True,5.461890965061225,False,0.6677521531999957,1.0864530004976447,0.3233777,0,False
KYNU,True,4.28523663266882,False,0.2744770889004433,1.4521421367980376,0.97497255,0,False
GPN3,True,4.98794823811663,False,0.4331503353772278,1.3313295659804798,0.7388946,0,False
STK32A,True,4.216848943810406,False,0.2759399143860667,1.1741295194391388,0.37956366,0,False
CYBASC3,True,6.438404172348909,False,0.7263287452532611,1.4418745266781525,1.002925,0,False
TBXAS1,True,4.602313813463272,False,0.33029440247869524,1.4758415917508536,1.0269285,0,False
C14orf159,True,5.219282846446688,False,0.5699216761373327,1.265047834127745,0.62433493,0,False
KXD1,True,6.288527951762529,False,0.8691552453409451,1.1855785880978806,0.5202846,0,False
INTS10,True,5.586754590883111,False,0.5936563677999407,1.246531838466335,0.5869763,0,False
ZNF124,True,4.718504061741273,False,0.6591738046821978,0.34283423702786486,-1.0534565,0,False
NICN1,True,4.308317823241502,False,0.6098686843777545,0.2405472395490345,-1.2263292,0,False
PCYOX1,True,4.577615647698755,False,0.7049384075909082,-0.004056096457912828,-1.7126151,0,False
RAD51C,True,5.764214669277908,False,0.5548637676555048,1.4044294446093906,0.87055343,0,False
FAM168B,True,4.012240326507669,False,0.36470075940678554,1.0923824204087498,0.26663956,0,False
PRPS1,True,4.370793319514782,False,0.41897324769579136,1.1215936074867683,0.3391172,0,False
ZNF217,True,4.455472767596617,False,0.46670797647405093,1.1008317321002727,0.31420857,0,False
ZNF101,True,5.374157222378194,False,0.42945034888397976,1.5980506414735691,1.2712157,0,False
MPHOSPH8,True,5.691042317870414,False,1.008525794884829,0.5638378301108088,-0.6482927,0,False
GALM,True,6.4008583113171795,False,0.9336015411204658,0.9265199282464835,0.031963736,0,False
MTIF3,True,6.038037186774857,False,0.7062602016833736,1.3399273670120948,0.8013197,0,False
TULP4,True,4.959379937588511,False,0.6586491580827334,0.8680737553722668,-0.12976229,0,False
CYB5D2,True,5.0196571005950075,False,0.7118366374177119,0.4095917010960155,-0.94731945,0,False
PGM5P2,True,5.992278568732598,False,1.1520060037245015,0.09404976807197378,-1.8168306,0,False
PFKFB3,True,4.408032655289971,False,0.42666772840054934,1.008001015054695,0.13026583,0,False
SFRP4,True,5.274633728194466,True,0.05448305480352874,1.8253009320556517,1.5682101,1,False
ABCB5,True,4.533272447009532,False,0.5484743682549058,0.2251339980276174,-1.2701313,0,False
RND3,True,4.0225802051041475,False,0.24281705898981382,1.1210783362332153,0.273179,0,False
ERLEC1,True,6.073636867206042,False,0.756175069038759,1.174871964083573,0.4975097,0,False
RALGDS,True,5.834431383547782,False,0.6781351480231689,1.2713163542431503,0.6961464,0,False
ADRB2,True,4.830747058072551,False,0.28260640320537567,1.6729134188363557,1.4079034,0,False
CD3D,True,9.582424661602188,True,1.4325327535688417,1.6366209457238643,1.9019911,2,True
CTSD,True,9.443257621334238,False,1.498235699354343,1.0698531267240412,0.44260418,0,False
SEMA3B,True,4.406590162157416,False,0.20895187259132653,1.1417871541855544,0.4394469,0,False
MRPL17,True,4.656140998674337,False,0.5089876348144501,1.0781179883610659,0.23628578,0,False
ERCC3,True,5.339019275527232,False,0.5857159707181846,1.1764391599168815,0.47839716,0,False
TFRC,True,5.364099029872892,False,0.6295079899253411,1.0455194436637905,0.25853714,0,False
TMEM80,True,5.0129976266921075,False,0.3945291489728412,1.4359666575296886,0.9568821,0,False
OCIAD1,True,6.2682011481241755,False,0.9244745281907358,0.948472876712846,0.091935575,0,False
TCEAL4,True,5.527859060032552,False,0.6389270345570336,1.245994704421034,0.54610986,0,False
DDX46,True,4.631328961383343,False,0.6840773470872742,0.7288980658649504,-0.3652173,0,False
AK2,True,6.442668106709171,False,0.995737500508187,0.9686384109251691,0.1406172,0,False
NSUN3,True,4.164065367152074,False,0.2670769110226033,1.3737997053404711,0.8127911,0,False
DYNC1I2,True,4.608249465782777,False,0.5528757709988232,0.8809571294381779,-0.15561582,0,False
ZBP1,True,5.073930164260133,False,0.575117286531578,1.164695905988025,0.44979808,0,False
DHRS3,True,5.881595348286956,False,0.5179343073377837,1.536806249595948,1.1680961,0,False
ALDOA,False,10.360780057584966,False,1.9065298516183,0.5854817082778908,0.17765537,0,False
EXOSC5,True,5.710128601761426,False,0.5301626559514373,1.4200688172768716,0.91139567,0,False
THAP3,True,4.852936723234933,False,0.4075127085091981,1.3429520914756026,0.7743736,0,False
SKIV2L,True,4.623341819338787,False,0.448963912912031,1.155811371503508,0.44725952,0,False
ATF4,True,7.834705428298807,False,1.211325185879056,1.198887416896949,0.5453287,0,False
SPIN1,True,4.179140999180258,False,0.38568045189844075,1.0863157874613636,0.2655693,0,False
C3orf37,True,5.430814957209511,False,0.48886864967055166,1.3606360290762853,0.81362736,0,False
INO80C,True,4.389756191998374,False,0.31017540914706354,1.3751959333180064,0.8160575,0,False
RFXANK,True,5.107064683595604,False,0.4798749513433248,1.3153374217034022,0.71348614,0,False
FAF2,True,4.503210617224018,False,0.44070598833454955,1.0649682249026018,0.21094705,0,False
ADA,True,5.280487824926237,False,0.37273248035693973,1.5670724695854363,1.2282116,0,False
LHFPL3-AS1,True,5.062635021752322,False,0.24877700721039303,1.4906864116512462,0.9816494,0,False
PDCD10,True,6.293398209664758,False,0.7240413008950262,1.394143661881873,0.91183865,0,False
DCTN6,True,5.74247513850915,False,0.5764156193910199,1.3383480587458698,0.7861531,0,False
GRAMD1A,True,4.273694038036401,False,0.3699689535598497,1.2143737059345576,0.5047335,0,False
SSNA1,True,6.194173163081084,False,0.7418117491130389,1.3615597777540753,0.8459435,0,False
ATF7IP,True,6.597185095110871,False,1.0202810768696047,1.0068942569965955,0.20287402,0,False
LIMK2,True,4.2336273348768625,False,0.39573922729466715,1.1567233172670797,0.38802838,0,False
MRPL44,True,6.005533634927284,False,0.9136829865453402,0.6770823909360288,-0.46742684,0,False
ETF1,True,5.276722617359389,False,0.6650917956459916,0.9191160353542611,0.01202101,0,False
UBE4A,True,5.121236198257644,False,0.6840122607221528,0.9427165118046137,0.056189183,0,False
MX2,True,5.3595073785842375,False,0.5312829441895236,1.3874173287701281,0.8437317,0,False
HSP90AA1,False,9.286184222887698,False,1.7457253843890772,0.4378506756714168,-0.89737123,0,False
SEL1L,True,4.514568240852374,False,0.49314574064538597,0.9499849364907775,0.019597568,0,False
NDUFC2,True,6.295596041128144,False,1.1073804692484774,0.5271663596190707,-0.88656837,0,False
TRAPPC13,True,4.384630911323747,False,0.3743059955613677,1.2353030653775523,0.551326,0,False
EIF4B,True,7.985135203576525,False,1.4725448293604377,0.7345994036743841,-0.44313508,0,False
BTF3L4,True,5.101318288007849,False,0.6979869838085053,0.9180529837436879,0.010668335,0,False
GOLGA7,True,6.300716297849775,False,0.8107349980242007,1.2715781674665427,0.6747154,0,False
MAGEC2,True,4.708821045349405,False,0.1845579966392878,1.610943162246287,1.189438,1,False
BLOC1S1,True,7.129006742862801,False,1.051063810011224,1.221055024950335,0.62072784,0,False
MCTS1,True,4.28439357844548,False,0.7865134450389057,-0.30780916549904036,-2.2706306,0,False
SLC37A4,True,4.116784017088653,False,0.2761768141340468,1.242958940012747,0.5432686,0,False
ZC3H13,True,4.952091570202767,False,0.6860110328126074,0.861405447819535,-0.13513047,0,False
THOC3,True,5.178317547102843,False,0.5452294563541314,1.2961739322018577,0.68550324,0,False
AP5Z1,True,4.503169621981937,False,0.6433228596322282,0.4811387032061113,-0.8478992,0,False
ACYP1,True,4.843939448058987,False,0.4058531417918673,1.3383403212355462,0.7650616,0,False
ARPC2,False,9.73343131771747,False,1.8388539678411935,0.58651271924018,-0.29685757,0,False
PHACTR4,True,5.13611110811057,False,0.9801151857765281,-0.19349003413623825,-2.1195982,0,False
ENG,True,5.462806688211193,False,0.42938809213802137,1.2731838823431292,0.6275017,0,False
GAPVD1,True,4.378177959996031,False,0.4849136312682276,0.9489719435592052,0.048402324,0,False
WBP1L,True,4.136582093373319,False,0.3603778627481248,1.1855553745120706,0.4462579,0,False
C9orf64,True,4.302405247743748,False,0.47096903477979424,0.6716254681492584,-0.5312822,0,False
ZNF140,True,4.151558997299915,False,0.284341759136047,1.4001425255641609,0.8899202,0,False
C9orf142,True,7.053654629202432,False,1.0248665218744637,1.2730994580215598,0.6866093,0,False
BRD9,True,4.5179973139826695,False,0.3599902890122664,1.2055422574164338,0.5003382,0,False
OGT,True,6.374573662420625,False,1.02076522747522,0.8682969097673148,-0.058648165,0,False
RPIA,True,4.293785977453541,False,0.28331533243981155,1.4136730928378531,0.88805646,0,False
SLC11A2,True,5.118352904906803,False,0.7307699052245832,0.39152201937000003,-0.95429546,0,False
TYROBP,True,8.163507044928117,True,0.5659333227674637,2.014299453346625,2.1259,2,True
HSPA13,True,4.113482083532779,False,0.3065013296409467,1.1043450174927862,0.28551686,0,False
TAF6,True,4.506034005058891,False,0.43292434897613297,1.11839158200239,0.34750754,0,False
EBAG9,True,4.739052678521655,False,0.4029525228153064,1.3068728226212332,0.71208936,0,False
UROD,True,6.348656384479208,False,0.7525707505502277,1.3066481435236237,0.7333007,0,False
TUBB2A,True,5.960289690008889,False,0.5418373801350892,1.3911753235637971,0.8378419,0,False
RPL36,False,10.259834233313537,False,1.9482645988043807,0.6144395542404371,0.881361,0,False
LOC645166,True,4.136763139154632,False,0.3136226380879562,1.1994495803341008,0.43494952,0,False
RBCK1,True,6.10102538783978,False,0.843080263322442,1.1412116631679905,0.43104884,0,False
IL2RA,True,4.575679252767558,False,0.3427933859091588,1.295414809013765,0.66063106,0,False
PNRC2,True,7.475256040837722,False,1.1461438529478185,1.17198901683314,0.4847551,0,False
CD24,True,5.3750900398785735,False,0.7058491003270759,0.7375675398887457,-0.3053201,0,False
TBCC,True,6.282575586437743,False,0.6962875077107024,1.4607760810007568,1.0251493,0,False
NSF,True,5.152798822216714,False,0.552564875655142,1.1320195016259595,0.39005032,0,False
HNRPDL,True,7.312810074559048,False,1.3714361755968447,0.5966871803439872,-0.81110275,0,False
ANKRD39,True,5.954473539506765,False,0.5991751653010283,1.4174370789054607,0.92318434,0,False
TVP23B,True,5.808127085742579,False,0.6041315225741759,1.3993749147975048,0.88841087,0,False
CSTF2,True,4.678497977485015,False,0.34187105997000145,1.3137961949746466,0.7022087,0,False
CABP4,True,4.687585335160675,False,0.8783678389893981,-0.4217799157787676,-2.3986995,0,False
SCPEP1,True,6.284066381106535,False,0.7207735719278361,1.281968156710954,0.68067694,0,False
UGDH,True,5.312249624943773,False,0.704143755073108,0.6388934066656149,-0.5580918,0,False
SEPP1,True,6.999408544485296,False,0.48967861272356383,1.6238705734671297,1.2960916,0,False
DENR,True,5.950719837602959,False,0.9942092297463447,0.3525159651155759,-1.0500466,0,False
RARRES2,True,4.813487129447946,True,0.18749059328430473,1.766267582524979,1.5684571,2,True
XPNPEP1,True,5.49985014698684,False,0.5984561959533509,1.196764505932379,0.5073948,0,False
PCGF5,True,5.532258907054628,False,0.6953616820006534,0.9130319109434719,-0.0009371867,0,False
CDK5RAP1,True,5.2694753848375155,False,0.5067709621928932,1.344664269974801,0.7699024,0,False
RASGRP1,True,4.475030440394839,False,0.4502330627134714,1.2046379085058994,0.5156641,0,False
CFI,True,4.2324478795375855,False,0.2340297155699183,1.2967844446904537,0.63168734,0,False
CYP20A1,True,5.282450381146703,False,1.0455626884176517,-0.3342447502498735,-2.331632,0,False
PEA15,True,4.6437588422238365,False,0.5781311851108719,0.9270670123397445,-0.018148547,0,False
KREMEN1,True,4.29563029298816,False,0.7714689923550622,-0.557763101990627,-2.699588,0,False
SNAP23,True,6.32813882695542,False,0.8992009294284897,1.0575494046721055,0.27068666,0,False
GSTK1,True,8.447594040817604,False,1.4704094144489501,1.0344414873727739,0.3537221,0,False
FBXW5,True,6.2801338780503935,False,0.7698338607710253,1.2896292617783356,0.70966226,0,False
ZNF451,True,4.6388754141005615,False,0.5965713296427759,0.7237840387123863,-0.3321348,0,False
SRPK2,True,4.953476191960467,False,0.6119889101187177,1.0391247644998618,0.1873981,0,False
SPG21,True,6.084407057348278,False,0.7149314995528261,1.2454196533996087,0.6202046,0,False
ZNF302,True,4.685930553428293,False,0.36750793851979435,1.3379649453254285,0.746931,0,False
DOK3,True,4.761605750777098,False,0.34691015005531145,1.5030473444374097,1.1033043,0,False
CALU,True,6.604945336561133,False,0.8409002879055074,0.9509836418339563,0.11418286,0,False
EMC4,True,7.657556422059214,False,1.1085282876061737,1.2962474839529405,0.75808597,0,False
RWDD1,True,6.36926776589058,False,0.8603832252272657,1.2508169276945702,0.64306426,0,False
FIP1L1,True,5.915036069428726,False,0.738249511837251,1.1908026454192049,0.52624744,0,False
RHOB,True,4.1303658580201565,False,0.35612622813247174,0.9638639460178431,0.026051553,0,False
TBC1D10C,True,7.509701053453475,False,1.0679606350003805,1.4202502407983035,0.9990307,0,False
INTS9,True,4.540917028181861,False,0.3803230726836264,1.287965326982289,0.65567625,0,False
CCNG1,True,6.773489979775884,False,0.8727695408118447,1.281657437695292,0.70258623,0,False
CCDC144B,True,5.044698501041909,False,0.8946561331948608,-0.059497734033575306,-1.838909,0,False
HADH,True,5.098815811370913,False,0.4900684368561005,1.2368247875934868,0.56544894,0,False
LPAR5,True,4.299944936703578,False,0.2580843107594278,1.530438540724877,1.143784,0,False
TMEM173,True,6.744188610641261,False,0.8696547331152107,1.3410667760683928,0.81743354,0,False
IFI30,True,9.083374456099799,True,0.876468819722847,1.7549110323747106,1.6706259,2,True
GLUL,True,7.0784335094303135,False,0.9160219243888611,1.265901723873049,0.6894615,0,False
TMEM71,True,4.133745408236596,False,0.2051921922578846,1.6343580889577165,1.3208015,0,False
BFAR,True,5.324911096430936,False,0.6496625529419607,1.0368490235575065,0.18854877,0,False
ZNF14,True,4.32061391112881,False,0.257711996981048,1.4584512465339583,0.969006,0,False
ANKRD36BP1,True,6.326265816207719,False,0.811529518330717,1.113464875167664,0.40749505,0,False
PPIL2,True,5.018861175339695,False,0.5502083199973071,1.050439661164247,0.22758564,0,False
KLHL22,True,4.109295410846164,False,0.28926722021115175,1.2335333422702897,0.531653,0,False
HSPBP1,True,4.8410684984154155,False,0.42434955973671123,1.2898430939185506,0.6553017,0,False
ICAM1,True,6.26062934849464,False,0.7248918265703159,1.0181332474855151,0.19152285,0,False
BCL2L1,True,4.699971872693355,False,0.5196683567169209,1.0616378555469375,0.22395319,0,False
CD19,True,6.204059447509164,True,0.47969260887546195,1.892310439102809,1.8505658,2,True
STK4,True,6.028541100012609,False,1.0351098988833842,0.5002131244961306,-0.7391986,0,False
CHIC2,True,5.947814010933515,False,0.6399658833404617,1.3405099767026494,0.816908,0,False
ADK,True,4.881575322412714,False,0.48635303103157423,1.291779177674926,0.6751207,0,False
TGOLN2,True,6.503761328035254,False,1.0999637865085103,0.7641259543657519,-0.24673253,0,False
CTBS,True,4.753641231678602,False,0.45912603668990676,1.2273974214752772,0.5619863,0,False
ETS1,True,5.433094750033103,False,0.655060709031113,1.0423436327353295,0.29545805,0,False
EDC4,True,4.505291255293654,False,0.4248042299374126,1.1592210374013234,0.41878164,0,False
U2AF1L4,True,5.208229911361771,False,0.5341397689939866,1.351778993865239,0.7977379,0,False
SORD,True,4.245889614808714,False,0.3672324335622731,1.1500585832403463,0.36765605,0,False
TRAF1,True,5.1113428094519575,False,0.5087557775150381,1.2934872760543068,0.69735944,0,False
TRIM32,True,4.0241952890185075,False,0.271084040516689,1.2678599368642636,0.58822685,0,False
ATP6V1G1,True,7.750497414819636,False,1.379956532896764,0.9523102161217619,0.10082068,0,False
STOML2,True,7.173358134557984,False,0.9837272435797519,1.2998173175099255,0.73263913,0,False
RAB5C,True,6.438838838445673,False,1.0434605275865243,0.8451184235372136,-0.24846,0,False
FLAD1,True,5.857258964977336,False,0.6814691966073649,1.2148145100912706,0.539704,0,False
ZEB2,True,4.884182545368167,False,0.6137813402011583,0.8648965099141561,-0.13150394,0,False
MRP63,True,5.563369482288675,False,1.0127308784760456,0.22662795872701041,-1.299072,0,False
MTMR2,True,4.378175642620245,False,0.40778499274917784,1.0981165729964109,0.27006426,0,False
USP48,True,5.690446879724243,False,0.6597232826958381,1.1636884832866148,0.45632875,0,False
C1orf35,True,4.4582575994287845,False,0.3928531816450992,1.2166976807233247,0.5100743,0,False
APOBEC3C,True,8.306508965763582,False,1.2554318557341508,1.3527910623379862,0.9413958,0,False
ZCCHC8,True,4.563144625251588,False,0.6857570395978686,0.30420816162954106,-1.166097,0,False
RAD17,True,4.384463834095537,False,0.36367876546288114,1.2030429261902522,0.48373553,0,False
NSRP1,True,4.871556420625521,False,0.5785528601948973,1.1112881239598154,0.3163152,0,False
ZNF708,True,4.057339922464823,False,0.4250001823892875,0.6089569694143422,-0.65662515,0,False
ARHGEF1,True,6.769456751911256,False,1.09099986120347,0.9421431457830074,0.06480054,0,False
ARID4A,True,4.719445041782802,False,0.5393966925292373,1.143030041066399,0.40706357,0,False
PCCA,True,4.042303997623579,False,0.2831326861851947,1.3384262441432182,0.722959,0,False
IL16,True,6.154983214553619,False,0.925957379296974,1.1553612470351164,0.48645324,0,False
LOC100131067,True,4.122578313230623,False,0.5736582469047831,0.1739828897705903,-1.3976628,0,False
ZSWIM7,True,4.756570500967468,False,0.6659350325470486,0.5643697454313088,-0.68919533,0,False
SMC5,True,4.502888910519006,False,0.6095750994781468,0.550011943564819,-0.6369939,0,False
SMN1,True,5.173247748215405,False,0.4850367861099762,1.306495483501382,0.7381535,0,False
BACH1,True,4.200540218188392,False,0.35932665932320973,1.0998645826681437,0.29376155,0,False
CREBRF,True,4.1645534043826276,False,0.41108386691725074,0.9735866441108965,0.063490175,0,False
MST4,True,4.456927936340421,False,0.3366473815164217,1.4452688421448814,0.9835975,0,False
PDK1,True,4.006922507487987,False,0.3183724761454748,1.2626747423175477,0.6065502,0,False
ZFYVE21,True,5.303050440696929,False,0.45399123030369226,1.4167095676970356,0.90353256,0,False
WDR41,True,4.489311590828495,False,0.379315651361148,1.1913470677047062,0.43528366,0,False
RPL13A,False,10.851054702293906,True,2.0354189064524286,0.6154122419621716,1.4497001,1,False
SARDH,True,4.1454210531232585,False,0.28788164960079754,1.459199911752136,0.9981335,0,False
RBBP5,True,5.182725965270691,False,0.855632785679185,0.2502664950256692,-1.2765663,0,False
NCAPH2,True,5.119516582716754,False,0.5260633395614733,1.1660939278898321,0.46195108,0,False
RNASET2,True,7.168189360499825,False,0.8944349396026071,1.4850284220993977,1.1015519,0,False
HSPA1B,True,8.644208497659955,False,0.9864928452397081,1.4525106096797005,1.0359423,0,False
DDX23,True,5.370945781338185,False,0.5779682937231836,1.2474101667906696,0.6102256,0,False
SLC39A11,True,5.0398399593386864,False,0.5647745633311076,1.081245128736612,0.2877791,0,False
LY6E,True,7.954460142349791,False,1.357006967992359,0.9201004519778402,-0.00018363298,0,False
AUP1,True,7.4198460762220435,False,1.1924710325351344,1.0611500405147958,0.21336363,0,False
CORO7,True,5.252601835743676,False,0.5612074655693999,1.2865307255220886,0.7004479,0,False
HNRNPA3,True,5.816580111663362,False,0.9964506144132123,0.6193796267483915,-0.53698564,0,False
P2RX4,True,5.129387769525012,False,0.46351160716704726,1.3426279033232633,0.74802506,0,False
CCND2,True,5.744157349434402,False,0.7311170053183491,1.2305666254521084,0.6171319,0,False
CUL4A,True,5.020140694733149,False,0.5223384143350404,1.1271873351629362,0.40071025,0,False
UBIAD1,True,4.698293270766588,False,0.5575646340143806,0.9279420565870871,-0.017795183,0,False
MIR5047,True,4.717196863927103,False,0.39813225840119537,1.3597973632437808,0.86008215,0,False
RNMTL1,True,4.507866482453927,False,0.31494946144073926,1.4305068347714873,0.9234445,0,False
SART3,True,4.647380450711257,False,0.45554854892250696,1.1709393150407648,0.43033978,0,False
TARP,True,7.117667557760183,True,0.6438429070635827,1.794543435563726,1.6678622,2,True
CCR5,True,5.8515689948165175,False,0.5487366655195169,1.530666669588805,1.1764905,0,False
APOA1BP,True,6.743790105968754,False,0.8892425553670473,1.2777853305852125,0.7089939,0,False
NDUFS5,True,8.131102806893018,False,1.30491066761339,1.1715835914730142,0.5324373,0,False
RNF149,True,6.198558239623475,False,0.8384294818310478,1.1226380863693162,0.43216193,0,False
FDXR,True,4.25335970503227,False,0.26190195549006806,1.371171461609093,0.8050327,0,False
CSF2RA,True,4.610960727116356,False,0.6414154040305956,0.30938093142606915,-1.1404554,0,False
PAX3,True,5.143050580675722,False,0.4232627749112007,1.17052201558118,0.38532838,0,False
HSD17B8,True,4.448501149255301,False,0.24050237851178993,1.4891414730356287,1.0318632,0,False
SC5DL,True,4.215478870846705,False,0.5165771977493936,0.6694540099930164,-0.47856197,0,False
NNT,True,4.693651423478147,False,0.4786000885375675,1.042718378389802,0.19971435,0,False
RAD21,True,5.274761740195292,False,0.6800100111915193,0.9316937079299993,0.011778432,0,False
SNRPB,True,8.27532863897482,False,1.3944200293302884,1.0523536106244369,0.32598722,0,False
MIF,False,10.417745072150714,False,1.8269481303918087,0.9217677346560578,0.73841566,0,False
IRF8,True,7.128162747270789,True,0.7500613906014304,1.633321927909042,1.3711659,1,False
ACD,True,4.511160320456328,False,0.4085435097851594,1.2137229792011692,0.53570366,0,False
SPATA13,True,5.35818524393513,False,0.7044920551781287,0.988206770925724,0.13972811,0,False
SF3B4,True,5.0547139444941624,False,0.6671807907581389,0.9162902272724281,0.020680543,0,False
MAP7D3,True,4.1448014157718465,False,0.6362881783648779,0.10904771583358751,-1.5754433,0,False
LRRC28,True,4.657217435541165,False,0.3643153776336697,1.266250293869972,0.5936129,0,False
MORN2,True,4.9064576886865074,False,0.36014009172699313,1.3117631033380484,0.6696837,0,False
WDR55,True,5.925393478826656,False,1.073157448799925,0.13654300137316203,-1.4374148,0,False
MFSD5,True,4.520444908605986,False,0.3107797593246141,1.300830372497296,0.6702853,0,False
NBPF9,True,4.512999229821837,False,0.5235880697848457,0.8922629910599813,-0.042830296,0,False
NUMA1,True,5.119689964834324,False,0.6819474756057288,0.9308889284298417,0.030303024,0,False
NAA25,True,4.217648110188898,False,0.40258610357233215,1.022552321163149,0.14976375,0,False
MKL1,True,4.088013380450094,False,0.49316516403624955,0.9048265061043143,-0.08911069,0,False
SAA2,True,5.120439680566375,False,0.42152523290357236,0.3061754053346241,-1.165766,0,False
ZZZ3,True,4.293554389028115,False,0.3530134395771928,1.1324449183767644,0.35741904,0,False
IGFBP4,True,4.385177574281004,False,0.2452973564611574,1.4480709554903322,0.93885416,0,False
HNRNPH2,True,6.122417757663971,False,0.7199861550734675,1.33555115877073,0.81531394,0,False
NDUFA10,True,5.210173109041516,False,0.7252144092129813,0.968379756701323,0.091254786,0,False
RNF13,True,5.843779296527325,False,0.7132281038270077,1.1698183990425832,0.47721624,0,False
CD69,True,9.074808763219002,True,1.2669811749137232,1.623650400898868,1.571756,2,True
CLNS1A,True,7.451234518326086,False,1.0759939287037792,1.227019126333707,0.59396267,0,False
FUNDC2,True,5.447113672724876,False,0.724370108551672,1.1111471746661374,0.35979885,0,False
UBR7,True,4.739511555441458,False,0.4288854019397169,1.2472339325378503,0.5902569,0,False
MALSU1,True,5.946660053608907,False,0.6251889371873046,1.3470184683010316,0.78364974,0,False
GEM,True,4.505197003125281,False,0.23184632482385936,1.3982807027225617,0.9210411,0,False
ALKBH3,True,4.915758731925883,False,0.3696568053732773,1.3740867922701892,0.80806935,0,False
RANBP2,True,4.032971254695799,False,0.5071013250177564,0.6767659984431827,-0.4710493,0,False
KDM3A,True,4.228890331527182,False,0.3662495376180032,1.0930632154667075,0.27787235,0,False
RETSAT,True,4.544629675060547,False,0.3795921552371284,1.1067816511196744,0.2761515,0,False
MZT2A,True,4.800239095837,False,0.3726328164415947,1.441018112232527,0.95794004,0,False
CAST,True,5.734102099339924,False,0.7688932180657619,1.0193950629083695,0.19717465,0,False
TGFBI,True,6.126258292202863,False,0.46001749160420335,1.5938597951651352,1.2575719,0,False
PGM3,True,4.130147543031615,False,0.32784005791619225,1.0858321728874745,0.23774853,0,False
DHRS4-AS1,True,4.012801544300018,False,0.444734284577061,0.5930514558028313,-0.7323218,0,False
CISH,True,5.481470049223351,True,0.37569512079048345,1.6835498647990317,1.469968,1,False
SPINT2,True,5.313129391402252,True,0.44498709293137717,1.6789882026996104,1.4647714,1,False
ZNF33A,True,4.431847554559659,False,0.475397076529143,1.0844787982116766,0.27275082,0,False
PCED1B-AS1,True,5.009166056014036,False,0.7836871614950508,0.7179488832650135,-0.34253028,0,False
ATP6V0E1,True,8.6956800889349,False,1.4724065039980485,1.1021295557665403,0.528674,0,False
SLC52A2,True,4.086807872400389,False,0.26766523587599267,1.225738108842651,0.52743125,0,False
SUCLA2,True,5.24764537221281,False,0.4845932911277015,1.2884765402193383,0.67009,0,False
SCNM1,True,5.133899132540404,False,0.5939127876727257,1.1868531707727397,0.49876994,0,False
FUNDC1,True,4.3132771621696575,False,0.2847471431783527,1.3691625190891397,0.7902744,0,False
AMD1,True,6.3566390888526305,False,0.8198854077108362,1.1637166382381916,0.47326463,0,False
TRIB2,True,5.535387404816223,False,0.6726810547091193,1.046682030629949,0.23921414,0,False
CTC1,True,4.525060661776419,False,0.5326714530424737,1.0752494261680958,0.29269657,0,False
STX4,True,4.125882864178918,False,0.34225003388304603,1.2490243259287137,0.5562051,0,False
VDAC2,True,7.640512785833954,False,1.1714864512214223,1.2306329103682205,0.5763518,0,False
VHL,True,5.152255693556632,False,0.9348645020803213,-0.14959124513246297,-1.9924766,0,False
TMA7,False,8.849996996717982,False,1.671034561626446,0.7508199994044831,-0.08464645,0,False
UBXN2A,True,4.54912653420682,False,0.4737932455741497,0.8975831673365917,-0.12227356,0,False
BCKDHB,True,4.766591325862036,False,0.6776231240780264,0.28968476625213174,-1.1811717,0,False
HDAC6,True,4.185812484744452,False,0.35840544056659696,1.1146684882701305,0.30687186,0,False
ZNF622,True,5.903523761633788,False,0.624944335585221,1.3604191735102344,0.8167682,0,False
DNAJC10,True,4.66077338823403,False,0.5182555119354468,0.971345951266279,0.09031046,0,False
SHISA5,True,7.809899802395722,False,1.308716985696297,1.038673327825351,0.102180235,0,False
RPS17,False,10.069765082977415,False,1.9714163390142296,0.38208180724393603,-0.16092132,0,False
CD44,True,8.2445381317955,False,1.499920932879856,0.7406406583399509,-0.40131164,0,False
KRTCAP2,True,8.06947182174604,False,1.3226952721218208,1.126034753586647,0.47946283,0,False
ITGA5,True,4.1668983380175195,False,0.2774173605446122,1.3375017986556963,0.7673012,0,False
MEFV,True,4.91257553237754,False,0.9629447397767462,-0.34901713527675987,-2.3721454,0,False
TUT1,True,4.591689576447394,False,0.38830267180194167,1.2683424367502862,0.63123584,0,False
ABCB7,True,4.629367328980089,False,0.37551580345131685,1.3237808365524586,0.73807395,0,False
PFKP,True,6.389235144880006,False,0.7910291645271225,1.2866116345976015,0.69759005,0,False
LRRC41,True,5.781954010299958,False,0.6565397695994258,1.2063856365435701,0.5133981,0,False
C1orf85,True,6.683187839749756,False,0.8018477062623632,1.287185610636878,0.69852316,0,False
ATP5F1,True,7.573704999855765,False,1.2997660600011018,0.854768610204163,-0.2416368,0,False
GFOD2,True,5.022012149999898,False,0.8415214658190944,-0.012517006715759935,-1.7936448,0,False
SLC25A3,False,9.008905123701778,False,1.6087529957136923,0.9000548173939737,0.091530316,0,False
NHLRC3,True,4.461695876961135,False,0.4369992054992784,1.0817076221597395,0.2482148,0,False
TOP1MT,True,4.933644385675599,False,0.4281798889101722,1.3238684420097853,0.70295084,0,False
RPL19,False,12.129108449463123,False,2.280636917210618,0.1671801305867969,-0.3790016,0,False
MON1B,True,4.759534828298982,False,0.4096736128452346,1.2977860364400025,0.68797636,0,False
CCNB1,True,4.939427683577108,False,0.29290769360964386,1.4514766331335878,0.92710084,0,False
CCDC97,True,4.152906339815416,False,0.4149321119190731,1.098995721172753,0.29306468,0,False
CCDC28B,True,4.3392718025767225,False,0.2906769436048001,1.3734929291473645,0.8024762,0,False
FGR,True,5.290293566676444,True,0.32968950440863354,1.6131706072365297,1.3360368,1,False
THRAP3,True,6.612467194725266,False,1.192342292450307,0.5961221929036824,-0.9071447,0,False
ING3,True,5.250350365881832,False,0.48611604903028727,1.3474913595428681,0.81152517,0,False
LYAR,True,4.989236871489071,False,0.5068209855771363,1.337796239953385,0.7575743,0,False
COPS7A,True,6.178247148804928,False,0.7474373673046777,1.2287620668950483,0.5901047,0,False
RNF185,True,5.114829341977953,False,0.4990260786284542,1.2129708030260575,0.5113141,0,False
TNS3,True,4.145350477829887,False,0.43117260565813953,0.9026036815947485,-0.108642444,0,False
C4orf3,True,6.5202364705742335,False,1.1055257976732271,0.871187113152884,-0.14882529,0,False
RRP7A,True,5.371703823727161,False,0.9073725312891301,0.45192861625336056,-0.86200863,0,False
MRPL1,True,4.928474968781133,False,0.4547305433752676,1.3303614279321447,0.76032853,0,False
RPL7A,False,10.999832811820946,False,2.0957687277506873,0.37677897869158894,0.191643,0,False
ARL6IP1,True,7.866538239746961,False,1.2585859665950292,1.0603266153929483,0.15339057,0,False
CTAGE5,True,4.59891391536122,False,0.45989237533192084,1.2280896286129586,0.5512867,0,False
UBA1,True,6.866118990777787,False,1.068418358899753,0.9490977342187455,0.10444798,0,False
ECH1,True,7.905715337931421,False,1.2578924829439289,1.2227177785817671,0.6833288,0,False
ATXN10,True,6.272659775324451,False,0.8773526301029702,1.097737088526318,0.3452059,0,False
PRH1-PRR4,True,4.052490197128208,False,0.3965282092716783,1.1327863585001678,0.33672264,0,False
CCL22,True,4.292327845511162,False,0.7142352617896515,-0.3062252327572555,-2.23133,0,False
TMEM19,True,4.2024035427755795,False,0.5699982967896473,0.44817204209215833,-0.95077145,0,False
RUNX3,True,4.260027437523351,False,0.5038228926814038,0.9808124211110523,0.11219936,0,False
PRKCB,True,4.37006854161293,False,0.46850527773326034,1.168606249974188,0.45439184,0,False
NOL8,True,4.637352174124333,False,0.4816383522545182,1.1232769080206826,0.35240915,0,False
VKORC1,True,7.289382225932645,False,0.9919458741678526,1.2934974511261266,0.76966274,0,False
PPP1R15B,True,4.97254979000934,False,0.6484698669139913,0.7644792930388953,-0.27653414,0,False
PDCD5,True,6.9046616158216585,False,0.8998535845702129,1.3319971924970806,0.79192764,0,False
DGUOK,True,6.9400256982115165,False,1.0057547709534727,1.2330940825406635,0.65493196,0,False
RBM17,True,5.341494276040771,False,0.740199918935879,0.9970705683706472,0.15516865,0,False
C1QTNF3,True,4.413672373581964,False,0.2604807868961924,1.3098577596262895,0.64390194,0,False
SUPT4H1,True,6.326541025930881,False,0.8511078665405887,1.156739552989345,0.45384473,0,False
TRAF5,True,6.085783828795934,False,0.8283940958115155,1.0894515354208352,0.3802799,0,False
FAM73A,True,4.4068331705321455,False,0.7718279242767976,-0.27051457616509267,-2.1641142,0,False
ARHGEF26-AS1,True,6.660075145014997,False,1.3221801731746499,-0.025980188626308742,-2.5228324,0,False
DNAJC15,True,4.840408636865047,False,0.6038568286958548,0.9974519802585928,0.10683362,0,False
STAU2,True,4.2443704763255745,False,0.3627217056558323,1.1995061042109247,0.47458377,0,False
FAM98A,True,4.189335862384202,False,0.34592385282939825,1.1500604314410001,0.33249104,0,False
CHRAC1,True,4.944966139652651,False,0.609203282239122,0.8549240625396335,-0.15866144,0,False
C19orf43,True,5.6744177576036705,False,0.6416024493955294,1.2931451282237736,0.7315689,0,False
SSU72,True,6.515627726691745,False,0.8464329615300983,1.273835565176662,0.68361694,0,False
WHSC1L1,True,4.91468209157579,False,0.5844757303686984,1.0584060878839638,0.28253803,0,False
SMUG1,True,5.4106414974120325,False,0.5873761243913584,1.085218903108376,0.278253,0,False
UFM1,True,5.961678616083726,False,0.8001414449367281,1.0974668317621057,0.34999302,0,False
AP3M2,True,4.178063775472731,False,0.3457143266250488,1.151288165443046,0.38285697,0,False
USP14,True,5.106306759122321,False,0.6710682064520883,0.6955782920714249,-0.4169573,0,False
DSTN,True,7.3192780108007085,False,1.0550634025337737,1.2027390954204438,0.5578817,0,False
GMPR,True,4.10512432234695,False,0.26498779312354726,1.2236800454909296,0.4578174,0,False
ATXN7L3B,True,5.916351343066137,False,0.7450638552728026,1.1315650674118154,0.41796964,0,False
HSPD1,True,8.041267282277094,False,1.323461534984299,1.0348706789383297,0.25249806,0,False
N4BP2L2,True,6.977344526285113,False,1.1302975785499316,0.966752573563189,0.08194548,0,False
CCDC43,True,4.686304087933224,False,0.4074826411939243,1.184274534029027,0.444232,0,False
MZB1,True,6.399195835827376,True,0.3279760275806355,1.9063500241120812,1.8979561,2,True
ADH5,True,6.196863706430095,False,0.8182001534931316,1.1968393809621092,0.53352296,0,False
CDIPT,True,4.482341273420285,False,0.31852280171743713,1.365425373214074,0.76643026,0,False
TUBB,True,9.321623441480023,False,1.5356858167200902,1.0330683985325133,0.41374147,0,False
TOR3A,True,5.549164100010274,False,0.5414576549085908,1.3347785206547365,0.7870033,0,False
PREP,True,5.059856148519078,False,0.4783487775845811,1.2119759364748908,0.5317852,0,False
CHMP1B,True,6.254510780275291,False,1.06497121551654,0.4395554657038357,-0.86231834,0,False
MAP3K13,True,5.323382355271228,False,0.9066698839940786,0.2461411375149632,-1.244382,0,False
LCMT1,True,6.0265974354975835,False,0.653703340934917,1.3350243450406816,0.76192737,0,False
EIF1AX,True,5.242719603692602,False,0.741634856386185,0.9237167846735788,0.0045894566,0,False
SRSF11,True,6.554357280742453,False,1.0707149185516869,0.8641556711183137,-0.05707105,0,False
SLC24A5,True,5.2998974328952935,False,0.4105898688588167,1.3741866954673427,0.7771749,0,False
RNF166,True,5.623825694541606,False,0.6400544551861082,1.3364296176904666,0.7890655,0,False
TJAP1,True,4.008480850602089,False,0.3302695176551872,1.17043842824248,0.4022814,0,False
TMEM156,True,4.6444671125351915,False,0.45781867611106297,1.0229114353589894,0.16292226,0,False
SNX19,True,4.070000239709372,False,0.3866313344097329,1.0880734054610204,0.23218471,0,False
C12orf75,True,5.270541895007722,False,0.38382967015517755,1.6284632275465287,1.3374639,0,False
FCN1,True,5.9455920650413825,True,0.1884591669404826,1.8929046944149923,1.8319618,2,True
CARD8,True,5.700390986491518,False,0.9640929745871173,0.3718292576450829,-0.97978973,0,False
XRN2,True,6.167238545725489,False,0.8661757553515087,1.0902544543535515,0.33444467,0,False
CD6,True,5.8133480923689165,False,0.6392005757881369,1.4272285211422093,0.98662204,0,False
RSRC1,True,4.456780272716959,False,0.39926756454350254,1.1692862498023393,0.4170675,0,False
PTRF,True,4.627620159261998,False,0.37802816975615083,1.0936659064248255,0.21256515,0,False
COG1,True,5.207815270585029,False,0.4984849387912047,1.2943209654691135,0.67506194,0,False
PSMD11,True,6.130295516960815,False,0.9530538021527526,0.9448959874410953,0.09300329,0,False
ALAD,True,4.589951759482316,False,0.4100884010003899,1.2613234954013932,0.5854296,0,False
SLC9A9,True,4.265197369983186,False,0.31901198544384424,1.3183703374303368,0.729002,0,False
GSTM4,True,5.196250334645728,False,0.49810813912244123,1.3394841068992296,0.73838884,0,False
RCSD1,True,6.456773414905898,False,0.777106713545519,1.4197762620692471,0.96942234,0,False
SPTBN1,True,4.9404397241463975,False,0.623756275618907,0.8351612194708591,-0.15914477,0,False
LUC7L2,True,5.021469217905741,False,0.6057550506451028,0.9695498997412383,0.12097187,0,False
LSM4,True,6.248003389926019,False,0.8782880866273041,1.1488320217123063,0.4547726,0,False
SRP72,True,5.890567765690267,False,0.7916320132087715,1.0650711751777813,0.28928256,0,False
UPK3BL,True,6.49823938409835,False,0.9551276711406935,0.999265323172183,0.19337557,0,False
LOC202181,True,4.106333280963478,False,0.3033632138907975,1.2672995815425838,0.620211,0,False
MTX1,True,5.4891906742662995,False,0.5863368942479786,1.2332740571621743,0.54325306,0,False
DDX49,True,5.465142161619049,False,0.5453499283563662,1.304601241388241,0.69192815,0,False
BRK1,True,8.15337936439505,False,1.3972263468798203,1.0393900977455903,0.32485437,0,False
THAP1,True,4.050457345466081,False,0.28257749827503487,1.3398362779370823,0.7347723,0,False
CDK17,True,4.652069280923762,False,0.42901816106773616,1.1133866865937998,0.34856415,0,False
DPYD,True,4.8725730517898205,False,0.5026630220640403,1.2191271918184658,0.57206523,0,False
KDM2A,True,4.7157615657120955,False,0.6024552615424245,0.9340411642645777,-0.001873332,0,False
MED27,True,5.173471600410943,False,0.46512567459587917,1.3741079167612344,0.8404286,0,False
PRDX4,True,7.427139455040592,False,0.9348976243404163,1.3849228249067962,0.9212429,0,False
FERMT3,True,6.692338432218821,False,0.853496294573104,1.4061685007401228,0.96014774,0,False
ABHD12,True,4.6137849181205,False,0.37589404989569053,1.1584241003664602,0.39949882,0,False
PILRA,True,4.617574726237504,False,0.3015196563943657,1.4528493740511803,0.9896643,0,False
ABCF2,True,5.467893936613884,False,0.6430563679502139,1.0429607450106633,0.17913333,0,False
IL6R,True,4.99036480089944,False,0.8513517206900965,0.15510163284203482,-1.3461659,0,False
VPS25,True,6.842751260521336,False,0.8381706776420512,1.3341774251749952,0.7989132,0,False
SPG20,True,4.213128612272368,False,0.41949370127420316,0.9556915760868279,-0.01181399,0,False
COX10,True,4.1154979529712845,False,0.3133685386459935,1.3435675706273429,0.747336,0,False
GLG1,True,5.697257664179666,False,0.9375004994695744,0.577223436696965,-0.59877604,0,False
MUTYH,True,4.8806590116662525,False,0.37491180870994884,1.392884861124034,0.86823237,0,False
L2HGDH,True,6.192467181176529,False,1.2238716385309751,-0.12621126755342643,-2.4361875,0,False
ZNF655,True,6.662578269953307,False,1.0865169650833026,0.6624384911508773,-0.43945658,0,False
MCOLN2,True,4.4425693729834785,False,0.4261040979151447,1.0672199762062078,0.21863803,0,False
NQO2,True,5.461978431776336,False,0.5085702506876828,1.3468011958383288,0.7467847,0,False
ZBTB20,True,4.776658699298894,False,0.4912749420838386,1.1351748014289273,0.367655,0,False
RPUSD3,True,6.371242991899734,False,0.7281966150519565,1.3824226183231776,0.87760365,0,False
QRICH1,True,5.573394261473614,False,0.6648962863864124,1.1591159405319496,0.47354555,0,False
NEU1,True,6.2523734438380565,False,0.7455777971566024,1.2310716654489455,0.60226077,0,False
TSN,True,5.885547702722169,False,0.7510952561910003,1.0777355375029762,0.3060466,0,False
SPRY2,True,4.893984114971692,False,0.3372735166029448,1.3414268587234934,0.7519016,0,False
GMFB,True,4.664907007856766,False,0.4692224964681997,1.117019315418323,0.34074947,0,False
PIGF,True,5.709760840603618,False,0.5531127007316115,1.3385642165196148,0.7618381,0,False
TRMT6,True,4.002602559014092,False,0.3122109472395982,1.237472514406881,0.5597945,0,False
LSMD1,True,5.18993023244558,False,0.6265077351341479,1.123436629563956,0.35402128,0,False
IFI27,True,8.230600995779731,True,0.8177647164677146,1.6742404709866983,1.4435031,1,False
SKAP2,True,4.857112755850234,False,0.520943300626769,1.1111385372165916,0.37065884,0,False
TAGAP,True,7.42529825659334,False,0.9652855944707147,1.5139691361901613,1.1479409,0,False
IDS,True,6.678314835896208,False,1.1648045266691271,0.5685375953244661,-0.9725135,0,False
GPBP1L1,True,4.487752353574989,False,0.5294241157864099,0.8953166579676868,-0.04951487,0,False
JPX,True,4.8496051396593,False,0.8532376645471158,0.05768805760017505,-1.543276,0,False
STRIP1,True,4.9328847463941905,False,0.45170929184057507,1.2955055479428994,0.67229104,0,False
VMP1,True,7.3116841168080775,False,1.1621401685447421,0.9384243611944276,-0.08064081,0,False
KIAA0226L,True,4.225583106767354,False,0.2796615328502877,1.4602381688056902,0.9979247,0,False
ZNRD1,True,6.205892666376258,False,0.6805895907784503,1.4403883051495292,0.9777841,0,False
FAU,False,10.45040123560981,False,2.0201997555991333,0.4410722181227352,0.13168652,0,False
SMA5,True,5.225346103003343,False,0.7555823707736828,0.5518140270882166,-0.6422269,0,False
DTNB,True,4.327180293685823,False,0.34583795220036934,1.2635689168870199,0.6056776,0,False
SLA,True,7.94776393090453,False,1.1417464475345156,1.4328237682770268,1.1155341,0,False
RGS20,True,4.497551388790297,False,0.32054926901199,1.2521931077633837,0.51956874,0,False
NBPF16,True,5.4149058172280125,False,0.7981107310155668,0.931240711018411,0.05806025,0,False
LXN,True,4.260975335588242,False,0.22152881530356103,1.451369587057982,0.9297072,0,False
RELL1,True,5.847105160542668,False,0.8953906701708041,0.5259043885424173,-0.7207822,0,False
KLHL21,True,4.501317600659526,False,0.39239261438136364,1.1868186016262179,0.4415312,0,False
RER1,True,5.861742852167777,False,0.8637848675603392,0.945334146987076,0.053735517,0,False
SNRPC,True,6.903237874511202,False,0.9982969745600767,1.1800254550399467,0.50472057,0,False
IRF7,True,5.831772822425664,False,0.633885446577252,1.344412427864074,0.8045864,0,False
SET,True,8.206468346320406,False,1.5990861929843097,0.4379014903033471,-1.1608669,0,False
FAM120A,True,4.388967758247493,False,0.4959875668885706,1.0564177504802768,0.22930832,0,False
ATP5H,True,7.5609775881716175,False,1.1554853763825559,1.1507385173355287,0.43017396,0,False
TYRP1,True,7.478287158090345,True,0.4648392652106822,1.7309402176061481,1.4776855,1,False
LAMTOR3,True,4.3686525922580195,False,0.4965017437195812,0.944705535790269,0.0051280204,0,False
EIF2S1,True,5.313899390809586,False,0.6708664730596616,1.0601962489543357,0.25573018,0,False
CD8A,True,8.87088456298285,True,1.0712985599840974,1.787370963616366,1.6958319,2,True
ISCU,True,7.601093506059239,False,1.2244202054644466,1.1460847424067864,0.384676,0,False
HBP1,True,5.925544591193754,False,0.6714253735323206,1.2733316443645901,0.6740109,0,False
CECR5,True,5.3178896282539565,False,0.5196960165268899,1.2908695822980598,0.67005676,0,False
PHGDH,True,5.301981948624264,False,0.3819313388101825,1.4154950264235144,0.8523071,0,False
ARHGAP25,True,6.538333446895647,False,0.8278870257657693,1.429918098190563,0.9888855,0,False
XIAP,True,5.1219149368623205,False,0.9825384193538875,-0.26979185271691447,-2.231994,0,False
LOC100271836,True,5.539306915058054,False,0.6809490492161161,1.0694532753063482,0.3090456,0,False
GPS1,True,6.905327549074558,False,0.9406930200624862,1.255060062138965,0.6702596,0,False
RPS29,False,10.579126879588783,False,2.039967171779317,0.4839574622663597,0.75810164,0,False
NAA60,True,5.021842567473007,False,0.5279624039510509,1.1712822526846631,0.4491145,0,False
APOBEC3A,True,5.11585122243696,False,0.7375951812335055,0.3354271989123186,-1.0507038,0,False
HCFC1R1,True,4.28465590104137,False,0.4265510083548518,1.068796232885576,0.23705524,0,False
MGC57346,True,4.071397599881817,False,0.3826752529088542,0.9298503734102233,-0.044708833,0,False
KIAA1551,True,7.207405374522131,False,1.1275815358306605,1.108585025568643,0.39463323,0,False
CLK3,True,6.257299753720584,False,0.7518596554803794,1.343327360714295,0.82397825,0,False
C11orf49,True,5.017457655285599,False,0.466944010160159,1.2927170365433835,0.66608936,0,False
ZNF524,True,4.469447899133602,False,0.2919304379386127,1.4940883914945755,1.0675572,0,False
KDELR1,True,5.669333920275913,False,0.7558173331823584,1.019757396064987,0.21026708,0,False
NCSTN,True,6.349058327932395,False,0.8242575333057107,1.146543244316646,0.43908396,0,False
PARP4,True,4.889622367987637,False,0.5638578519266163,1.0338115001199073,0.20274472,0,False
FOXRED1,True,4.314418113435138,False,0.3130689335055569,1.225912332206828,0.52197146,0,False
SLC35B1,True,6.042051706872278,False,0.6880998708109145,1.2580397237983343,0.6095474,0,False
ADD1,True,5.006773687814444,False,0.6201282377507078,1.0173912909225251,0.1563644,0,False
ANP32A,True,4.218874228176263,False,0.556086365634692,0.6397206055337177,-0.52902883,0,False
DNAJC1,True,5.403139089757643,False,0.6342347164167002,1.132103097086176,0.4147855,0,False
ACLY,True,5.843873690543975,False,0.7562109101160743,1.052674284869365,0.2678115,0,False
FKBP5,True,7.0862402787760805,False,1.029909422077102,1.0494663101505757,0.28370944,0,False
CHCHD5,True,5.229751405343851,False,0.5234881311143618,1.2590369501065246,0.59516513,0,False
NUDT22,True,6.298092123325759,False,0.7140644481002545,1.3765728705600397,0.8804171,0,False
CCDC85B,True,4.338801434818086,False,0.2922946510000012,1.323947660951549,0.7258259,0,False
STRN3,True,4.354976230731781,False,0.5052753396217724,1.0155913836552743,0.1443284,0,False
FLI1,True,4.521328461644314,False,0.4245495128450649,1.3084458178803766,0.7180721,0,False
VPRBP,True,4.333162759383958,False,0.42200189489365125,1.1602822388055969,0.39941436,0,False
TMEM106C,True,6.339085896167516,False,0.6964806710784508,1.3542811466413096,0.81708425,0,False
PPIEL,True,5.101714635187757,False,0.8723017953593932,0.04595500792327056,-1.5342393,0,False
RPL39,False,10.982251182133169,False,2.087191319054729,0.4792850043093933,1.0499873,0,False
HERC3,True,4.585291093900701,False,0.43393970553413563,1.2213916039902892,0.5589923,0,False
PAGE2,True,4.493911135397915,False,0.13128747346581573,1.6131232133918338,1.2485139,0,False
RABAC1,True,7.777229700460927,False,1.1688625641082044,1.3252168006367193,0.8155035,0,False
DNAJC4,True,5.869224899979903,False,0.7112056048789692,1.2979414870217645,0.7295455,0,False
FAM153C,True,4.450365607471086,False,0.7452835214614884,0.15536234512919947,-1.3791288,0,False
CD72,True,5.6818324497703925,False,0.46488465752412655,1.6330260026249692,1.3696147,0,False
LOC100506990,True,4.834951420798497,False,0.6683300317005126,0.715557296795404,-0.3957963,0,False
XRCC1,True,5.065986273072222,False,0.46310044723455057,1.3404852185198566,0.7725696,0,False
CSRNP1,True,4.65553452240113,False,0.4281447535624804,1.213665073058854,0.5445711,0,False
NDC80,True,4.0602441903587065,False,0.2308580896585684,1.47232954285787,0.96424127,0,False
CDS2,True,4.939153798381516,False,0.7093778263690278,0.8525574906779085,-0.12464167,0,False
C2orf69,True,4.323496135648454,False,0.37844999412409885,1.1143669658516173,0.3222873,0,False
FAM213A,True,5.576501814466394,False,0.7883530042439821,0.6569600979473627,-0.5394989,0,False
EEF2K,True,4.223099934272657,False,0.7118783434626497,-0.120252544829098,-1.9734782,0,False
COG8,True,4.379498162336432,False,0.40078472071755,1.17805443626869,0.43350402,0,False
MUS81,True,5.05501796887946,False,0.5103403869973064,1.2509508064145667,0.61230224,0,False
PHYH,True,4.083799989907708,False,0.28013003147956766,1.2795660011958612,0.5888088,0,False
NELL2,True,5.345659146023618,False,0.4521407221175521,1.5225208763564901,1.1479995,0,False
MRPS18C,True,5.388956736858765,False,0.6216300945719657,1.1973337297375453,0.500123,0,False
RPLP2,False,11.452640228715756,False,2.1868178003477503,0.31207760484513375,-0.094266824,0,False
SPNS1,True,5.042149642361916,False,0.4665508008228365,1.2170822579694955,0.53111416,0,False
SRSF3,True,7.927363197657485,False,1.475685991892004,0.661812868323546,-0.58954924,0,False
SP4,True,4.526341215531734,False,0.5016490662768877,0.919145491350544,-0.0037450292,0,False
ICAM2,True,6.340980022716169,True,0.593133499530623,1.6699461375800584,1.4318646,1,False
RALB,True,5.418717659921692,False,0.5592670413147101,1.2555779898665267,0.6061208,0,False
TNFAIP3,True,7.5484821562804845,False,1.1153877449702827,1.3250002998790724,0.7794074,0,False
WDR82,True,4.957162787123903,False,0.6415670223819097,0.7858921303018505,-0.22909525,0,False
MAPK1IP1L,True,6.112981389110382,False,1.1106338259269726,0.4130520246127447,-1.1574243,0,False
TMEM205,True,6.273452271089745,False,0.7182298520707407,1.330851250637442,0.78266895,0,False
HLA-DQA1,True,8.003708512654846,False,1.002159944414974,1.618669331469483,1.407161,0,False
SEC61A1,True,6.798361287640899,False,1.0440872833778445,0.9517666254486338,0.10964048,0,False
PQLC3,True,5.946170400524132,False,0.6095197427422421,1.449254143527417,0.9866699,0,False
MKKS,True,4.587362067579909,False,0.4648208523572898,1.1195794365485996,0.32595956,0,False
UCP2,True,8.996904942608785,False,1.4197337840677258,1.3770359000402088,1.1522375,0,False
KIAA1429,True,4.156030274428069,False,0.3662731930972614,1.104411604908718,0.3064283,0,False
PPARD,True,4.588698509497082,False,0.6688256542162974,0.33533212032249815,-1.0896133,0,False
KDM4A,True,4.004744074439705,False,0.34696685724082943,1.0192154562796645,0.11167585,0,False
YBX1,True,6.3187253637795235,False,0.9893220470882116,0.9123452779737857,0.030209105,0,False
MTF2,True,5.200211078769456,False,0.5894346393134977,1.2364171577282446,0.57274675,0,False
LOC388796,True,5.469752319754882,False,0.569243401180717,1.2956233959584553,0.6911857,0,False
ATP6V1F,True,7.939286886248568,False,1.2101792891153473,1.224098739026537,0.60641783,0,False
CCDC94,True,4.927384024906285,False,0.4010401892600306,1.4054750005589276,0.8984511,0,False
CCSER2,True,4.646094575303017,False,0.5656758462261724,0.8614585422745085,-0.095678374,0,False
IDO1,True,5.55799160301179,False,0.8796617898883479,0.327190978006544,-1.1331828,0,False
ADRBK1,True,4.840920814304634,False,0.5942220064393673,1.071759421028264,0.28828755,0,False
METTL18,True,4.654844658408406,False,0.2922202410815066,1.5751909496719203,1.2216423,0,False
RMND5A,True,4.362843215166917,False,0.4922889168532677,0.9441582793247179,0.009695107,0,False
MAF1,True,6.555826869084341,False,0.805261048896212,1.3248486538827993,0.7786093,0,False
ACADM,True,5.313237771578645,False,0.5820367063144012,1.1954345827991801,0.49790657,0,False
CHMP2A,True,7.6687616716014455,False,1.150365264145853,1.278419329064353,0.7082963,0,False
ACY1,True,5.348113425377124,False,0.4951420061121743,1.3268618668571783,0.70478415,0,False
MT1E,True,5.872498613197604,False,0.47330449404213343,1.4769279279853949,1.0326793,0,False
BLMH,True,4.911149206417266,False,0.4280942102896067,1.234853490919086,0.5808823,0,False
CNPY3,True,6.8616480144228005,False,1.0050920230270597,1.2060461199165529,0.6054174,0,False
GOLGB1,True,4.0806137541233625,False,0.4893149549583298,0.7408721224661907,-0.3690593,0,False
NFKBIL1,True,4.288322493056567,False,0.3119274503919126,1.2608098582920815,0.59384066,0,False
UQCR10,True,7.132409567790304,False,1.1470105194462556,1.0692322069143818,0.26811928,0,False
APBB3,True,4.238085191005247,False,0.35390348471712446,1.1294094314637888,0.35200465,0,False
RPS10,False,10.83683988341228,False,2.061317636160829,0.5033987853091579,0.89114887,0,False
TLE3,True,4.521774668031338,False,0.604475209072333,0.8841847075019686,-0.0838283,0,False
PSMB7,True,7.841667731986849,False,1.2104783230424037,1.2094731396029106,0.54808307,0,False
PTBP3,True,4.531962448238418,False,0.5277728106612518,0.9764629550172927,0.10345356,0,False
TRIM4,True,5.389624720497616,False,0.7901233204222836,0.6310417975872091,-0.5159438,0,False
SH3YL1,True,4.282425668970945,False,0.2997226540843084,1.4899352282343599,1.0365269,0,False
TREM2,True,4.145611997582413,False,0.13990331986136315,1.7181601426069353,1.4666439,0,False
SERPINI1,True,4.021714007667961,False,0.21164857470739779,1.3979358551552346,0.8449685,0,False
HDHD3,True,4.476790611540231,False,0.2921194048099758,1.4559387881501433,0.94663584,0,False
TDRD3,True,4.089678951951072,False,0.28459638163200585,1.180507244874931,0.39105475,0,False
C19orf70,True,5.76515555280503,False,0.7294157372012053,1.2596362054251709,0.6417328,0,False
DHRS12,True,4.261028641593606,False,0.2520056821800015,1.51506740072792,1.0780652,0,False
TNPO1,True,4.744759378488487,False,0.5676196390814916,0.8668613055459301,-0.067975566,0,False
MRPL13,True,6.04485291840217,False,0.7047130987042564,1.2919097980874605,0.6841113,0,False
SNX5,True,6.491506129567737,False,0.9272193436600358,1.1523468851833423,0.46990967,0,False
METTL6,True,4.086324725034185,False,0.5947487955254258,0.18128391375766273,-1.3499383,0,False
SOD1,True,8.951374529350948,False,1.5865488078535885,0.9753839912150046,0.37255138,0,False
SIRT5,True,4.074461935405296,False,0.4683317067888624,0.6224440356174781,-0.60396916,0,False
CAPN2,True,6.432748071499601,False,0.8864078657725173,1.150446621904335,0.47354436,0,False
FXYD5,True,8.896733453034868,False,1.5567980319649348,1.0693693756843479,0.61215353,0,False
NR4A1,True,6.287248123703424,False,0.6039826032490698,1.3018342769208404,0.7398867,0,False
RPL15,False,10.554799094543618,False,2.098631909357883,-0.03687143816007141,-2.0359008,0,False
ATP5G3,True,6.919392602096093,False,1.2008959327164481,0.837294154232485,-0.34009665,0,False
RMDN1,True,4.967063264586836,False,0.6121635687070928,0.9715211508961797,0.066150814,0,False
RASA2,True,5.418044464566367,False,0.642242928315099,1.1778956314097615,0.5138344,0,False
GIMAP4,True,8.201089886147425,False,1.194186170540744,1.5381019501697475,1.283139,0,False
LPIN2,True,4.281256541938125,False,0.413968655220468,1.141751845635575,0.36732417,0,False
APOOL,True,4.119523109469687,False,0.5756998972534701,0.4374474811805352,-0.9729662,0,False
DIABLO,True,5.853286276295257,False,0.7137843409422117,1.2213746707910733,0.58811396,0,False
ARMC9,True,4.140332039333438,False,0.5072986383382753,0.23590253847053577,-1.3284574,0,False
ZNF211,True,4.601484378523452,False,0.2816342790305475,1.5563472457963468,1.1967219,0,False
PFDN1,True,6.725052958913766,False,0.8600172327851765,1.3226342874729546,0.7755272,0,False
EML4,True,5.545825847434253,False,0.8632380628566589,0.8294079678000856,-0.15670606,0,False
SGTA,True,5.37696894304169,False,0.580657362705053,1.239439463818431,0.5553154,0,False
PSMD6,True,7.238012355788822,False,1.0107543016753617,1.2886188537977423,0.73559785,0,False
NUDT19,True,5.754226296711236,False,1.0239417834603388,0.21227768881860556,-1.3326515,0,False
RPL28,False,9.867799504798795,False,1.990909585520635,0.22598502615863525,-0.99581116,0,False
IPCEF1,True,4.737012428286777,False,0.50982644501816,1.165626143605785,0.46688476,0,False
BIN2,True,6.918100953221321,False,0.8336060789994638,1.5352024268213413,1.1936342,0,False
HM13,True,7.554338971380921,False,1.3974544302040521,0.17059446107670376,-1.8907148,0,False
UBL5,True,8.019281482305024,False,1.3409791458120246,1.1290879702075252,0.43129882,0,False
TNFSF8,True,5.589131493865828,False,0.4930104873803462,1.5868342379637193,1.2602586,0,False
TMEM167A,True,4.914573378048893,False,0.6377941039616815,0.915468795214146,-0.04331958,0,False
TMEM39B,True,4.549978814256991,False,0.3504593044931629,1.3329879106520717,0.73375064,0,False
LOC100133445,True,4.37408702129559,False,0.39061154338758963,0.9968286587847291,0.088775195,0,False
FARSA,True,6.6444582412311295,False,0.8390074840757071,1.3317323974838824,0.8031841,0,False
CMAS,True,5.501144840911687,False,0.5163188159019374,1.3696680853508987,0.8301534,0,False
TAZ,True,4.913739413359856,False,0.40484140447859907,1.384144181007071,0.85680073,0,False
CRIP2,True,6.533360417212077,False,0.5842479245557952,1.5010140154938338,1.0584627,0,False
SCIMP,True,4.77021263545063,False,0.45286519911229245,1.1165365094145328,0.3494808,0,False
HERC2P9,True,4.113934769139557,False,0.41329450795790323,0.9254288674500497,-0.03882527,0,False
RBM5,True,6.432901027497176,False,0.9295408473173847,1.0613902031256623,0.30479506,0,False
TUBGCP4,True,4.391051587201866,False,0.5997752793780874,0.3964029991644316,-1.0203149,0,False
CDK7,True,4.880412186930647,False,0.41412483745641593,1.2972924962469872,0.69806194,0,False
SSR2,True,9.008927102092136,False,1.5678729228685564,1.0702461448560352,0.53783613,0,False
CRELD1,True,4.878078865523017,False,0.4167207151053818,1.2355829367020434,0.53676164,0,False
MCM2,True,4.483804873846765,False,0.31130418069971855,1.2488769198883694,0.58346266,0,False
KIAA0922,True,5.103848487706556,False,0.5376199658068611,1.2375875901822824,0.6340537,0,False
HHLA3,True,4.089564317475548,False,0.4269268827788312,0.859572388180136,-0.16372979,0,False
ID2,True,8.262351013091365,False,1.1639933557049007,1.4611775674573886,1.0873698,0,False
APOC2,True,6.440505799870608,True,0.34391604154378663,1.6950104899517782,1.4407815,1,False
PWP1,True,6.528548503323361,False,0.8682483699455181,1.2527769397218786,0.63953537,0,False
FAM50B,True,4.19388705739642,False,0.21615544565291175,1.5720247776514358,1.1850655,0,False
GPR56,True,6.297599148756067,False,0.72943748472651,1.1630276265109385,0.47062725,0,False
METAP2,True,5.426620907522443,False,0.7069016548062572,1.025032834255369,0.15951213,0,False
PAN3,True,5.418174310829797,False,0.7764980748114096,1.035824878428609,0.25534374,0,False
PDHX,True,4.491928592382873,False,0.41970461280866206,1.1775460244731661,0.44165432,0,False
CDK2,True,5.933117037763482,False,0.6278965629081252,1.2405649992543195,0.55924445,0,False
LOC100505783,True,4.132175201509036,False,0.536105308985347,0.4505595825402961,-0.894243,0,False
CDC37,True,7.760673075802311,False,1.3038274077761782,0.9909215740077759,0.09926094,0,False
POLR2A,True,5.320109374112156,False,0.8033747795231179,0.7382159063144719,-0.31390655,0,False
OGFOD1,True,5.331862563286048,False,0.8442615552856159,0.28578149659363483,-1.2150728,0,False
MSMO1,True,5.413244405347673,False,0.7785959086547105,0.5238266086107894,-0.70225537,0,False
DDX17,True,7.136912447729075,False,1.2819152631666584,0.4552491272453296,-1.1140351,0,False
C11orf74,True,4.269245275353787,False,0.23323251727289546,1.4471144319363063,0.9421141,0,False
PLEKHA2,True,4.571742332065979,False,0.6886591721594226,0.5545434718774349,-0.689604,0,False
PDE4DIP,True,5.592157585888505,False,0.7237433560191685,1.056738975974878,0.26784077,0,False
L3HYPDH,True,4.3682480021438685,False,0.3133401132875642,1.3927775509996525,0.8657742,0,False
ZNF559,True,4.267230406656324,False,0.2584294328344401,1.4578877072556597,0.95080703,0,False
CXCL10,True,6.854400456221334,True,0.2056067714960968,1.8467227976638387,1.7332014,2,True
CBWD2,True,5.064152489914709,False,0.5318623909222052,1.1971754352301633,0.48272374,0,False
TMEM243,True,6.337490843935594,False,0.7372967362400893,1.3991065320108498,0.92378724,0,False
RSPRY1,True,5.1540748016937314,False,0.4301658168027416,1.3466076244929597,0.78755593,0,False
C14orf119,True,5.4570657573242105,False,0.7595834332400475,0.9726930278025214,0.0994484,0,False
ALKBH5,True,4.728297895328408,False,0.4638306042816278,1.2124510921204932,0.5123153,0,False
TMEM41A,True,4.560855502468589,False,0.6626316246483334,0.37612947921459616,-1.0283248,0,False
CBX3,True,6.698493807019736,False,0.9040522403760238,0.9652458238806152,0.13748726,0,False
KIF3A,True,4.2290096182657395,False,0.6679103431369275,0.030294357415879547,-1.6901264,0,False
DCXR,True,7.1643606673199685,False,0.9705880649950269,1.30156432271021,0.7866687,0,False
PDIA6,True,7.891018197021608,False,1.2531839777413762,1.0281640405789998,0.07015516,0,False
EHD1,True,5.7965721417789835,False,0.7436283516544275,1.1728930226626915,0.4979679,0,False
MARCKSL1,True,5.709028990562956,False,0.5993459337274676,1.3275983164746816,0.7434024,0,False
TRAF3IP3,True,7.236096424627266,False,1.0566561023855248,1.3976169874410078,0.97884345,0,False
TRIML2,True,4.138380469967687,False,0.13755688754416312,0.3361318528925079,-0.65698767,0,False
EIF2B1,True,6.4291727780178345,False,0.7885999596553226,1.3027245640484275,0.7436368,0,False
GSTZ1,True,4.0254456133186505,False,0.23685396515297108,1.3411448327794426,0.69224954,0,False
NREP,True,4.93140059076032,False,0.3635829891810892,1.2702561889722253,0.61055994,0,False
ZNF37BP,True,4.148808575375489,False,0.5857825096940246,0.3466482003504795,-1.0394151,0,False
PTPMT1,True,4.8840963280427045,False,0.5484524694365847,1.1491570026524889,0.37906998,0,False
MAGEA12,True,4.326443473731107,False,0.2813816123479236,1.257224506767748,0.53134423,0,False
GSG1,True,4.790376636923867,False,0.8205709037232831,0.045261818747086416,-1.5467588,0,False
PTPRJ,True,4.71890707639706,False,0.6905091268117924,0.5352338880788033,-0.7203454,0,False
PLEKHJ1,True,6.50392249135381,False,0.7773580840833344,1.3943536766915543,0.9307264,0,False
SNHG6,True,7.626079778819222,False,1.2112981449141698,1.220534392840031,0.60317296,0,False
ADAT1,True,5.23688589463176,False,0.8670286908003484,0.21835618928924147,-1.3401384,0,False
TMEM50A,True,6.838603635284099,False,1.053675985509196,1.0743848590508085,0.27428806,0,False
TTC14,True,5.102446103077659,False,0.5058642893823961,1.2373383578197599,0.57170284,0,False
MLKL,True,4.624818553821737,False,0.3418081937354943,1.4737140675613913,1.0403018,0,False
CRYL1,True,5.765492446413257,False,0.5622597896282469,1.4211385244854202,0.86969846,0,False
NFYB,True,4.136660176433546,False,0.3606855273198297,1.092176157598308,0.2455267,0,False
PPM1G,True,6.737634718453535,False,0.9370128585395678,1.2012462276103846,0.5649186,0,False
NMT1,True,4.017455547522755,False,0.4267920066775239,0.8281887899742244,-0.25554514,0,False
HADHA,True,7.017420102549496,False,1.0751645374804486,1.0712266271105044,0.26236582,0,False
MVB12A,True,4.404995913715352,False,0.40934674517637915,1.0547243590733533,0.22821267,0,False
LOC731275,True,4.513388675321387,False,0.6667084771174254,0.4802603196731353,-0.82548445,0,False
PLA2G16,True,5.674863776705137,False,0.5672785555509833,1.3843261260237085,0.837255,0,False
PLEKHF1,True,5.3976856057995155,False,0.3635181913930408,1.6463930552769992,1.3647093,0,False
ZFYVE27,True,5.115431922525429,False,0.4787130675857305,1.3069369590196662,0.7011442,0,False
ATG12,True,5.1684047024633974,False,0.7545340584223056,0.7708158987032598,-0.272748,0,False
FTSJD2,True,4.147398933529459,False,0.41704697075186514,1.0099146644955068,0.10484769,0,False
RPAP2,True,4.036672914621482,False,0.32347906075348665,1.209543684873453,0.49293697,0,False
BOLA3,True,5.457808940863861,False,0.5544294122763778,1.3063063464201194,0.66879225,0,False
MRPL51,True,7.2145017696847,False,1.0361179784768422,1.2326512730530657,0.6173171,0,False
NDUFB2,True,7.862819573449949,False,1.2202391979548723,1.2419775688185877,0.65781265,0,False
FAM46C,True,5.688644762826063,False,0.618302045237086,1.4006866297150833,0.9526803,0,False
PREX1,True,4.839047950571142,False,0.6286035556982985,1.0554167728546615,0.25067133,0,False
SLC25A45,True,4.883740797135871,False,0.6331869239065,0.8653871929709389,-0.07835491,0,False
GNB1,True,5.071925231004951,False,0.6227646076460089,1.114721292923033,0.3238497,0,False
CXCR6,True,7.58290210041846,True,0.6909709506270334,1.8296030046395395,1.7399843,2,True
VIPAS39,True,4.33890264479538,False,0.30314075219328973,1.355697636395348,0.7629625,0,False
ST6GAL1,True,6.487255726417839,False,0.9113306165907535,1.2410577363027906,0.65351266,0,False
NSMAF,True,4.638621598691883,False,0.45647173640109545,1.1292500372220249,0.35618886,0,False
SKIL,True,4.693104450188037,False,0.6032418203381256,0.8966228980959428,-0.041764345,0,False
ADSS,True,6.119531657738597,False,0.8055702393216307,1.132323211473034,0.4138881,0,False
LOC284950,True,4.10610931637776,False,0.7327493047197333,-0.30926116851988517,-2.2829125,0,False
RAB10,True,6.068863184221048,False,0.8569848973245582,1.0093214885664779,0.17784058,0,False
DHRS1,True,4.906117604663621,False,0.37142887590126483,1.4418310908401297,0.94134766,0,False
NFKBIA,True,8.705467872307866,False,1.3154310631843655,1.345206541867563,0.97043616,0,False
GAK,True,5.035861045925205,False,0.5999456658139488,1.0468562267628472,0.220571,0,False
SFT2D2,True,6.189421707124619,False,0.707052632478447,1.2848894908575756,0.69875026,0,False
CPT1A,True,4.861683287955074,False,0.8366961047073714,-0.04606796531851444,-1.7129953,0,False
EIF3I,True,8.037977820019774,False,1.4176115248233032,0.6620101134906293,-0.58641607,0,False
C6orf226,True,4.658266669848597,False,0.3004443744294564,1.4931990693230766,1.0365651,0,False
LOC100506305,True,4.171709835815733,False,0.6916413068200161,-0.05242914246386626,-1.7894032,0,False
MLH1,True,5.306237982832469,False,0.4926748926259756,1.3539833246736568,0.79849213,0,False
ACTN1,True,5.793726204971078,False,0.6178975528837434,1.1897712398258702,0.5081425,0,False
MRPL36,True,6.305310154977535,False,0.6588211838187659,1.4624181961564862,1.0063194,0,False
FBXO6,True,6.038633850852284,False,1.0189450480016273,0.38670040017323665,-0.98506165,0,False
PLP1,True,6.883008275550349,False,0.6709410087668931,1.3955985722539672,0.8766074,0,False
C14orf2,True,7.331188558632929,False,1.162390480771626,1.1311312525343173,0.40943405,0,False
COMMD6,True,5.96714636482727,False,0.9930392500240757,0.9013206873667408,0.0069689634,0,False
NARS2,True,4.868220858897566,False,0.42634584727573865,1.2735434278620816,0.6162002,0,False
FAM127B,True,5.903045148854702,False,0.6861587345825859,1.2649435765090522,0.6137966,0,False
DNAJB14,True,6.535410610342219,False,0.8930600240355396,1.2119030160478668,0.6018188,0,False
WRB,True,5.135804799550111,False,0.4830305790334738,1.238936444884184,0.54847044,0,False
TTC4,True,4.691790494655456,False,0.38237483495201025,1.2792132496845605,0.6477238,0,False
MAGED1,True,6.14664507588894,False,0.7407716189166579,1.1850976391284194,0.50185794,0,False
MT2A,True,9.953621528207828,False,1.3725124657707117,1.4390099378465275,1.2064795,0,False
ZFAND2B,True,5.251114690878979,False,0.44419714260161436,1.454507201121186,0.9961954,0,False
GAGE6,True,4.165057730149678,False,0.09017883696464149,1.3194742963794905,0.63467324,0,False
FAM13B,True,4.4549799388345885,False,0.4393862961546567,1.166848793021201,0.40395492,0,False
HEXA,True,6.8989059415815035,False,0.9711840641751917,1.153110120232565,0.49843055,0,False
USP39,True,6.130764335277677,False,0.7204337407492898,1.3337909428700683,0.80978584,0,False
HNRNPU,True,5.6272314809127835,False,0.8979530901095565,0.7257749691016325,-0.33775795,0,False
NRD1,True,6.089774621128394,False,0.8793700301758657,0.9851496073942887,0.13077465,0,False
RFC5,True,4.312076781302771,False,0.2979532649134745,1.3075048486339578,0.68139267,0,False
MTFR1L,True,5.759425151063474,False,0.6056918703437725,1.2927876422151368,0.67892814,0,False
GMEB1,True,4.733576629613112,False,0.6026536408475942,0.5324647550711714,-0.75740117,0,False
AKT3,True,4.231150497301417,False,0.36825444584076705,0.9704779936579347,0.008682971,0,False
CTTN,True,6.930261413456886,False,0.8151650077956913,1.236101194142925,0.5849954,0,False
HSBP1,True,6.4832743656806215,False,0.9344554348037525,1.0914326544450648,0.34733647,0,False
PHF11,True,5.835611567426881,False,0.6959416921981754,1.3000299197408742,0.7443338,0,False
NDEL1,True,5.254493843105935,False,0.5021813745835568,1.3206632677656915,0.7364033,0,False
USP8,True,4.647999974184916,False,0.53954812702222,1.0280313648424244,0.19352551,0,False
BAIAP2,True,4.747270029119806,False,0.44157034473830825,1.0237187657126885,0.113825664,0,False
C1orf162,True,5.970620924852271,True,0.5156111609107281,1.727508542431719,1.5393435,1,False
MBD1,True,5.060658359663651,False,0.5269629859516352,1.2099782938199715,0.5497315,0,False
ITGAL,True,6.71684286905084,False,1.0257067414952452,1.0757846661558679,0.35374492,0,False
WDR73,True,5.032379851664319,False,0.5227506619530954,1.1545224595449257,0.39311275,0,False
ARFGAP1,True,5.057327198539196,False,0.5633589190046191,1.068097832459674,0.25807142,0,False
LYPLAL1,True,4.496036095990316,False,0.41843213439455945,1.1625885647434502,0.41510695,0,False
BTAF1,True,4.4431655969429675,False,0.45276121026762123,1.0512589208330092,0.23797087,0,False
UQCRC2,True,7.22799461641174,False,1.057912563498761,1.2513989632262312,0.6548526,0,False
MAEA,True,5.999924575297068,False,0.6845162086431378,1.3158326333005386,0.74277997,0,False
RNPEPL1,True,4.633831122191035,False,0.444834064219024,1.253790887871709,0.60124815,0,False
CPSF2,True,4.5546000447552535,False,0.6355575964705227,0.4316385215170758,-0.9166037,0,False
HDLBP,True,5.71152192143601,False,0.8207268924802238,0.9206732357942335,0.00073998905,0,False
HOPX,True,6.552273457727196,True,0.5088812269173117,1.8219398841010315,1.7389313,2,True
PSPH,True,4.7788301386126895,False,0.7466214328094083,0.2509639144168567,-1.219268,0,False
METTL1,True,4.251164988279228,False,0.2773270010915143,1.3194092835767308,0.7035686,0,False
MFSD3,True,4.15551872631589,False,0.23641705697734944,1.3205681622638943,0.6838331,0,False
NBPF24,True,5.070147460067237,False,0.733397149918828,0.7740300022255754,-0.23649074,0,False
DPH1,True,4.742433094662705,False,0.3976786987296618,1.204448632044412,0.5001738,0,False
ATOX1,True,6.831357663691419,False,0.8686052272146467,1.3142710960393325,0.75454956,0,False
STT3A,True,6.171320337213739,False,0.8325521930181905,1.0374446003761737,0.23639551,0,False
ELP4,True,4.662662286074923,False,0.3659227010292553,1.331490748769174,0.73967904,0,False
FAM65A,True,4.9190238624358775,False,0.549488014671181,1.0794745613023429,0.2708254,0,False
RPL10A,False,11.310958916112575,False,2.151552124704354,0.4021113278482752,0.5928573,0,False
MACF1,True,4.420195540372685,False,0.6345130319480288,0.6310951408218015,-0.54721934,0,False
NCF1B,True,5.219020330586426,False,0.48165224440644094,1.486822957846386,1.0965317,0,False
TMEM160,True,5.47445740497302,False,0.5630405449659946,1.3189856326384035,0.7373242,0,False
PCMTD2,True,5.248072235398083,False,0.5755516635266824,1.179504458893841,0.48620766,0,False
ATP6V0D1,True,6.713076545839515,False,0.9151444087222703,1.19127003805352,0.5483388,0,False
RAP1A,True,5.664948285883685,False,0.623647768056582,1.3291788506024735,0.7849512,0,False
KANSL2,True,5.311156419335366,False,0.4857635546287895,1.3718887488586495,0.83867306,0,False
POLR1C,True,5.2762155492944105,False,0.4618989917303312,1.4226663120080798,0.93001723,0,False
C17orf76-AS1,False,9.703195364869345,False,1.7604154433533408,0.881329405118826,0.650211,0,False
RNF170,True,4.076742952910741,False,0.5277928493605477,0.45608537989152276,-0.90045315,0,False
SLC37A3,True,4.451055012934704,False,0.3496377941038725,1.2020756102086358,0.47108203,0,False
NRM,True,4.578667659589611,False,0.318581267688241,1.4022259768273209,0.8658552,0,False
C14orf23,True,4.86092168522333,False,0.8569819837519177,0.46677698289417013,-0.89677566,0,False
TPD52L2,True,6.102119934793162,False,0.7483204683089257,1.222254518598028,0.5866031,0,False
SDHB,True,7.358789348171222,False,1.0207088915568527,1.2984460047473598,0.758562,0,False
RHOF,True,6.773400557679699,False,1.0314586237053944,1.1385183799253786,0.47505876,0,False
PTPLAD1,True,5.649115110673091,False,0.6728218508613821,1.0678224327026657,0.26994893,0,False
DERA,True,5.062678400143047,False,0.4998538789106709,1.223246284277115,0.5173295,0,False
TPP2,True,4.774502401091633,False,0.5491023980117662,0.9134199300297625,-0.0014816723,0,False
C19orf53,True,7.161188931514117,False,1.1439810803335217,1.1634093027994226,0.45569068,0,False
EXT2,True,4.7746472864908345,False,0.4277794445966735,1.1844525155791754,0.45310953,0,False
DOLK,True,4.213087689255945,False,0.2537800608110825,1.2499649444966523,0.5503448,0,False
PDLIM7,True,5.254719322600539,False,0.49921107529490816,1.270259250972715,0.63691545,0,False
SNIP1,True,4.371972125828338,False,0.6993967501168159,-0.03849944147557752,-1.8058742,0,False
MSL3,True,5.3966834039514815,False,0.606523574783,1.296207309620033,0.698609,0,False
TIMP3,True,5.303071343724384,False,0.3939315217195356,1.112381435419112,0.31691882,0,False
MAPKAPK5-AS1,True,4.383090722501135,False,0.3535428085733917,1.297784068304817,0.6583018,0,False
RGS3,True,5.492753303428571,False,0.5247229881510055,1.3398716161775734,0.7581327,0,False
SPAG16,True,4.272362272578825,False,0.2892444949476024,1.4138142337168336,0.90115094,0,False
ABHD4,True,4.854028973368937,False,0.38350094313020877,1.3412979985881393,0.7488342,0,False
RAC2,True,9.410782445782251,False,1.5955407085723348,1.2715611917635772,1.0700005,0,False
SLC35F6,True,6.158544090950888,False,1.1148323484543154,0.17259178891138344,-1.6498666,0,False
TXLNG2P,True,4.27296749910122,False,0.36110468918823335,1.3566086468406287,0.7624218,0,False
RALY,True,5.3450598544010255,False,0.7459464966201237,0.9775988845592218,0.11306987,0,False
HMOX2,True,6.652343398124025,False,0.9030951421701354,1.248888221485923,0.6598323,0,False
YIPF4,True,5.672373686158592,False,0.6954720595024931,1.1387481837531679,0.42704788,0,False
DBNDD2,True,4.3779479422984435,False,0.263458174897091,1.5036067951372374,1.1003766,0,False
YTHDF3,True,4.932199551660204,False,0.5653801681751163,0.9897889575196506,0.12118336,0,False
RPL7L1,True,6.769625498422759,False,1.1414762219370336,0.5504823969749366,-0.8518844,0,False
TBC1D5,True,4.319968936704494,False,0.47292667390889975,0.8621414694503851,-0.13536327,0,False
DNAJA4,True,4.690868458385514,False,0.4128635358652828,1.1458657721892687,0.38114974,0,False
TMEM223,True,5.610454967798377,False,0.5066863847204739,1.4865499778080995,1.0410312,0,False
AKIRIN2,True,5.227993705631439,False,0.58577302095884,1.189850873892767,0.5059545,0,False
RBM23,True,5.6233449150919785,False,0.6102035170490927,1.2503000201310774,0.612214,0,False
C1orf63,True,6.328268775657791,False,0.8035168890855688,1.1876577884334787,0.5258528,0,False
C17orf59,True,4.085328254591318,False,0.22499511485472265,1.4616748447982946,0.9916723,0,False
C19orf25,True,4.714499909059064,False,0.40954286972701015,1.3343312788579713,0.7551699,0,False
TRNAU1AP,True,4.712340516892059,False,0.4441280643350924,1.2792106635575,0.6429612,0,False
SCRN2,True,5.347232101966944,False,0.4662684626957393,1.4196679573399014,0.91860515,0,False
LRRC58,True,4.716473321559819,False,0.7954425607684739,0.05311559335544867,-1.569357,0,False
SKP2,True,4.936583682994396,False,0.7146681583727539,0.4603145460906938,-0.84835035,0,False
RNF34,True,5.852517064334126,False,0.6320808144653928,1.4222213928294076,0.92794716,0,False
CCT2,True,7.099530873344136,False,0.9946825106459836,1.2213566272897696,0.56187814,0,False
LRRC37A2,True,4.073209618186113,False,0.4424024157166978,1.0038951983472075,0.102771,0,False
ARF4,True,7.2856876508124175,False,1.0519763780877436,1.1902099773417203,0.52451307,0,False
PPP6R1,True,4.806437366579122,False,0.5487767644082107,1.1608762123991787,0.43255734,0,False
MBTPS1,True,5.261146766547751,False,0.6207951980735422,1.1281447262474287,0.4047694,0,False
NCF2,True,4.53988795746636,False,0.26029229505817386,1.5121880510334043,1.0921032,0,False
HMGN3,True,7.204473331100187,False,1.069669893680346,1.1884503976559908,0.5018407,0,False
MRPL48,True,5.847867919412538,False,0.574568847352194,1.4158794283716658,0.9212487,0,False
LETM1,True,4.603243559713746,False,0.7680391075722492,0.13946595193052383,-1.4795886,0,False
USP10,True,6.053108856789423,False,0.8344291152252697,1.1299656650224925,0.40956488,0,False
NIPSNAP1,True,5.764026611050949,False,0.6455168339146762,1.3094570846279074,0.71478534,0,False
KNSTRN,True,4.154771975327261,False,0.26008442034890317,1.3405878683982237,0.7330383,0,False
C12orf52,True,4.759947220141957,False,0.3731273640692735,1.315512186867282,0.7102548,0,False
MED8,True,5.7176819746618985,False,0.6379643687685091,1.2526269048743357,0.60406524,0,False
ZSCAN26,True,4.106831218162006,False,0.2479160153881924,1.4041165013340293,0.8740636,0,False
STAT4,True,6.099825584793367,False,0.6970749402496347,1.46015146159327,1.0364276,0,False
RNF145,True,4.429657240239917,False,0.39068612220429666,1.0535397048934494,0.18145755,0,False
TCEAL8,True,6.0734943556003795,False,0.7030852247531014,1.3248691627255813,0.7305394,0,False
ZMYND8,True,4.805103571771978,False,0.5740193811250269,0.9337635758230245,0.042275414,0,False
PTGES3,True,8.189335745444776,False,1.4139808386984265,0.9512752454812343,0.08425934,0,False
CCM2,True,6.0889183553232185,False,0.6354353107441378,1.4930244802308166,1.0772195,0,False
TAP1,True,8.117206561694802,False,1.3154546952962012,1.1039904346945446,0.4070454,0,False
ETS2,True,4.060207840318992,False,0.2859832956546698,1.289503481813719,0.69253814,0,False
PRMT2,True,7.216523882584807,False,1.1241266975388462,1.114596901495383,0.36169377,0,False
INTS8,True,4.066857991378212,False,0.2839051403876507,1.2757082856847788,0.62297887,0,False
LINC00338,True,4.972123544056953,False,0.899527720203398,-0.07371008182940977,-1.8951625,0,False
VPS36,True,4.510572522777881,False,0.47246282300423004,1.0658781258991417,0.2288122,0,False
ORMDL3,True,5.545813425547997,False,0.5071849338658891,1.3876865330846158,0.886769,0,False
NUPR1,True,5.368149219040565,False,0.4046538138675343,1.5080926631541216,1.0534912,0,False
RBMS2,True,4.593283150800272,False,0.8842347236763393,-0.5514078445482979,-2.766472,0,False
SNX10,True,5.404775061872343,False,0.5412238795146538,1.2620230516986037,0.62059224,0,False
POGK,True,4.450211943059774,False,0.39901557217762923,1.1116986219193947,0.30870685,0,False
LRRC25,True,4.200229703063676,False,0.4913120739985749,0.42908789153268256,-1.0100737,0,False
FAM215A,True,4.807620589270702,False,0.435777466807953,1.394885366744416,0.8854781,0,False
ZFP36L2,True,7.423407016925803,False,1.1160260434030536,1.0689642117455138,0.36128837,0,False
EPPIN,True,5.050857191106377,False,0.9284445517104062,-0.010517390656117818,-1.7328371,0,False
CYP4V2,True,5.199618799141574,False,0.9896116420052821,-0.258845108211984,-2.2446074,0,False
IFITM2,False,9.518027477751815,False,1.6957696038062542,0.9580751126216275,0.39839894,0,False
ASPH,True,5.347659196602214,False,0.6533704163031382,0.8112235140378373,-0.21587718,0,False
PVRIG,True,6.990771562336754,False,0.8673974017483927,1.5570496347116316,1.2323099,0,False
SH3BGRL,True,7.439890712872837,False,1.191909488043859,1.1534745390798737,0.4100482,0,False
VPS51,True,5.696198309627149,False,0.6165131775636531,1.27752379765106,0.68937397,0,False
NOTCH2NL,True,4.858633216004119,False,0.618981965472936,0.9280112447523234,-0.021551905,0,False
SYNGR2,True,8.183822370655328,False,1.2753761726015092,1.2726906481954612,0.73356634,0,False
PRPF4B,True,4.1765422063030995,False,0.5231268362241799,0.8022937884228217,-0.21393298,0,False
SLC43A3,True,6.003001361050687,False,0.6509902537903578,1.2060228861973146,0.5105772,0,False
NRBP1,True,7.003722547633419,False,1.0057265335316514,1.2022126115668959,0.5981346,0,False
ILK,True,6.8448428646512305,False,0.9323626208033908,1.2190054651683897,0.6018422,0,False
MRPS7,True,6.662914859928544,False,0.894325058119966,1.2646147932141374,0.6890053,0,False
TFPT,True,4.552767153708773,False,0.4439753859912603,1.196883184380222,0.46880528,0,False
AP4B1,True,4.905219099947019,False,0.4272458848159477,1.359525885670786,0.8046804,0,False
VBP1,True,6.055825167971799,False,0.6702677597287288,1.3483709878999253,0.7953353,0,False
MORC3,True,4.834570761081757,False,0.49063567530382796,1.12867466114312,0.37827235,0,False
BHMT2,True,4.236402924668096,False,0.742720524656102,-0.3073643681970542,-2.212777,0,False
GATSL3,True,4.890834956856128,False,0.29341319763218543,1.4730613015827076,1.0021433,0,False
MTRNR2L5,True,5.145124318624951,False,1.04128917803396,-0.3677738408343031,-2.4465966,0,False
TIGIT,True,7.480428313061175,False,0.915744889826112,1.5767767811633921,1.2962408,0,False
ALG13,True,4.394066126880442,False,0.4957779768688523,0.9937600234210147,0.11737435,0,False
AIM1,True,4.325314200419465,False,0.4697012342129516,1.0124329617651358,0.16932209,0,False
MPV17L2,True,4.244382341692615,False,0.2745149552372675,1.288474432774474,0.6376582,0,False
EGR2,True,5.154540579900948,False,0.32452214074210256,1.4622830551872856,0.98541594,0,False
MED11,True,5.01269040045412,False,0.3678410171263429,1.5763481447094838,1.1978031,0,False
RIF1,True,4.17489497271289,False,0.4713916025043856,0.8556692028391999,-0.15523177,0,False
CGGBP1,True,5.089481402296542,False,0.5649168826921613,1.2032129770715665,0.54288495,0,False
ZBTB16,True,4.721470083998219,True,0.24033291289887776,1.7194795555388693,1.5225637,1,False
UQCRB,True,5.538834138236432,False,1.026757029287433,0.4639380425898543,-0.81680423,0,False
HPS3,True,4.574456855475632,False,0.43138161900546795,1.1882894819840963,0.46157598,0,False
LGALS3BP,True,8.577073060582215,False,1.055482932002337,1.4144081935651527,0.9874638,0,False
MRFAP1L1,True,6.790786545926998,False,0.884786898872683,1.3421428118797665,0.8181518,0,False
ARHGEF3,True,5.7493121843790504,False,0.6553971756925447,1.3197438811123845,0.7513898,0,False
CD27,True,8.1107175107306,False,1.0985454010162803,1.6022117875403086,1.3813528,0,False
MGC72080,True,4.010710207370831,False,0.27926310092198714,1.195692512148123,0.44263837,0,False
PEX13,True,4.575905658691038,False,0.7573860518984167,0.008441700466439508,-1.6679031,0,False
RWDD3,True,4.442045788956219,False,0.3272762372989326,1.3648196021110341,0.799136,0,False
YDJC,True,5.695747681705325,False,0.5530601472840444,1.4428867937407273,0.9941094,0,False
ATP6AP1,True,7.174012808618229,False,1.012202768718089,1.1962640645483078,0.5828846,0,False
NR1H2,True,6.225148221193493,False,0.7870392816162637,1.2943719398080795,0.73256207,0,False
PDK2,True,4.711359556872511,False,0.38976533180389733,1.311842392842527,0.69367653,0,False
C3orf17,True,4.195679437929077,False,0.40021652920615336,1.1223862054006997,0.3279522,0,False
SLC38A2,True,5.678417525083825,False,0.7490040466133834,0.8495867936536388,-0.10849292,0,False
TMUB2,True,5.555010967102014,False,0.5791983233580245,1.2485697382322631,0.606107,0,False
AGK,True,5.015458112547919,False,0.49276592717190754,1.2888514900072723,0.66523755,0,False
NDUFA4,True,7.264680593321683,False,1.3358149540672577,0.6915184989342928,-0.67721754,0,False
DUSP1,False,10.286326206135842,False,1.636984146743123,1.3032904493589594,1.2057339,0,False
SLC45A2,True,5.398753508433335,False,0.38495307862077255,1.3380622110260316,0.7005205,0,False
CDC42,True,8.237292651011671,False,1.5697888955358184,0.4757178384008789,-0.8170498,0,False
NAA10,True,6.546039861027963,False,0.8710757940126267,1.2534077413085079,0.6417194,0,False
CD97,True,7.1681466121480035,False,1.0388600456670256,1.2157070417919438,0.6236579,0,False
SETD5,True,4.073064917005953,False,0.46620714370853933,0.8658326798632969,-0.16178156,0,False
NINJ2,True,5.027307618163843,False,0.3128462919167343,1.58404516311129,1.2670366,0,False
POMGNT1,True,4.26648547680181,False,0.33002381821042526,1.0973284684324616,0.24896614,0,False
COL4A3BP,True,4.146494461159633,False,0.4032552154840534,0.980079090701218,0.04412468,0,False
GRHPR,True,6.489554130967986,False,0.7947545745691177,1.306997558445388,0.74176836,0,False
EDF1,True,8.658945754545895,False,1.565608052594314,0.9462588057766749,0.13908488,0,False
ODF2L,True,7.4556440946216815,False,1.4994124932113753,-0.10645005685786714,-2.2703278,0,False
PCID2,True,6.020964640705171,False,0.6833805637353956,1.371929779584148,0.8711545,0,False
DCAF7,True,6.159636039179151,False,0.9356133262677163,0.8130352467943942,-0.1612214,0,False
ZNF134,True,4.2067851333713655,False,0.24482460129886746,1.4306544070212528,0.92761236,0,False
SMEK1,True,4.297847571213494,False,0.3862504105470939,1.1629784824712983,0.4170935,0,False
VDAC3,True,6.836211050510919,False,0.8864367041038084,1.3287387784916667,0.78516597,0,False
EIF3F,False,9.169007268563888,False,1.6099618407549081,1.103014856111259,0.63948846,0,False
EDEM2,True,5.519657852934923,False,0.5598085970181789,1.3205957496340868,0.7385096,0,False
LENG8,True,4.928657009262201,False,0.6933778202260683,0.7462921498372004,-0.28839773,0,False
AATF,True,6.231220499152019,False,0.7570714197232049,1.2940300909602729,0.7265526,0,False
FTSJ3,True,5.013834703812535,False,0.5190519364946895,1.1468594498316236,0.38635007,0,False
G0S2,True,5.760302557841193,True,0.18841176305466711,1.773651091080915,1.614858,1,False
FCHSD2,True,4.070334108861626,False,0.3535070381701751,1.1984923947345587,0.5048314,0,False
RRP1B,True,4.304642221718504,False,0.4141504622756367,1.0869368013819833,0.26383227,0,False
EEF1B2,False,10.18382492209799,False,1.898145263427938,0.8080417038915126,0.9565081,0,False
STAT6,True,5.665370852701411,False,0.8377390718805416,0.9496780650636258,0.0631004,0,False
ZNF195,True,4.437834697499738,False,0.4162520904638721,1.103115307529765,0.31769165,0,False
C10orf10,True,4.900914224506934,False,0.2043715989136788,1.3911588151807317,0.8204004,0,False
ARMC10,True,4.223024349430023,False,0.6196525714387734,0.11495573127899261,-1.4898547,0,False
H2AFZ,True,9.316140132159573,False,1.5369040210296674,1.1355011879071184,0.72623354,0,False
RPL23AP7,True,4.605480394434882,False,0.4591871156867269,1.1136723044291854,0.3306852,0,False
MLLT3,True,4.494284474557485,False,0.4582318949023103,1.25545671408555,0.63464147,0,False
MED16,True,5.30264427188852,False,0.5370670626489797,1.3151223248935267,0.7494115,0,False
GOSR1,True,5.596629274580969,False,1.0836167833981611,-0.0976018073457545,-1.8821096,0,False
RPL30,False,11.231967084485863,False,2.1466252258899012,0.30130055903386477,-0.174569,0,False
KRI1,True,5.023403839822575,False,0.5478986568085504,1.1242120868241958,0.3826594,0,False
LRP10,True,5.448108043710552,False,0.6089640752419445,1.2477662561781955,0.62468314,0,False
MGMT,True,5.094590352444926,False,0.4635051515816,1.4859028375090353,1.073631,0,False
ATG16L2,True,4.086606856422236,False,0.31614135306292157,1.2558452840076368,0.5999724,0,False
EXOSC8,True,5.4097336602554025,False,0.5713560498045538,1.2986328122741306,0.7048094,0,False
SEH1L,True,4.7145959634142685,False,0.469276366277958,1.0948762927681555,0.2797862,0,False
LOC284023,True,5.535075652607567,False,1.0811980907817293,-0.23575254782547822,-2.1437855,0,False
DARC,True,5.569789028186006,True,0.06051375786718326,1.9128769110862258,1.8334728,2,True
SHMT1,True,4.68011532628535,False,0.37701173068524074,1.2952937865141578,0.6632125,0,False
ZRANB2,True,5.449750346237364,False,0.7383262230966081,0.9908910843870911,0.15054575,0,False
TRIP13,True,4.503022808730049,False,0.6545075200468267,0.32107002206872387,-1.127053,0,False
SRSF4,True,6.335115907853704,False,0.8832043393139157,1.1559203760023704,0.46087486,0,False
CXorf38,True,4.950558417353002,False,0.8159025369446119,0.20514234327443678,-1.2963793,0,False
FBXO44,True,4.355910840592323,False,0.553760280808919,0.515477392129946,-0.7080267,0,False
MCCC2,True,4.946864064664952,False,0.5778679656265391,0.9473933221478477,0.022279883,0,False
IVD,True,5.5566186754751,False,1.043388295039211,-0.04420519195358282,-1.7809622,0,False
ARIH2OS,True,4.906472685624327,False,0.7990950548605891,0.2997312734780035,-1.0987076,0,False
MVP,True,7.162798757609968,False,1.0491045894902704,1.1926387312674172,0.5774722,0,False
PSTPIP2,True,5.05295631864095,False,0.9214633536431571,-0.03211088937974999,-1.8413826,0,False
BCAS4,True,5.609949318911103,False,0.4981454978792881,1.5378836824557767,1.1730325,0,False
ISY1,True,4.870349136618282,False,0.6147252287167668,0.9141651741227834,-0.043815605,0,False
RNF213,True,6.191628501312083,False,1.1478087770170227,0.377438729576445,-1.2018052,0,False
CUL1,True,5.464314972404391,False,0.623949218783696,1.1659090759265096,0.43925735,0,False
DHX9,True,5.845433513616283,False,0.7831655208705729,1.0182418979494683,0.21415281,0,False
MRPL43,True,6.52621083670239,False,0.7951374020851945,1.3672181925975755,0.86814475,0,False
ZNF333,True,4.0356160738995195,False,0.4870174558999182,0.44846518118441747,-0.9414348,0,False
DALRD3,True,5.585596364180161,False,0.5190112985940393,1.4287923360952037,0.906018,0,False
DUSP11,True,5.757139974778113,False,0.5842873740832024,1.4205198542832354,0.94401914,0,False
CREB3L2,True,5.602812890064858,False,0.6703109325634306,1.0357261340602535,0.23306896,0,False
NDUFB10,True,7.623980300016294,False,1.0748108366673597,1.324709047472453,0.8048953,0,False
NUDT2,True,5.050403660780253,False,0.38956522264455407,1.4116161343813567,0.90671676,0,False
GTPBP8,True,4.622141388535052,False,0.3573815019786325,1.4053576622064337,0.8925776,0,False
BBS2,True,5.067608240811502,False,0.4665388033863674,1.341623863273121,0.7641304,0,False
MRPL18,True,6.275190119142519,False,0.7566260596169809,1.3355700957337793,0.8044937,0,False
PGAM5,True,4.744652728966585,False,0.8762046982830798,-0.25098974097019944,-2.2337327,0,False
FBXO21,True,4.873423134028457,False,0.49663942232999153,1.1599494321398178,0.44835287,0,False
LMAN2,True,7.556841086134139,False,1.2187303274706898,1.0770892148000002,0.22521086,0,False
R3HCC1L,True,4.9424851207527905,False,0.4413959704192232,1.26037428499043,0.6386099,0,False
NIPSNAP3A,True,4.775643923727821,False,0.37371985484537484,1.3411987745994733,0.7468123,0,False
INSIG2,True,4.371641893309855,False,0.3615696281259061,1.1833374535681205,0.45643905,0,False
STXBP2,True,5.883415825913987,False,0.7304583694574165,1.2373060642340186,0.63772565,0,False
C19orf66,True,5.929497486510978,False,0.7132219011554912,1.2942285496561827,0.73179096,0,False
COQ6,True,4.807288443823397,False,0.362692417318789,1.4482308700305095,0.94263464,0,False
PRPF4,True,4.944850883467919,False,0.48359654228773674,1.168075804485461,0.4298544,0,False
SELK,True,7.173754857472794,False,1.0567589074407717,1.244769385868961,0.66547954,0,False
MS4A1,True,7.363463516382363,True,0.6632705603767013,1.959126702961865,1.9930496,2,True
TTC31,True,5.1528708965789844,False,0.4755700313833825,1.3644213988843916,0.81937987,0,False
WDR46,True,5.651115024379278,False,0.6587225415571503,1.259827197303382,0.6233571,0,False
LSP1,True,8.807395380308693,False,1.4376828674440245,1.2750598689717179,0.87365454,0,False
EXOSC1,True,5.618478998086857,False,0.5850652944248046,1.427160727243314,0.93246853,0,False
ARHGAP18,True,4.6097255206198815,False,0.46298728561182895,1.1149918839737056,0.31933877,0,False
LINC00674,True,4.254216876397227,False,0.6774354066570367,0.2886451220452792,-1.1994019,0,False
ATP5L,True,7.4793541382672855,False,1.3601294670886088,0.8467183226032091,-0.15407625,0,False
NUDT9,True,4.827751927210177,False,0.7497693262118078,0.3755387610964128,-1.0031592,0,False
STX17,True,4.113782845917359,False,0.43204168512501384,1.0141695702951676,0.10221804,0,False
TIMM9,True,5.405436615876679,False,0.5409764647754406,1.4134360176584781,0.91015035,0,False
IFI6,True,9.076443138143247,False,1.2887956912507073,1.3111814140568692,0.89577264,0,False
FRMD8,True,5.074650588974893,False,0.5810959642623461,0.8650921338848719,-0.12003468,0,False
MGAT2,True,4.7088853860405795,False,0.37777341313115237,1.3280090122387476,0.74935275,0,False
WBP5,True,5.259452769728942,False,0.5123358705214858,1.2055967086928088,0.45849565,0,False
NOP56,True,6.610552307782199,False,0.9256278361366979,1.1554769108703615,0.47307277,0,False
CHTF8,True,6.024547175644424,False,0.7523911751044635,1.1861676678683417,0.5276026,0,False
NOL12,True,4.354252885457908,False,0.5425775950981767,0.75032419295245,-0.4345753,0,False
CERS5,True,6.065497180288205,False,0.6835957864952686,1.2695400247915423,0.6774077,0,False
EIF5,True,5.897467748044011,False,0.964020617106333,0.8277490054608283,-0.14016424,0,False
POLR2K,True,6.977270441594597,False,0.9697587166966859,1.2722352771793144,0.7322635,0,False
PREB,True,5.531086167450008,False,0.5354803035371868,1.3263601270100511,0.76452553,0,False
NME7,True,4.679983031650522,False,0.3750930835918662,1.282597452918755,0.6326054,0,False
UBE2C,True,6.286053257886426,False,0.3906741777719862,1.5440598228709175,1.1035827,0,False
CDK2AP1,True,4.7927399571782345,False,0.4003560058599865,1.181265939312986,0.4143304,0,False
RPL5,False,11.449582015155267,False,2.169871387179714,0.23005498387101023,-0.72712713,0,False
DHPS,True,6.624620472084735,False,0.8588375656768035,1.3294306176539854,0.79430795,0,False
HCCS,True,4.2361319987520965,False,0.31579282869963166,1.3486585376887466,0.7297761,0,False
LOC100507217,True,4.476492092227741,False,0.536139742107845,1.0262988717766697,0.217481,0,False
METTL22,True,4.234686485052,False,0.2852170415918124,1.3145228806359697,0.6903079,0,False
PPME1,True,5.129669290247727,False,0.4939406067624039,1.2155374182442977,0.4990876,0,False
TRAPPC1,True,5.87248113396582,False,0.8961904200845685,0.9539662129790696,0.08116184,0,False
NBPF10,True,5.030029081212867,False,0.7759958185037625,0.6748075470205215,-0.43238443,0,False
PDDC1,True,6.059533603738394,False,1.2302375448962242,-0.3964104203307615,-3.0606713,0,False
CCDC53,True,6.218388290798208,False,0.7076540779054992,1.381525133659496,0.8823609,0,False
ZFC3H1,True,4.017175187620129,False,0.4908443501183123,0.8386419198740718,-0.16224283,0,False
ZKSCAN8,True,4.389619882884179,False,0.4657595969706998,0.8481080073610467,-0.20466362,0,False
IFI44L,True,5.177755817778357,False,0.5185068186993983,1.3844543491279784,0.8516353,0,False
MYCBP2,True,4.1688873113082465,False,0.542621446395335,0.7944194943116605,-0.21593061,0,False
WIPI1,True,5.725935599602776,False,0.566719958886386,1.2409612446906597,0.57085955,0,False
ENTPD4,True,4.986167619943813,False,0.7834252084487325,0.41543856950940217,-0.90457743,0,False
TMCO4,True,4.074118768164038,False,0.28197520052515124,1.3487952387711748,0.7600225,0,False
AZGP1,True,4.055672916767622,False,0.20858130758841248,1.4519600188537858,0.869035,1,False
PEX3,True,4.162712154797219,False,0.3134509462676869,1.279136623852863,0.626122,0,False
SACM1L,True,4.962021121223669,False,0.49871264260289405,1.1468040079718231,0.4360908,0,False
CD63,True,10.055882291985787,False,1.5242904389453753,1.3185400952892423,1.0663898,0,False
GADD45GIP1,True,6.141218107292985,False,0.6754696402681901,1.289286706564407,0.7195316,0,False
FEN1,True,5.166378272956039,False,0.4327907250095604,1.246853175572555,0.5563853,0,False
LOC100506123,True,4.117057362030468,False,0.45229395049353194,0.8012091911675823,-0.27385303,0,False
CAV1,True,6.100512888881572,False,0.6168263195894043,1.3655315201006113,0.81075454,0,False
GNPDA2,True,4.167609120156043,False,0.2903845475861089,1.3384835360520777,0.7243175,0,False
HPRT1,True,6.106577987520178,False,0.6520255663918739,1.3829747035626139,0.8602093,0,False
PSMA7,False,9.03501243777499,False,1.619105689597086,0.8711221151976873,0.012446536,0,False
TTF1,True,4.05554951026736,False,0.41614112591102803,0.9910518885419732,0.09181567,0,False
ELOF1,True,6.322014157061039,False,0.7908623123609093,1.3230984746509784,0.78621423,0,False
HMGCL,True,5.58994625673752,False,0.5196295395751357,1.3759263766304568,0.8429672,0,False
MSI2,True,4.581824885690324,False,0.4489140453903411,1.1199578131836472,0.30447045,0,False
SPARCL1,True,4.826061089219088,True,0.16725297740074235,1.7450993226870581,1.4464719,1,False
ACAA1,True,6.548445656045648,False,0.8321788152121283,1.2783380126698942,0.6921298,0,False
IL6ST,True,5.444611971375884,False,0.6696488823636686,1.031380616132925,0.24206685,0,False
TMEM109,True,6.500456988151864,False,0.9236495139308327,1.104885597272938,0.3877357,0,False
FAM172A,True,4.033752141279701,False,0.39049403171141406,1.0597495903723344,0.19727574,0,False
KIAA1191,True,6.118418859604023,False,0.9790825436976974,0.5877413478563224,-0.5967318,0,False
USB1,True,5.507955883114543,False,0.5965429539707533,1.2731387796015243,0.6520907,0,False
GPN1,True,6.015515937940274,False,0.6309702039731726,1.4320664056128356,0.9634747,0,False
CHD4,True,5.292008592916069,False,0.7467712366610175,0.8747877199992158,-0.06648302,0,False
IKBKE,True,5.052204218601143,False,0.4973934548464529,1.320891196153338,0.74772346,0,False
RELA,True,4.642674000764406,False,0.508360004512795,1.0605603647652582,0.26892203,0,False
HIF1A,True,6.661880880105412,False,0.9558251752757381,1.0759350788700652,0.3307523,0,False
LOC595101,True,4.1395446877769855,False,0.38590442253045787,1.0974731063803516,0.3023981,0,False
TSEN34,True,4.357417124434926,False,0.36763079558298245,1.1943302398161824,0.4506014,0,False
TXNDC9,True,5.6700913076230055,False,0.5677646709872222,1.3460443592389062,0.786793,0,False
C21orf91,True,4.138877842114046,False,0.40751059983570503,1.0408826011955483,0.14569592,0,False
ARMCX6,True,5.441195264209288,False,0.4690525927488674,1.3924496104357742,0.87646234,0,False
PPP4C,True,5.9570360249299155,False,0.6541429148561593,1.3188870237524406,0.7760908,0,False
CD48,True,8.42291229527052,False,1.2423381896065049,1.5278250816672634,1.4025867,0,False
PKN1,True,5.053657727617094,False,0.578911984176099,1.140325833458,0.42974457,0,False
SPON2,True,5.494889274958099,False,0.4042571780537617,1.3831400055660048,0.82801044,0,False
XBP1,True,6.3214952214408315,False,0.6041391712650868,1.4804334295515678,1.0676837,0,False
SELT,True,6.4700410702765545,False,1.0077799453543885,1.0604801794921461,0.3181771,0,False
SURF6,True,4.847121729105583,False,0.42756061672941015,1.3090038052623232,0.7006405,0,False
EFTUD1,True,4.147748103078153,False,0.3049785555798332,1.2911942213170353,0.6506866,0,False
ACBD4,True,4.058384469405371,False,0.5007171474790668,0.41048753221896983,-0.91408116,0,False
ACTB,False,12.988578348482028,False,2.342632255246833,0.07896914520555014,-1.2110566,0,False
IFI35,True,6.498320321447968,False,0.7797067458961973,1.3407269568529876,0.8075159,0,False
ANKRD12,True,5.34694810775805,False,0.9112440832619624,0.6747659092440216,-0.43266127,0,False
BSCL2,True,5.727770041677678,False,0.579817821440664,1.274277899137291,0.6363152,0,False
SLC30A5,True,4.383622193606841,False,0.5464251227728529,0.483454351525221,-0.7949801,0,False
UBQLN1,True,5.183965486151287,False,0.6434604704520033,1.0784522589758931,0.31027827,0,False
UBA5,True,4.382231911771527,False,0.3536017613995095,1.2955399058800587,0.65701157,0,False
SRFBP1,True,4.379729862095386,False,0.5765310293138397,0.43781545768168084,-0.89774305,0,False
SRSF9,True,5.066827738447065,False,0.47725544297393546,1.2832181992447351,0.6768561,0,False
CD320,True,6.423582662142654,False,0.7081854429242097,1.4025750159235963,0.9165941,0,False
ANGEL2,True,4.090300201973025,False,0.5263412407539065,0.41468843827810253,-0.95672303,0,False
MRPL21,True,6.550814035960403,False,0.778505893993801,1.344321754298732,0.78348356,0,False
GLIPR1,True,5.506760651080933,False,0.6656453225566841,1.3149098389184095,0.7763134,0,False
C9orf89,True,4.9307578775151315,False,0.398938896162681,1.3306313340919866,0.7191641,0,False
CBY1,True,4.617781894524083,False,0.34337777560621807,1.3837407949186729,0.8100382,0,False
NFX1,True,5.6856499684551265,False,0.8450661600250833,0.707781228588811,-0.36548075,0,False
MTERFD2,True,5.696500121407713,False,0.6030287142799975,1.3803171558583036,0.8683821,0,False
IER3IP1,True,6.198514631935913,False,0.7747265337688019,1.1806498164308705,0.5049131,0,False
LOC441081,True,4.943682547527829,False,0.6883779056598907,0.7288759503033635,-0.32763273,0,False
SMG1P1,True,5.8978223373062395,False,0.8698073772903276,0.8467511195664063,-0.07577576,0,False
TCEB2,True,7.639642241231336,False,1.3315686716002886,0.996483222538982,0.13571268,0,False
HLA-B,False,12.099920219857934,False,2.1843520736376023,0.4958139111864204,1.1027884,1,False
PPP2R2B,True,4.225881345578014,False,0.27201365260677357,1.4170115350390997,0.8971668,0,False
ZNF800,True,4.723698699104839,False,0.4926391863016692,1.1088266940396698,0.33338487,0,False
MYCBP,True,4.817522430455245,False,0.44432765634358323,1.2847147362301792,0.655336,0,False
PIGO,True,4.7225928072762455,False,0.41786227107364,1.2680756703203975,0.6138673,0,False
SLC35E3,True,5.466638517316685,False,0.9940574143665784,-0.07986618628379111,-1.8180795,0,False
CSRP2,True,4.765149497893876,False,0.26522304511180517,1.3446421590577393,0.72101456,0,False
TIMM13,True,5.620042004639213,False,0.7471400894351913,1.0869013726599488,0.2680573,0,False
MCM6,True,5.1661955376397115,False,0.4855415965628571,1.3040116963986317,0.7123504,0,False
EIF4A2,False,8.909669351707825,False,1.6270593565618419,0.7839305851343885,-0.06901301,0,False
USP22,True,5.269263654224522,False,0.7794390775721154,0.7474272172476664,-0.3195192,0,False
TMX2,True,6.922250015788817,False,0.901811566368527,1.2643315895165999,0.66284925,0,False
MEF2BNB,True,4.723844218085167,False,0.4717044007871999,1.171921325546593,0.42982018,0,False
PON2,True,6.062373101512826,False,0.6104201080069155,1.268015521380174,0.6555288,0,False
KIAA0430,True,4.09861710629448,False,0.4519452279402577,0.9912343704241642,0.06440513,0,False
PTP4A1,True,6.05211416538288,False,0.8496541968561684,0.9941734887791431,0.16029085,0,False
UBR2,True,5.445953581549189,False,0.7555373940169287,0.9202328169011895,0.020421145,0,False
GTF3C6,True,6.686120238208697,False,0.8932963716921325,1.2605525950659648,0.6818415,0,False
VOPP1,True,6.141934798927903,False,0.6987048548809219,1.4168655160582588,0.9517285,0,False
PIGW,True,4.458181051394827,False,0.6259306436857011,0.2232073107099689,-1.2922504,0,False
SAE1,True,6.166660494266669,False,0.7740939830969106,1.271444419015119,0.69033366,0,False
OAZ1,False,10.155375593651575,False,1.9706465096075605,0.3791501758365343,-0.31090033,0,False
SGCE,True,4.511501228486009,False,0.2910445584409238,1.1706435760314484,0.39796862,0,False
YIPF5,True,5.552797438668021,False,0.7796038014518847,0.8333933493703907,-0.16773814,0,False
TCF7,True,5.457290265339743,False,0.6368704795968629,1.3054647009537956,0.7509926,0,False
MIOS,True,4.106508837427312,False,0.294200895402022,1.3201723838307893,0.7046015,0,False
RLIM,True,4.055164008280963,False,0.5951964137498682,0.3074113332471339,-1.2224672,0,False
SAMD9,True,4.436950955167216,False,0.4339488144415322,1.2227590365199221,0.53072,0,False
LOC100506710,True,5.650619152986798,False,0.6578595040195938,1.2373561334907004,0.63118386,0,False
RNF19A,True,6.4468607377256255,False,0.9095456967535593,1.080617846727491,0.34901625,0,False
YKT6,True,4.221684561258148,False,0.381291606711724,1.1723137639033958,0.40020227,0,False
GMDS,True,5.340171483162606,False,0.49934978909922545,1.3325235435148932,0.7801825,0,False
SPARC,True,7.966090806220166,False,0.8239830729087463,1.3850744884319084,0.87294,0,False
UBE2V2,True,6.56855187526674,False,0.8905888539199285,1.2407210488688183,0.64212334,0,False
XAGE1D,True,4.10187835906473,False,0.33577947722526935,1.0729627977385099,0.19521812,0,False
GTF3C1,True,4.372239456964742,False,0.4702955246624786,0.9540323663092352,0.062276334,0,False
ZNF266,True,4.9946600264357555,False,0.43153561960432474,1.343414451539111,0.7959497,0,False
VTI1B,True,6.31049068192592,False,0.8100438511489423,1.290153228934805,0.70920134,0,False
TATDN1,True,5.724642867295907,False,0.6012123684805031,1.3675229335144805,0.8272627,0,False
KPNB1,True,5.53585339204499,False,0.8136573661102183,0.8775778723222784,-0.07109124,0,False
SLC25A38,True,5.902067266752736,False,0.590828979234129,1.5040216470896743,1.0879776,0,False
DCTN2,True,6.645081728965612,False,0.8866748349983604,1.232441333639759,0.6236629,0,False
CTHRC1,True,5.862589848075823,False,0.5019619050934729,1.3285448180376709,0.72318226,0,False
IFT20,True,5.230766241852468,False,0.5156999002503198,1.28615567862918,0.64922136,0,False
C10orf54,True,5.845915493979416,False,0.7447953982262827,1.2598836026599773,0.6679775,0,False
OLA1,True,5.076942968322615,False,0.7393209916004582,0.7251218641774053,-0.38028994,0,False
FAM120B,True,6.179137840204416,False,0.8325883277587351,1.2038664257415574,0.5517685,0,False
SSBP1,True,7.889109153413886,False,1.201154818113026,1.2517558276640528,0.6895244,0,False
KPNA6,True,5.521349489945799,False,0.914966776743438,0.4573283080935918,-0.8453681,0,False
SUPT7L,True,4.790756731695268,False,0.646159198090616,0.6659514758300096,-0.54124093,0,False
SHKBP1,True,6.445355697901584,False,0.8409429145458415,1.2766279057130538,0.7102389,0,False
CSF1R,True,4.946147506038667,False,0.26665478804817,1.6355713741032254,1.3090442,0,False
NAGK,True,5.852172712494874,False,0.64609377935735,1.3246397323392112,0.75295115,0,False
HIST1H4C,True,8.383785935813497,False,1.1470854840518694,1.4552148323861878,1.149404,0,False
TOMM7,True,8.546425167701502,False,1.5863332689408927,0.8630923190449638,0.13363673,0,False
TNFSF14,True,4.3561102790352235,False,0.577863097037753,0.4459738821212892,-0.93301725,0,False
VTA1,True,5.593754136183069,False,0.706135050027931,1.1663652882718676,0.4430308,0,False
AOAH,True,6.1216818727540705,False,0.6448736418306709,1.4907034576691105,1.0859299,0,False
PNN,True,5.778671079006372,False,0.853734282076958,1.0064037158810253,0.16517754,0,False
RBM43,True,4.071765654439567,False,0.6489740979053623,-0.12391268933593318,-1.9593526,0,False
DDX3X,True,6.223504885462281,False,0.941816734740444,0.7972513640733849,-0.15549353,0,False
HNRNPL,True,4.893726928927207,False,0.836890383165624,0.35807012322127985,-1.053848,0,False
RPL26L1,True,5.2152217156367975,False,0.4943820102551033,1.2671370089588587,0.60366756,0,False
SYTL3,True,5.7971808249316865,False,0.6003041940616801,1.4709666447047807,1.0738008,0,False
GOLGA4,True,5.057160691710219,False,0.7005401505124291,0.8471224861709383,-0.14493993,0,False
ATPAF2,True,4.685135193247246,False,0.3630128179683565,1.3962583443473464,0.87759477,0,False
ECD,True,5.382511692638203,False,0.5538586583916866,1.29069812935066,0.6975212,0,False
PNPO,True,5.954885835879235,False,1.178447806386214,-0.2320812480506444,-2.901573,0,False
TDP2,True,5.14666933603097,False,0.45795493265634385,1.4049264050482528,0.9123171,0,False
PINX1,True,4.186810954419802,False,0.2773995557118902,1.3684270952011277,0.7998373,0,False
SELENBP1,True,5.095401794821556,False,0.38670045636533046,1.27197112298445,0.5687146,0,False
TMED4,True,6.72822801335435,False,0.8690310140604499,1.2786778627917572,0.7141981,0,False
TTC38,True,4.566184849433113,False,0.361946873312034,1.3602209161559142,0.7832203,0,False
CD40LG,True,5.350917374010612,True,0.3503650981448828,1.7967420568369885,1.6804495,2,True
STK17B,True,7.502649233129826,False,1.358835943024698,0.8759860657417136,-0.26391903,0,False
B3GAT3,True,5.861805003507043,False,0.7070169206445844,1.152545354097175,0.45062602,0,False
PISD,True,4.863932313548283,False,0.47103413517811293,1.2377626504377155,0.56002903,0,False
SKA2,True,5.354825310194822,False,0.7546835539244583,0.8408575485772805,-0.14384985,0,False
USP1,True,4.651992212889068,False,0.45759902078681114,1.169366663014309,0.42664137,0,False
CENPM,True,5.450158069383808,False,0.40025496214089573,1.5522080128176121,1.1987096,0,False
SAR1B,True,4.795968839550092,False,0.810919445705323,0.028704053470649346,-1.6205271,0,False
UBE2Q2P1,True,4.83026111190762,False,0.8574136722898598,-0.07954066183794549,-1.7609917,0,False
SCARNA17,True,5.39340554741634,True,0.3998415611389821,1.7216752820277792,1.5144206,1,False
TOB1,True,7.856149877045315,False,1.1879355763238306,1.1802322733358424,0.5046932,0,False
TCEAL1,True,4.560793142366839,False,0.31587866587063174,1.3968516312179293,0.8325197,0,False
ABHD16A,True,5.883251458852506,False,0.6346126282751676,1.2957409453140378,0.68765724,0,False
PPIL6,True,4.201130154777725,False,0.7653814841372899,-0.34852264102346786,-2.3701963,0,False
NDUFB9,True,7.892460650936679,False,1.2062868635430095,1.2591144815874538,0.68157303,0,False
CNOT6L,True,4.829336402475212,False,0.6073929261080397,1.0434869756428813,0.2566484,0,False
S100A9,True,6.92515761080832,True,0.3344793927562247,1.9473238764086656,1.9425724,2,True
RNGTT,True,4.398572112614436,False,0.37684722378425617,1.263693515869949,0.62443936,0,False
PDHA1,True,5.445760057833984,False,0.7163098371692611,0.9664197707455846,0.08255321,0,False
TKT,True,7.7328331575304174,False,1.1488778637008434,1.2075534215312902,0.537935,0,False
DDT,True,7.051145389878038,False,0.9962217041832686,1.3160560511853476,0.81225413,0,False
RNF38,True,4.630471622576109,False,0.46477761202507273,1.1429848304098464,0.4027136,0,False
PRADC1,True,4.0851251394560375,False,0.2524613476644185,1.278804878775412,0.602533,0,False
HERPUD2,True,4.933900137492162,False,0.5527162694432963,0.996504992413648,0.18743567,0,False
CRTAM,True,5.623419699953128,False,0.5534906129561222,1.0807075269407582,0.31306702,0,False
UBE2G1,True,5.148013662331437,False,0.6126593822770006,1.0867238358595548,0.30382088,0,False
TPX2,True,4.205821071064408,False,0.2636109397718992,1.2736837337176419,0.5881591,0,False
CSTF1,True,4.99636396168087,False,0.4430063037228428,1.3046410115404672,0.6961883,0,False
BTN2A1,True,5.121253851351299,False,0.500808714515255,1.2549187419149153,0.61489516,0,False
C15orf48,True,4.1743636037815515,True,0.15197106643205582,1.7618713084002922,1.5574034,1,False
ZNF131,True,4.525264022328395,False,0.3852343902534828,1.2955339565343826,0.6436378,0,False
USP47,True,4.37135087689738,False,0.46211436592656474,0.9843493620493423,0.086536154,0,False
SP140L,True,5.2483687670201356,False,0.6606860036992777,0.9949117794310995,0.15656342,0,False
PAPOLA,True,6.177535597702758,False,0.9544480435259585,0.7675809240287147,-0.24587125,0,False
MSH3,True,4.200264766331745,False,0.5766570014051042,0.2650289252935838,-1.2601534,0,False
LINC00665,True,4.942405714076394,False,0.8689669903448287,0.10578897278432697,-1.5492337,0,False
NDUFAB1,True,7.4952782752336224,False,1.0727085228439925,1.3111275742325565,0.7897597,0,False
BAK1,True,5.578082401901008,False,0.5897488868338554,1.3197458868224023,0.75411433,0,False
MRPL45,True,5.441917426915402,False,0.525691073501936,1.3885900079495688,0.8348362,0,False
MS4A10,True,4.534758592140456,False,0.8347694515346614,-0.26161288552918577,-2.1391404,0,False
TTC37,True,4.123470712184848,False,0.3830527500633776,0.9897840088337668,0.06172604,0,False
SPN,True,5.50731627727089,False,1.0165393641935294,0.05392636733634738,-1.5945247,0,False
GPR143,True,6.268593793613431,False,0.5351378102807138,1.3658885506691014,0.80305296,0,False
ATP5D,True,7.5262317939606,False,1.199893104982741,1.1405099389652638,0.36204574,0,False
LRRC37A4P,True,4.549168559812391,False,0.6148625288283581,0.7948097557001823,-0.22649057,0,False
RPS5,False,11.538001397507804,True,2.136684545902365,0.5928427373700538,2.0221498,2,True
ANP32E,True,6.784038062974686,False,1.047371860810203,1.0819237752817963,0.2695398,0,False
YEATS4,True,5.197598511165614,False,0.4527428616678883,1.3814966965737452,0.84996784,0,False
PCOLCE,True,5.617752370976039,False,0.3170394896643493,1.4000981604517084,0.83603203,0,False
LAX1,True,5.340539077588659,False,0.5525937865559287,1.202714755374631,0.54347056,0,False
LOC643733,True,5.004038368953615,False,0.343453439560907,1.6467914511866484,1.3803658,0,False
SPPL2B,True,4.279432315292317,False,0.43190429359936655,1.0634590838540805,0.21133314,0,False
ELOVL5,True,6.879297985037488,False,1.0210608438226214,1.123084005930552,0.44455218,0,False
BLOC1S2,True,5.467472090549187,False,0.867248013530561,0.5867894423349919,-0.63096285,0,False
ITM2B,False,9.030022912641115,False,1.633725519190842,0.8317803256474121,0.0527809,0,False
ACSL3,True,5.5082753150382215,False,0.5515107738553786,1.0347682551061004,0.241758,0,False
UTRN,True,5.209146228751788,False,0.7717218337225896,0.8513339131762094,-0.10684473,0,False
SDAD1,True,5.048490127625606,False,0.5720699905664361,1.1584314783408756,0.42102653,0,False
RPL35,False,10.112190344602153,False,1.9320437657993454,0.6134452247387259,0.34336683,0,False
IMPDH2,True,7.566143189463037,False,1.054615120694725,1.3421022189170144,0.8672342,0,False
CLTA,True,7.874833895460956,False,1.1964417492446917,1.1972313936494885,0.50613713,0,False
OGDH,True,6.174929740034609,False,1.0250619442344453,0.5367257758772732,-0.69249547,0,False
ZCRB1,True,5.519794711653313,False,0.7009654468640085,1.1631057613605598,0.4576798,0,False
KPNA3,True,4.0607325401563745,False,0.33272165618921834,1.1491439192367896,0.37359342,0,False
RHOC,True,7.1702489244606955,False,0.9913391177006929,1.296451380911964,0.7759323,0,False
PPP3CA,True,4.9729008494272815,False,0.7012401763572655,0.959417706933859,0.06898518,0,False
ZNF529,True,4.009509627590535,False,0.5194904674757247,0.18185333928826974,-1.3546638,0,False
DDB2,True,5.672080370490577,False,0.6255002603876403,1.3238421663345292,0.74906325,0,False
SPTSSA,True,4.609174244082275,False,0.4837612511798177,0.8740931988332687,-0.11800711,0,False
MKNK1,True,4.797106942837404,False,0.44840269534031707,1.2508232720308945,0.6068383,0,False
ALKBH2,True,4.761699163687382,False,0.36955902801919516,1.3369494998597735,0.7439375,0,False
MTRNR2L4,False,8.05745721398445,False,1.701339581674093,-0.1654091870832962,-2.321885,0,False
C1orf174,True,5.984215875935495,False,1.0311100554601356,0.4039984427177872,-0.94868016,0,False
PLEKHO1,True,4.103694564234261,False,0.32866592223754865,1.2990644007163885,0.7020095,0,False
NPC2,True,8.55974228729083,False,1.223486987921407,1.4014483641691133,1.0906641,0,False
CEP170,True,4.514701762228385,False,0.5022212529524708,0.8712536830077553,-0.10924127,0,False
MSH6,True,4.461502220693124,False,0.3992761124994856,1.0520656825898258,0.20593932,0,False
FRMD6-AS1,True,4.8048890185826085,False,0.7156842280351081,0.8349249348466774,-0.14734878,0,False
TMEM98,True,5.7627021940234355,False,0.5081776562941284,1.3390552249293364,0.75538474,0,False
C1orf216,True,4.007350083467447,False,0.22997032891127722,1.2988383246952406,0.6378642,0,False
PTK2,True,4.007431862916262,False,0.35660085953667364,0.9345937729172227,-0.0822786,0,False
GSDMA,True,4.2144051953964805,False,0.7327065975907914,-0.10652315098709787,-1.8960212,0,False
NDUFA8,True,6.330823313198382,False,0.7598873893997362,1.2712374351386133,0.67249596,0,False
GLTSCR2,True,6.823173260439597,False,0.8260823285140992,1.3635018108706274,0.8585597,0,False
PPM1K,True,5.352386658935488,False,0.9979479929929896,-0.000652497503526861,-1.6773157,0,False
KIR2DL4,True,5.437985980392722,True,0.26380901655622446,1.8478753281780032,1.7435048,2,True
FAM167B,True,4.192325091953881,False,0.2965752187992806,1.278482770951848,0.56939065,0,False
RHEB,True,6.1417373667019435,False,0.8423767256018952,1.1185431817699154,0.3805174,0,False
C4orf27,True,5.218632614568596,False,0.5333934656346022,1.3066511602899693,0.68763036,0,False
FAM213B,True,4.103821744973976,False,0.2960075179291295,1.2401998224792763,0.5434496,0,False
NPM1,False,10.206470419582288,False,1.945966559281235,0.49185489663348164,-0.09313375,0,False
PRPS2,True,5.874073171256426,False,0.706282474770077,1.2557489447081838,0.6351618,0,False
TSPYL4,True,4.703082969802065,False,0.4728063413488063,1.2494340558182504,0.5700013,0,False
CELF1,True,5.406829052889316,False,0.755594969723611,0.9550931178628983,0.093922004,0,False
TASP1,True,4.2693731416249925,False,0.3392281922808762,1.318622145376403,0.7002157,0,False
PDE4C,True,4.549414256453541,False,0.8703206719037921,-0.5229922291301288,-2.5908089,0,False
FYB,True,7.146446005449361,False,1.1926834435395168,1.0753910574204233,0.25201273,0,False
C12orf44,True,5.864523505765543,False,0.5889538060874732,1.3493610693575095,0.7961297,0,False
HVCN1,True,5.482529592842883,False,0.4867439133442817,1.5853976594189623,1.2848227,0,False
MAPRE1,True,6.575443673745957,False,0.9291039879701724,1.1589967015017186,0.48593986,0,False
SENP7,True,4.0902762718817955,False,0.398737139408335,1.0376063016749506,0.17322192,0,False
KIAA0355,True,4.107726536518286,False,0.6245172459753094,0.115897077101554,-1.4849033,0,False
ABI2,True,4.264901927574141,False,0.6046645442199765,0.22890622544598943,-1.3493586,0,False
DYNC1H1,True,4.486459553458329,False,0.6203711842179576,0.6569371681189906,-0.48901647,0,False
TMEM33,True,5.158544147168353,False,0.8475478275571937,0.339816867166468,-1.1108457,0,False
POLDIP3,True,5.655409276471005,False,0.6834675738056066,1.1833827894547209,0.4869552,0,False
GPR171,True,6.237262641657147,False,0.5914014395910179,1.6569848955712905,1.401737,0,False
ITFG2,True,5.778470336772044,False,0.6538602022297045,1.323346388950933,0.7569041,0,False
AKNA,True,5.511937987212273,False,0.8526993369692973,0.8348050464106448,-0.08804178,0,False
NBR1,True,5.719415888392058,False,0.7230883383669275,1.0857177622174616,0.33347595,0,False
NDUFC1,True,6.5243724286025016,False,0.924647496181318,1.1934684385658287,0.55108714,0,False
HPS4,True,4.663446359162958,False,0.48947306541280455,1.0162866482767807,0.15660858,0,False
IMMT,True,6.015142313356935,False,0.7546039890665701,1.1892546659337646,0.5180019,0,False
MARK3,True,4.097967300234432,False,0.393016767660819,1.076438076376939,0.23993385,0,False
DRAM2,True,5.8709486162093345,False,0.6920267156620401,1.3511280866806141,0.82951003,0,False
ARPC3,False,9.351827413905543,False,1.7252195801313275,0.8248288560736975,0.35028046,0,False
BRD8,True,5.450337089401534,False,0.6162023306213554,1.1536590997371277,0.4201502,0,False
WDR12,True,4.598963298143781,False,0.40138666970232395,1.1945274140171,0.45967364,0,False
NKTR,True,5.312380962156715,False,0.7612120141161686,0.9021180658939909,-0.023649702,0,False
AURKA,True,4.042636783297082,False,0.2971033102051976,0.8947590593268457,-0.16130252,0,False
TBC1D9B,True,5.1549941476525,False,0.621776212723135,1.0499131587392585,0.21808238,0,False
PNPLA6,True,4.053672962651888,False,0.3686046973794642,1.044422832515244,0.17442797,0,False
AP3B1,True,5.258426970506325,False,0.6243958044760918,1.0710517115598144,0.3017411,0,False
AHCYL1,True,4.127903887888848,False,0.3669584564573509,1.0958348122369732,0.2543924,0,False
RPP14,True,4.632770838190563,False,0.632166322331114,0.5036327474159175,-0.79469186,0,False
LACTB2,True,4.228101870165151,False,0.32990347872859715,1.2654845489256688,0.56766766,0,False
PLEKHM1P,True,5.287104244888301,False,0.5527598099368943,1.2387623736446234,0.5907761,0,False
DDX24,True,6.779271419822636,False,1.05761348382987,1.034712239749223,0.26683703,0,False
SLC35E2,True,4.870138029206342,False,0.7865447215057308,0.24178009357815997,-1.2373377,0,False
NT5C3B,True,4.674469772750483,False,0.3563851994242774,1.2644425798157917,0.58399576,0,False
ASTE1,True,4.345386695273363,False,0.27493186718126605,1.4912162982771089,1.0377917,0,False
GAA,True,5.297117062140131,False,0.5212529005510803,1.1622768239592518,0.44406807,0,False
KLRC1,True,5.001566711954353,True,0.1930499169660697,1.7937925329821172,1.6280745,1,False
MITD1,True,5.904839346493098,False,0.6468093656768013,1.388204035440673,0.869695,0,False
TRAF2,True,5.239643270932766,False,0.4734483339604258,1.3845380831715848,0.858568,0,False
HCK,True,4.923062613353428,False,0.26041415543129487,1.585212976852786,1.2318698,0,False
PSMD6-AS2,True,4.474467837326344,False,0.34267995050002165,1.5192433530509437,1.1192429,0,False
EFHA1,True,5.692756314151065,False,0.63964526656934,1.2703037582941497,0.6758081,0,False
LSM3,True,6.734566550740504,False,0.9201105925087698,1.259044552605224,0.6735895,0,False
FLJ31306,True,6.340902738856351,False,0.9154451471628223,1.0770771458878374,0.34018505,0,False
SPCS3,True,5.492384786466537,False,0.7741426908560418,0.7693152888826538,-0.24754906,0,False
DEF8,True,5.479459207576668,False,0.5188656364994593,1.3165651641960463,0.7035839,0,False
FTH1,False,11.582411883002843,False,2.1426139635306702,0.2598235196541085,-0.5198007,0,False
YWHAH,True,4.498907825132322,False,0.3512089332389775,1.1716436387090017,0.4260214,0,False
NPRL2,True,5.7158226176807885,False,0.5745538596907633,1.4054357753725624,0.9022912,0,False
C12orf65,True,6.065561159069325,False,1.123415014662946,0.24626556235009356,-1.5270295,0,False
COG4,True,5.529798824400586,False,0.5901741604260358,1.2423590265992197,0.5998002,0,False
DNAJC11,True,4.703223491774879,False,0.4493517685279748,1.2306383317855651,0.5258468,0,False
TIMM17A,True,6.14434596585639,False,0.7811986182118236,1.2008939926844724,0.540571,0,False
HNRNPA0,True,5.020832693769239,False,0.623575847052368,0.8383519318371662,-0.13369271,0,False
PCBP1,True,6.953117359136671,False,1.1641254444940123,0.9077908619634241,-0.09036212,0,False
ANO9,True,4.3131378762578105,False,0.3432002849454651,1.3729061058028722,0.82291955,0,False
WDR91,True,4.0426785740949756,False,0.4479230363239983,0.6048924448400744,-0.7346971,0,False
FYN,True,6.635657484983441,False,0.9210165007451085,1.2561335525378854,0.6834762,0,False
CNDP2,True,5.963227037784044,False,0.856640081073263,0.9797792863184289,0.11875712,0,False
BEX2,True,4.7764190661851345,True,0.2731970323124865,1.6954041500333465,1.4829141,1,False
YPEL5,True,7.239952684638469,False,1.0727544527937807,1.223032540634722,0.62450993,0,False
RASA4CP,True,4.205628464216469,False,0.36732822788806047,1.2761298237805017,0.6376711,0,False
DSTYK,True,4.055100835068795,False,0.5611335097207688,0.1896197428850887,-1.3938615,0,False
C17orf89,True,6.127140030109523,False,0.6789893497471897,1.317156949979554,0.7503146,0,False
SERTAD1,True,6.304399158582655,False,0.5874631538102002,1.4721977562743356,1.0782138,0,False
ETV7,True,4.652650712386058,False,0.27402850685862945,1.5332833830526607,1.123597,0,False
CORO1C,True,5.523189786934667,False,0.6672515161185231,1.0170298340782413,0.18205404,0,False
RASAL3,True,4.6924989523345975,False,0.4634424448364546,1.3070943892630345,0.733921,0,False
TMEM176A,True,5.175953680128544,False,0.25025659565701397,1.6998316186510753,1.4545884,0,False
LOC284379,True,4.294931087200314,False,0.7354194928369149,0.032644304215070516,-1.6152883,0,False
CTNNB1,True,7.39978583078101,False,1.1898845447904138,0.7366613034965492,-0.5688774,0,False
SLC7A5P2,True,5.073285243530939,False,0.7611690775008324,0.42830130250036125,-0.87760293,0,False
HNRPLL,True,5.4266553135400635,False,0.6156744852692375,1.1366019438580772,0.43611833,0,False
SLC7A6OS,True,4.817841122424059,False,0.39526939581651127,1.4233869922060842,0.9210717,0,False
THAP5,True,5.197113645525986,False,0.7588202254831674,0.6672081443493627,-0.4575374,0,False
RIC8A,True,5.893885142943761,False,0.663450804941616,1.2961041465948786,0.6969926,0,False
CCND1,True,7.289114714587521,False,0.6641196773240099,1.341276667275159,0.71518666,0,False
CCL4,True,10.186392728411398,True,1.1287655364543636,1.8987733012334962,2.0051513,2,True
ZCCHC10,True,4.465167434050831,False,0.3529711547624352,1.364263450219641,0.81097513,0,False
NOL11,True,5.655041283733297,False,0.5929304384857194,1.2689647818344425,0.64583915,0,False
PSMD2,True,6.749316047800736,False,0.8704175586105621,1.2373551695771954,0.61211866,0,False
USP18,True,4.731452426756112,False,0.3394313260669139,1.3889862046098636,0.8281052,0,False
TOX,True,5.736960850432545,False,0.6467597229288473,1.3319323008729085,0.8168485,0,False
IPO5,True,4.208454374979656,False,0.41123790157039053,1.0524954875031396,0.17667843,0,False
PLEKHO2,True,5.284989659739496,False,0.5624257541664412,1.2022275320343578,0.5241927,0,False
NUDCD2,True,5.963157712175479,False,0.6627802221887711,1.3334851783008166,0.76959795,0,False
SPSB2,True,4.027646096723611,False,0.24125369445466777,1.5031668431463148,1.0222235,0,False
GIGYF2,True,4.26543741807643,False,0.48246522363597233,0.8791766990577639,-0.1289844,0,False
CHMP3,True,5.616835818243765,False,0.7450900479748794,1.0330532738752054,0.20366718,0,False
CEBPZ,True,5.297863547604024,False,0.6445976316453288,1.054392688585835,0.22395273,0,False
SH2D3C,True,5.437543945233934,False,0.5496580186991415,1.4461239208125596,0.97885114,0,False
SNRPG,True,7.6617685687668535,False,1.1518453504055373,1.2225341171684283,0.6022328,0,False
APTX,True,4.760908367759738,False,0.4026743951061573,1.2988733418797738,0.6636274,0,False
BMS1,True,4.0056213927615465,False,0.4828041250677557,0.7094425856154377,-0.4757765,0,False
MAGEA3,True,5.004990905411775,False,0.3997092918077986,1.3059723395480214,0.6506707,0,False
NFATC3,True,5.2695308763377895,False,0.6797345229920095,1.1094281577973315,0.37647897,0,False
EPSTI1,True,5.422345286594274,False,0.6108168581341846,1.316552617121466,0.747457,0,False
SAYSD1,True,4.007666188427278,False,0.31021572226279187,1.1671058163742274,0.41953838,0,False
PRKACB,True,6.175218129208087,False,0.8300420466489977,1.2066695926801327,0.56316316,0,False
HSD17B7,True,4.793707744815928,False,0.4779389763711887,0.9977574897500154,0.121218756,0,False
TMC6,True,6.793023575195626,False,1.0024409167123915,1.1984780028467115,0.5916997,0,False
PCBD2,True,5.016981656665363,False,0.8676568471554247,-0.01358462366020628,-1.6432967,0,False
SF3B2,True,5.926787809546788,False,0.908049305211702,0.8418391401653066,-0.106372684,0,False
RCN1,True,6.1726068536866805,False,0.7122132080359516,1.1072245263693543,0.36153197,0,False
PAK1IP1,True,5.286906040921899,False,0.5147581388508771,1.3022580455220472,0.6624841,0,False
EOMES,True,4.342510207781213,False,0.27723696496976125,1.479770440484775,1.0387712,0,False
PSEN2,True,4.729176566350477,False,0.3596743202312656,1.1691011365221629,0.41145954,0,False
C1orf131,True,4.902727585231575,False,0.46950330632231796,1.2768551138683315,0.6429607,0,False
RUNDC1,True,5.257522485584411,False,1.0083381067043562,-0.2613168814541989,-2.192653,0,False
YES1,True,4.0108609258054715,False,0.5709091855721233,0.05726354308497353,-1.6371678,0,False
CLIC1,False,9.214808231600031,False,1.6915095090211227,0.8527265214790491,0.4253159,0,False
CSAG1,True,4.613913502086534,False,0.33452407979447485,1.3605463642367437,0.73728365,0,False
FAM104A,True,5.768895986724025,False,0.6656152919379414,1.2500468303695351,0.6478684,0,False
ARGLU1,True,7.341126045708085,False,1.2605314619627288,0.7709920991026185,-0.3809002,0,False
HYAL2,True,5.0362367480238595,False,0.24883454500041918,1.2993978152242556,0.6386497,0,False
POLD4,True,6.927582384226903,False,1.2098740578011808,0.7796257556076537,-0.46626097,0,False
ANAPC10,True,4.279980631720591,False,0.34697091905248645,1.268269860939661,0.5952508,0,False
CREM,True,6.416413699704995,False,0.7736788926954564,1.3315688814923394,0.79996824,0,False
PTGER4,True,6.426366571650587,False,0.7349955039916581,1.4411670110595327,1.0137817,0,False
METAP1,True,5.243029909224473,False,0.5206868460048659,1.2821112443453884,0.651957,0,False
BCL2A1,True,6.764456818176532,False,0.6808099985645452,1.614881270868323,1.3012052,0,False
ZBTB24,True,4.006859684101641,False,0.3861450127317724,0.7016658588094417,-0.49504423,0,False
PRDM1,True,6.354191183121627,False,0.8807087174783501,1.2989619071570937,0.7391776,0,False
OR7D2,True,4.679180701322981,False,0.8687258372579372,-0.2937450792225937,-2.14734,0,False
CCDC47,True,5.873508484596778,False,0.6965799174288524,1.0366082606870268,0.23636237,0,False
BIN1,True,6.17405048926435,False,0.7556815994989212,1.4027787857247498,0.9398297,0,False
SRRM1,True,5.686174348498909,False,0.9276679371730452,0.7304189134971695,-0.32713714,0,False
DUSP23,True,6.332558477390386,False,0.7043407409838076,1.3382340097406484,0.7948693,0,False
NUP35,True,4.587996380652824,False,0.3151302845274917,1.3848668171937895,0.8326677,0,False
WDR45B,True,5.637477182302647,False,0.6525519222242306,1.1811572844521203,0.50353247,0,False
CDH3,True,4.437138480565605,False,0.27737841613888103,1.1238145957984405,0.26401168,0,False
PNISR,True,6.53476415786491,False,1.067578229264152,0.9237402132748529,0.05598909,0,False
EI24,True,4.615784217255163,False,0.3905028205251154,1.255752551997429,0.5865921,0,False
RWDD2B,True,4.866775509480741,False,0.4156292363697861,1.3128070170063992,0.6930699,0,False
FAM111A,True,5.008446416476566,False,0.5810528280263558,0.9872746763287803,0.15524976,0,False
INPP5F,True,5.467646706312834,False,0.5333570596119211,1.1462508785718617,0.4288186,0,False
CRADD,True,4.4713746615671015,False,0.2940765482866039,1.3874650417857635,0.84844047,0,False
DUSP12,True,5.754767579359142,False,0.5683821639820166,1.4058035648162532,0.8843461,0,False
CTR9,True,5.083027193631132,False,0.5173738922447022,1.1951111666320744,0.51686317,0,False
CCDC107,True,5.8889852642025176,False,0.6918652378202703,1.3093414565059782,0.74400574,0,False
PTTG1IP,True,7.542421012219747,False,1.0372218577606578,1.1946037869023511,0.5702932,0,False
PSMD9,True,5.720439753027764,False,0.757423350405592,1.0776082416896755,0.30010176,0,False
PARP15,True,5.5970405546664335,False,0.5878313953945122,1.3947076175657376,0.93664616,0,False
TTC19,True,5.257972778698404,False,0.6201573766756203,1.2732026850907396,0.6562854,0,False
MRPS10,True,6.003760239559013,False,0.8504572536338215,0.8738731829780435,-0.08994354,0,False
TRPM7,True,4.327607064888973,False,0.7043803582176325,-0.006211483368630359,-1.6972896,0,False
CECR1,True,6.3697361247977815,False,0.9279702929504515,0.9873213311539165,0.1672779,0,False
PPP2R4,True,4.609870502124726,False,0.5556009103890969,0.8769399519986643,-0.07528129,0,False
NUCKS1,True,5.557551131014482,False,0.9144392871272414,0.5885168251506806,-0.6023502,0,False
IP6K2,True,6.65927525164514,False,0.8550535782544793,1.2815394598200203,0.6973054,0,False
NXN,True,4.706086679488715,False,0.8633903190862331,-0.08864084817892504,-1.9119028,0,False
FOXJ3,True,4.778988997845398,False,0.6587934457501512,0.6444153240132077,-0.50296795,0,False
EIF5B,True,4.866410314695245,False,0.7228822075698229,0.8113490829930285,-0.20050119,0,False
EIF2B4,True,5.48720530001547,False,0.5554824085295335,1.2679999828981408,0.61488247,0,False
LEO1,True,5.167441123309631,False,0.44410145625816244,1.374520400122162,0.848166,0,False
YAE1D1,True,4.65456445887868,False,0.32251313956763017,1.3125091179116346,0.67253417,0,False
SRSF7,True,6.965519985227086,False,1.199733442997673,0.8327718055632229,-0.33433428,0,False
GTF2H1,True,4.947745274470082,False,0.5117481820609079,1.1532775984370813,0.3970013,0,False
FLCN,True,4.810667493266922,False,0.7766914375503589,0.10091189547452814,-1.4914232,0,False
NAMPT,True,6.034781834806897,False,0.7008761688593974,1.0966263129150182,0.34056687,0,False
PCNXL4,True,4.189718162369184,False,0.3847777006562497,1.014018603646173,0.105151646,0,False
MZT2B,True,4.685536790629822,False,0.39617769856451035,1.2309783477938487,0.55708337,0,False
ROMO1,True,7.026250176953428,False,1.0247164776281417,1.2706868695732223,0.7231053,0,False
ACP5,True,7.090275667730264,False,0.8706335884779642,1.392306202895261,0.9184038,0,False
MPHOSPH10,True,4.736816723850096,False,0.4818874710871411,1.204513690144526,0.4941055,0,False
G3BP2,True,5.553517118215959,False,0.6728678379000566,1.0967700465121235,0.35062265,0,False
PYGB,True,5.975738574746885,False,0.6942723549709526,1.1409633416055587,0.41667584,0,False
ZNF430,True,5.017146106926482,False,0.6782820309200726,0.5423602424402976,-0.68951505,0,False
RCHY1,True,4.099052803607435,False,0.3750688933356958,1.1023592483937192,0.27107564,0,False
GTF2A2,True,6.08834815363781,False,0.8298823198950966,1.1085644754040116,0.36461797,0,False
ZNF691,True,4.194810663102206,False,0.24340582156227114,1.4156058593636904,0.8717062,0,False
TACC3,True,5.383938683797729,False,0.49634648473654175,1.4153710550463758,0.94052446,0,False
NAE1,True,6.094462590349954,False,0.7006319785095092,1.3083918173793376,0.7528138,0,False
MS4A4A,True,4.378615877198093,False,0.19806108240507597,1.6334941935223517,1.3163695,0,False
SPOP,True,5.534633758344386,False,0.704775901076448,1.0686752292245343,0.29246187,0,False
DANCR,True,6.620343214572851,False,0.7904050730469698,1.4381300579999774,0.981832,0,False
SUSD3,True,6.150669452603168,True,0.5496655804577915,1.6562948603401222,1.413435,1,False
TYK2,True,5.226993000112074,False,0.5819034588444374,1.1496843861184625,0.43698117,0,False
PIP4K2A,True,7.14695416379748,False,1.2354169590654696,0.897471538660221,-0.29550484,0,False
RRP1,True,5.01970859926182,False,0.42999208403941624,1.262047785244453,0.61152923,0,False
FAM133DP,True,4.563019420535345,False,0.5662097533667663,0.97509001486211,0.07612829,0,False
CTLA4,True,6.165292956573798,False,0.5704320781026855,1.523567085247554,1.1609974,0,False
SNX9,True,4.375630172935988,False,0.39513887125819247,1.0233567737883786,0.15965654,0,False
NECAP1,True,5.032664511120861,False,0.46750117644304523,1.3083605860779617,0.71476537,0,False
MRPL55,True,6.792874873736031,False,0.810506735862007,1.3754803193947445,0.87961406,0,False
RIOK2,True,4.452685575819219,False,0.45681308548135724,0.9462586280594265,-0.010213662,0,False
PDLIM4,True,4.132153902704228,False,0.21217131469699896,1.342809393028651,0.6835823,0,False
NAAA,True,5.310832656548239,False,0.5392497446140012,1.2823162300030435,0.670541,0,False
STX18,True,4.800386679930052,False,0.45919220563192575,1.2271321260056003,0.5456088,0,False
CCPG1,True,5.093407621212971,False,0.5786562807617086,1.0629987574115707,0.28477737,0,False
SLC2A6,True,4.27116738407725,False,0.45974989501791647,0.6776207411388052,-0.4976583,0,False
CFL1,False,9.936727768369526,False,1.9732233006061197,0.07065214736420299,-1.6549803,0,False
CPSF6,True,4.75012652166503,False,0.605221354350867,0.9170711583364275,-0.028500367,0,False
EYA3,True,4.838185576836243,False,0.7683391490741678,0.3072384319136051,-1.1535251,0,False
XIST,True,5.041096380553532,False,0.5919379509926723,1.0829937614334824,0.33812922,0,False
GNE,True,5.2552658602433375,False,1.028381556137377,-0.39843227752539656,-2.452832,0,False
SLC35A2,True,4.0006037574806514,False,0.2835071406170769,1.150822106971343,0.38306862,0,False
MGST2,True,4.548544310740933,False,0.34577491389495074,1.3214272386745956,0.7053009,0,False
NCKAP1L,True,5.924402696234271,False,0.6984827246536491,1.2655122731001143,0.68184334,0,False
EMP3,True,7.3719344875023785,False,1.1956167784812604,1.0619572067565335,0.21851428,0,False
TRA2A,True,6.700105436916879,False,1.0890696180096897,0.9193787375642258,0.04845308,0,False
ESCO1,True,4.302557377100209,False,0.44650323333303177,1.0996528281375066,0.27683264,0,False
RFC1,True,4.554384797758937,False,0.532292225600943,1.0365717090516218,0.2116777,0,False
TRNT1,True,4.012710614717285,False,0.314006389818827,1.1833702771930035,0.42949378,0,False
TMBIM6,True,8.591462583824807,False,1.5675667822937527,0.75956305205958,-0.3322159,0,False
GZMB,True,8.647038232980625,True,0.7168791255409246,1.977751014819333,2.0379686,2,True
ANKRD44,True,7.09032320336761,False,1.1066440822868826,1.0693226989048856,0.30901802,0,False
SNRNP25,True,5.143937905720061,False,0.4337383782981048,1.3575923593541965,0.7970402,0,False
PATL2,True,4.721918456424952,False,0.3704397533151027,1.450766954803342,0.9829703,0,False
STIP1,True,6.957996531715653,False,1.0114779769044513,1.1360883395496189,0.4057179,0,False
CYTIP,True,7.883524174794168,False,1.2065252494143262,1.3731062636208566,0.96951026,0,False
MTDH,True,5.059560186683497,False,0.816733431990168,0.29826940736381613,-1.093299,0,False
HSP90AB1,False,9.976229046808024,False,1.8297584967579659,0.6821664031483583,0.03513345,0,False
ZNF483,True,5.294811860121584,False,1.0373362676707694,-0.19550486008076892,-2.0672755,0,False
LMBR1L,True,4.9123612466230435,False,0.4248676223048865,1.2897080679385324,0.677556,0,False
C2,True,4.91300847382507,False,0.3572010536050372,1.2878159923786856,0.6224924,0,False
EIF4EBP1,True,6.360467113114822,False,0.7248598288873577,1.34978945949404,0.8121207,0,False
SNRK,True,4.645419115876753,False,0.42782894521246756,1.2057337665329033,0.510953,0,False
UTP6,True,5.7918709371232575,False,0.6613333094786414,1.3068858534386898,0.71318996,0,False
DHRS4L2,True,4.315310779957681,False,0.450247552725225,1.0589187045692656,0.21551274,0,False
FBP1,True,4.853869070059846,False,0.20212569489112628,1.63767684475588,1.322949,0,False
FUCA1,True,5.3324252517084565,False,0.4301947553789069,1.4068536234996143,0.87007385,0,False
LOC100506776,True,4.0054028633502305,False,0.40474925684059704,0.8214369945597404,-0.2623154,0,False
NPLOC4,True,4.227599176546121,False,0.40957178409938755,1.0780518565940946,0.22918476,0,False
RAB34,True,6.080245368388304,False,0.6157321480034612,1.3887879618151375,0.8509218,0,False
PJA1,True,4.68883360452937,False,0.3739028119922821,1.3283424187794926,0.7312031,0,False
RB1,True,4.182262453228823,False,0.4119209285974047,1.0128853163718312,0.11991304,0,False
PHLDA2,True,4.130147543031616,False,0.22645561947259374,1.497620131558533,0.9818011,0,False
GGCT,True,5.952192693345234,False,0.6381969264209895,1.3224076508977067,0.73084253,0,False
MPV17,True,7.161594792672486,False,0.9540860981253199,1.2810285664787089,0.7199994,0,False
JMJD4,True,4.5527024752264715,False,0.3658267174873606,1.305936399507797,0.68987453,0,False
HIST1H2BK,True,7.137967967329249,False,0.9121721837689947,1.4739056028968829,1.0896221,0,False
TP53I11,True,4.354800776756193,False,0.3010620612385451,1.362990441240335,0.78211606,0,False
ST3GAL4,True,5.986807905300896,False,0.5612745394308312,1.309199564368233,0.7253732,0,False
ALG8,True,5.759730365942598,False,0.5880862001560011,1.238746511067132,0.5835243,0,False
CYB5R3,True,6.966901319311078,False,1.2037481410629207,0.49821366965855074,-1.1414589,0,False
GLIPR1L2,True,6.118850525407263,False,1.1777527387095599,-0.012929912719131763,-2.3739214,0,False
RABEPK,True,4.790940104850261,False,0.3675939562738214,1.4250635582988025,0.91661394,0,False
MLL5,True,6.399832415951557,False,1.1318764968575135,0.6530512455481158,-0.6261121,0,False
IFT27,True,4.448965857925062,False,0.399221864274391,1.1201577585153348,0.31580508,0,False
STX10,True,5.261165353592032,False,0.5257422070479101,1.2659787007993233,0.6594017,0,False
P4HA1,True,5.749147111422999,False,0.6353132035210158,1.1623499071857175,0.46703455,0,False
DHRS4,True,5.1318136517446,False,0.5140569044925849,1.2971310611209974,0.66569626,0,False
OSBPL2,True,4.828665075002153,False,0.7105402207539133,0.5432569095006967,-0.6971355,0,False
ALDH1A3,True,4.567936107124901,False,0.22709167550191559,1.559376087996923,1.1097971,0,False
TGIF1,True,6.118777626932437,False,0.6925963401402049,1.3085993760773817,0.745545,0,False
ZFAND5,True,5.806782657148444,False,0.8281338562593625,0.7669461783727286,-0.22633235,0,False
ICA1,True,4.488302286187288,False,0.29699782957361487,1.4719753111857292,1.00565,0,False
HNRNPA1P10,False,9.369273015310743,False,1.7252011145737898,0.9001198126715122,0.5551358,0,False
ENTPD1,True,5.185955409861688,False,0.8960420108198233,0.16931194855878334,-1.4001818,0,False
MX1,True,6.917659688843573,False,0.8341927081253986,1.4619177676081314,1.0547342,0,False
LOC100128288,True,4.843961541352009,False,0.9050085908725307,-0.11040848488816134,-1.9602077,0,False
LOXL4,True,5.168594806537257,False,0.32532450095982357,1.3025263904208373,0.6431361,0,False
EXOSC4,True,6.319522502255272,False,0.6943175581752234,1.3421907473816506,0.76847106,0,False
LAMB2,True,4.8471097299969195,False,0.41781097965760294,1.0074556378986173,0.11268992,0,False
SRA1,True,5.836018069702523,False,0.6870963131829346,1.2453404605836815,0.62410825,0,False
ATP6V0A1,True,4.4859573958310826,False,0.4073701226376854,0.9872108759586471,0.05526059,0,False
DYNC2LI1,True,4.026127062309922,False,0.24886953801221245,1.2542398694505432,0.51720613,0,False
CNOT8,True,6.271099943947298,False,0.7713326401775902,1.3233475154964567,0.7912085,0,False
ADAM17,True,4.864917602724118,False,0.6464131344706271,0.764737246505219,-0.28041753,0,False
CPNE1,True,7.4937178008588585,False,1.213864490908292,1.0735735478003694,0.18406133,0,False
NCOA2,True,4.137419667572885,False,0.42716806680144104,1.0192203245038187,0.1442382,0,False
PIAS4,True,4.6582521973559565,False,0.34438306536965135,1.3254988986189664,0.7367173,0,False
USP5,True,4.83860044231429,False,0.4739236493240034,1.1072134170341537,0.34184116,0,False
RABL2B,True,4.6955856629538815,False,0.512270916650736,1.0072864692128407,0.1335607,0,False
HAPLN3,True,5.746387687661173,False,0.5609115903791473,1.4509291196911671,0.9975634,0,False
LZIC,True,4.8501730279197615,False,0.42877276163234823,1.3184118617275828,0.71127355,0,False
KIAA0226,True,4.54073889599464,False,0.6831148731994692,0.39602599393720483,-0.96115166,0,False
MRPS25,True,4.927663979932125,False,0.6643909241495056,0.7584909310785972,-0.3120908,0,False
ZMAT2,True,5.729962282366893,False,0.6473974836768763,1.3127838368760198,0.70866144,0,False
HSBP1L1,True,4.113700267195404,False,0.2823849051065789,1.3290825837882632,0.70203036,0,False
RPL11,False,11.4823119957781,False,2.1928420424136092,0.2247535728328624,-0.73070616,0,False
RAP2C,True,4.4917307414993015,False,0.4442458767129377,1.1927353426310257,0.51755726,0,False
GRAP,True,5.221429747764885,False,0.42252764102740376,1.5951227491940463,1.28737,0,False
ELMSAN1,True,5.098165977583575,False,0.7877805328167906,0.7510399387661991,-0.28931582,0,False
TUBB4B,True,7.542992167203415,False,1.0047376494133462,1.3015148153460834,0.7858742,0,False
AZI2,True,5.336607999227012,False,0.6071057559761486,1.1397993651853733,0.40129822,0,False
NUAK2,True,4.794184737329638,False,0.68116423160964,0.5014066759660877,-0.74801534,0,False
IMP3,True,6.823352736805946,False,0.9175083329107733,1.318409636367127,0.7952271,0,False
PCTP,True,4.034647041268543,False,0.2697892974761076,1.2578732419568799,0.5548148,0,False
CD164,True,7.6702237730648335,False,1.2858821314058813,0.948964956271496,-0.15157573,0,False
TMEM167B,True,4.763889819313981,False,0.4142224628127289,1.2794808512237599,0.6544046,0,False
ZKSCAN3,True,5.155590495930177,False,0.9768462852267632,-0.20807633790218083,-2.1441708,0,False
NSG1,True,5.6642073576146945,False,0.4943685987656641,1.3148871400558921,0.7276318,0,False
TPRKB,True,5.352614891017472,False,0.543005268848654,1.3211050221547962,0.7294375,0,False
HIST1H2BD,True,5.316826129739534,False,0.43274126958412684,1.3969860404388226,0.8758237,0,False
ADPGK,True,6.032790994777823,False,0.7605437901034293,1.1875884423331522,0.5316697,0,False
CWC15,True,5.551221049219532,False,0.7057856971210961,1.219351199972138,0.5594314,0,False
PSMB3,True,8.467900259736547,False,1.3780160602200031,1.1596039162710428,0.6084614,0,False
DEDD2,True,6.067496240237116,False,0.6196228542384783,1.4854192228387797,1.093555,0,False
ZBTB3,True,4.62925828918662,False,0.8220341118346417,-0.22642170700745295,-2.0946512,0,False
RPS25,False,11.345292948181953,False,2.156359283762421,0.37105709471844656,0.31622306,0,False
DNM1L,True,4.584040233173822,False,0.5403566556848873,0.7015702283306025,-0.41230667,0,False
EIF1AD,True,5.075727277319864,False,0.741058922307315,0.5720805564570592,-0.6551949,0,False
ORC4,True,8.00257963456668,False,1.6015876226418735,-0.052759726556385264,-2.012225,0,False
ZNF207,True,7.411376766196147,False,1.2029331148378128,0.9992865080903881,0.06607886,0,False
TOLLIP,True,4.65155943734693,False,0.5138068263543567,1.0460485683627325,0.21621294,0,False
ALKBH6,True,5.0926054131483145,False,0.4306762319691886,1.427578976000402,0.9521204,0,False
GYG1,True,6.036806326262379,False,0.621365866531971,1.3945315844481403,0.8844853,0,False
POLR3GL,True,6.2833408204116825,False,0.7544371909748606,1.4000911361221764,0.9103977,0,False
GAPDH,False,12.510223472365826,False,2.2191426233212397,0.3131741372754395,0.4892001,0,False
ERRFI1,True,4.109023732914231,False,0.2176974354529363,1.3262201970702405,0.68937695,0,False
COX7C,False,9.531220901594725,False,1.7211066169690517,0.8940230519596344,0.30730894,0,False
FAM108B1,True,4.0967518944875545,False,0.3115296466337406,1.0019393585372067,0.13350417,0,False
SLC39A1,True,6.587338242003165,False,0.8284105459991364,1.2152319985848545,0.56634444,0,False
MECR,True,4.266401384670309,False,0.46220767810358465,0.7785512926055596,-0.36779782,0,False
KIAA0101,True,5.363646003271343,False,0.6938714415018303,0.7248304171982731,-0.3717428,0,False
VNN2,True,4.952206508849634,True,0.30516863096977614,1.6581749120932554,1.4231734,1,False
MGRN1,True,4.5384896062474125,False,0.5280727570830778,0.9131475405689353,-0.036283318,0,False
TECPR1,True,4.155000797641194,False,0.5338494695285216,0.4855680884027952,-0.7992415,0,False
MRPL30,True,4.270510423563413,False,0.6361020046672311,0.2209117942138921,-1.382921,0,False
CALM1,False,8.319930683488296,False,1.656430463170292,0.39919379619291506,-0.983094,0,False
C8orf33,True,5.568708901585513,False,0.7264219057093513,0.953498534392935,0.043473523,0,False
ACOT8,True,5.541056283766938,False,0.5043764805341129,1.3725488989712704,0.82679015,0,False
EPM2AIP1,True,4.3173116222382015,False,0.4414463553430019,1.0321950635943198,0.1864029,0,False
RPS9,False,10.580444090058501,False,2.056970949867685,0.37048330051804645,0.15372553,0,False
SIVA1,True,7.480132727335983,False,1.0118425186219786,1.3584595397188055,0.8985807,0,False
CD3E,True,7.049784536855686,False,1.0454470519206613,1.2258315831134883,0.6301377,0,False
GPS2,True,6.782443586472507,False,0.8844457607476595,1.3300203184260497,0.79946434,0,False
TP53RK,True,4.564541101818954,False,0.4653982088870394,1.0025630271713548,0.09989463,0,False
KAT7,True,6.052717983301763,False,0.7459900926983347,1.2489338292973533,0.638917,0,False
SMIM11,True,4.7696304120018755,False,0.561502168797614,0.9050565578645805,-0.053035587,0,False
ARL8B,True,6.078389933609183,False,0.7755884812215149,1.1232549705614856,0.40344933,0,False
SATB1,True,4.553507669642839,False,0.41240372029881506,1.3065173548111322,0.6871337,0,False
VPS45,True,4.927124079300256,False,0.48921595756256603,1.1509257144899219,0.38767752,0,False
ZNF850,True,4.2368273759507575,False,0.7774983290492894,-0.5430140504023244,-2.680671,0,False
VGLL4,True,4.4852951406370165,False,0.44314392439831213,0.9905387875883878,0.04206128,0,False
GNPTG,True,6.700452460693983,False,0.8975313239430192,1.2798068884504121,0.68932104,0,False
SYAP1,True,5.3810785668284575,False,0.8659121082398948,0.455649551309835,-0.8878136,0,False
ZBED5,True,4.786587049738819,False,0.4628542043603987,1.2030906081204331,0.51812243,0,False
LTA4H,True,6.454446667595991,False,0.7933438132587436,1.361779711843421,0.85510737,0,False
MAGEA4,True,6.033143336209285,False,0.3737082209802914,1.5632894096329681,1.1626836,0,False
IFIT3,True,6.036908991607816,False,0.7110936323521924,0.9977475595558121,0.12655836,0,False
MYADM,True,5.573836710637815,False,0.700666483455797,1.0109089254716852,0.19749174,0,False
PGK1,False,9.265870991157074,False,1.6654824821153444,0.7970973831946788,0.26784995,0,False
DERL3,True,4.031793484790964,True,0.1660740618225977,1.7418819287407712,1.5190667,1,False
PLOD1,True,5.634619296885115,False,0.5832690014911291,1.1297765895545349,0.35681474,0,False
NPDC1,True,4.671746660759569,False,0.29514374661766596,1.404653303583582,0.85678613,0,False
GPAA1,True,6.61965622038688,False,0.8834227083203849,1.1257266877424494,0.40306675,0,False
LTV1,True,5.425275301647405,False,0.5113182033685856,1.334343081238452,0.7682591,0,False
VAMP2,True,5.164829322085249,False,0.775470484683727,0.8868488128894529,-0.033459786,0,False
RNF135,True,4.763164037136856,False,0.4073414384780394,1.2333993161289434,0.56663334,0,False
SUPV3L1,True,4.619840346421467,False,0.38386726436669383,1.3311826253257115,0.7541103,0,False
FIBP,True,6.450085224198282,False,0.8083781160143755,1.3317173055426967,0.7938042,0,False
RNF25,True,4.846764852494962,False,0.3757765085140219,1.377654734061562,0.82791805,0,False
PTEN,True,5.07464141309282,False,0.5760485447575869,1.0564561847612068,0.29111966,0,False
SETD2,True,4.316894589089674,False,0.4713940637838089,0.9500056893142075,0.032890897,0,False
PACSIN2,True,4.4990931510323025,False,0.48025569768529885,0.8806426097649456,-0.094963744,0,False
PRKCDBP,True,5.832686318560489,False,0.44489930223796986,1.499958178534346,1.02717,0,False
RFX5,True,5.3765633921654175,False,0.585401598460916,1.2908161289496594,0.69506645,0,False
PTPN18,True,4.1353046527434545,False,0.38079664819373304,1.1240228929493128,0.30978388,0,False
SYNE2,True,5.7586628140447464,False,0.87294112655235,0.8582457302228488,-0.07215104,0,False
LOC100129269,True,4.098857353738794,False,0.6871083729192436,-0.06821314968124637,-1.8249074,0,False
SQRDL,True,6.513839672890891,False,0.7460607314121395,1.4838066286646758,1.0988576,0,False
GALK1,True,5.62715685276084,False,0.5037216746927984,1.361289575601016,0.79143184,0,False
FABP7,True,4.194574471104368,False,0.1747366661753451,1.5420736985118422,1.0791521,0,False
EIF3B,True,4.338233237211727,False,0.4217873979401525,1.1401862938550216,0.37792698,0,False
COX14,True,6.4968162641126606,False,0.8649680172129416,1.31947441959669,0.7677449,0,False
KIAA0141,True,4.506107083770078,False,0.5189037832026863,1.0198933672167887,0.13612542,0,False
ALOX5,True,5.039370251677864,False,0.37705711077113935,1.579651628297726,1.2668537,0,False
LYRM2,True,4.2656073801329955,False,0.5491783330549146,0.7415730609638973,-0.38811463,0,False
RNASE6,True,5.972194583133599,True,0.45466293548601927,1.7766015166716589,1.6543248,1,False
MRPS14,True,5.283934038334979,False,0.6076163393228768,1.2106043775079511,0.51627034,0,False
TAF7,True,7.247764201668829,False,1.1040515185956505,1.1919158287711251,0.5653946,0,False
SLC25A26,True,4.459761610961232,False,0.41954068650670506,1.256041020089182,0.6013026,0,False
SMIM3,True,4.15158238410009,False,0.2855651834991797,1.386469115891459,0.7890274,0,False
TGM2,True,4.78895483771363,False,0.29450809624122026,1.399958059108111,0.8309754,0,False
ACTL6A,True,6.1399925160621365,False,0.6837769045854858,1.3226237055856465,0.77712035,0,False
ARHGEF7,True,4.495125692777899,False,0.48041721272705484,1.0335595165764617,0.21649152,0,False
MANBAL,True,5.417761204190224,False,0.5129408705950539,1.3438541836635458,0.73811114,0,False
ZNF277,True,4.435081506716219,False,0.41582722411992934,1.1658490986599173,0.40107453,0,False
APOL6,True,4.7705815276588845,False,0.7181121273784752,0.535085345269039,-0.6878993,0,False
PLK1,True,4.3037461809306174,False,0.2039769070591944,1.4614266648438419,0.9409858,0,False
NDUFA11,True,7.3756534237216265,False,1.2442148202903713,0.9278218352498789,-0.18989672,0,False
PUSL1,True,4.046624964338774,False,0.22405607170122402,1.3988922314746586,0.85362256,0,False
RFTN1,True,5.707559718619015,False,0.6177151512034649,1.4018179679793987,0.90666866,0,False
GUSBP3,True,5.169714655829713,False,0.7162426592335561,0.6008835984730235,-0.5545228,0,False
ZNF141,True,4.249283283253482,False,0.29078699059197155,1.2792924608793705,0.6434621,0,False
IKZF1,True,5.288090950882477,False,0.6654530760564212,1.2044138673943854,0.5616019,0,False
PSMC2,True,6.138659842540899,False,0.8039488341204505,1.1893928549743484,0.5154897,0,False
GGA3,True,4.775879874367409,False,0.5292192245607019,1.0359916662259767,0.22038957,0,False
SFR1,True,4.195099216626731,False,0.43343981693442035,0.7882623638181714,-0.2935518,0,False
THOC2,True,5.295498137671094,False,0.6980010910106433,0.9948700856065328,0.14643297,0,False
VAMP1,True,5.224189399734593,False,0.46549740039603205,1.4314170687409145,0.9416088,0,False
SRI,True,7.132323311114017,False,1.096579356859456,1.1754108457860446,0.49448708,0,False
HLA-E,False,10.63745039232626,False,2.0082922902193676,0.4826054597519038,0.29212958,0,False
SLC25A32,True,5.8431159519454665,False,0.993950256150526,0.26430146520863596,-1.2254313,0,False
FLT3LG,True,4.646573325479132,False,0.4172974927134768,1.3937912468503633,0.88984764,0,False
WDR1,True,7.030997243024061,False,1.188094084172254,0.8098153030300697,-0.3857657,0,False
ATP1B1,True,4.723894443422444,False,0.4543284173151588,1.0428604913805724,0.16454875,0,False
SWAP70,True,5.049124574804975,False,0.6395472401249892,0.8921165733894981,-0.04192169,0,False
TMEM222,True,5.451284818055217,False,0.5327088060106588,1.2960537969032777,0.70724887,0,False
ARNT,True,4.90888128523353,False,0.5457947852105598,1.0195179622109263,0.17845969,0,False
CDKN1B,True,6.054058561012639,False,0.7209569841021044,1.3104532709349628,0.75720143,0,False
LSM14A,True,5.922234470070065,False,0.8736960211611617,1.0285635385949226,0.21592036,0,False
EDC3,True,4.3371123635704585,False,0.41129279671737606,1.1186807583132825,0.34754062,0,False
GMCL1,True,4.659233453386107,False,0.3695341542482975,1.3110320198531662,0.70611465,0,False
DYNLT1,True,7.486121758587048,False,1.034077696071917,1.3649537911102452,0.9139127,0,False
LINC00294,True,5.693758031180993,False,1.1127176897308373,-0.209760469788965,-2.5113072,0,False
C3AR1,True,4.792868245915263,False,0.2619386250108718,1.6355490553286374,1.3374019,0,False
TWF1,True,4.963503985133781,False,0.511349292486285,1.1167240868266288,0.3214727,0,False
MRPS17,True,4.743409275957362,False,0.3631070393390299,1.330792074968355,0.70765215,0,False
MYH9,True,6.540135714261118,False,1.1923043378120695,0.5431834175056582,-1.0337027,0,False
TAF2,True,4.163592514631222,False,0.3754834565804057,1.1130373550769503,0.318845,0,False
COPZ1,True,7.276040756526247,False,1.1204847805284217,1.1196596706620454,0.35555413,0,False
KATNA1,True,4.788450464758647,False,0.3832321706050262,1.3907365287832107,0.8647043,0,False
STIM1,True,5.26405824173378,False,0.584612311753488,1.1986080801729146,0.5596693,0,False
RPS4X,False,12.078357643678444,False,2.26018140475785,0.2934751333643689,0.3334069,0,False
TRMT10B,True,4.512469717810234,False,0.7212676499683373,0.16077720183154814,-1.4104096,0,False
SFSWAP,True,4.181864232598096,False,0.45812593684345404,0.9345487211433705,0.0007152139,0,False
CLP1,True,4.728882877304375,False,0.3199155019046662,1.4893749074037235,1.0236626,0,False
TSC22D3,False,9.927457388041857,False,1.6682893757118793,1.2183040927986228,0.997452,0,False
CASP8,True,6.049599302594471,False,0.8701730877796916,0.8930125967390719,0.016510583,0,False
PTRH1,True,4.793253043693642,False,0.33367743811166695,1.364627475500876,0.7927607,0,False
CASC3,True,5.251950486236005,False,0.7125867011534996,0.9232335122533768,0.024227424,0,False
ARF1,False,9.116093636133176,False,1.6623158693044058,0.8003285895034102,0.2715255,0,False
MAU2,True,4.5188106331036915,False,0.48377140196292245,1.050776776701116,0.21474302,0,False
MOG,True,4.780786135770992,False,0.8614592971765072,-0.07043608453346828,-1.8757797,0,False
ITSN2,True,5.522780049772376,False,0.7217364861029691,1.1138017316198825,0.3831286,0,False
LOC440354,True,5.807960507419139,False,0.9127034570153902,0.8496885853052966,-0.0980237,0,False
DCTN3,True,7.055820459412438,False,0.934203903839422,1.338548584295781,0.83263665,0,False
NT5C,True,6.473663579726889,False,0.7949134808104306,1.35737907296632,0.8401505,0,False
VPS41,True,4.704880587426924,False,0.5660211829842114,0.8283023205934483,-0.19796498,0,False
SMC4,True,4.6726861125939685,False,0.5188614387823803,1.0986251686528878,0.28820208,0,False
RGS19,True,6.325334032152006,False,0.7346868624945779,1.474100939804055,1.0849134,0,False
HLA-DQB1,True,8.269861562197965,False,1.0947197618486437,1.6168234475297247,1.4401389,0,False
NUPL1,True,4.200988452250822,False,0.5344212773500256,0.4061749903950469,-0.959064,0,False
NRAS,True,4.797468011952138,False,0.5115337333924133,1.0648374101417373,0.26603597,0,False
RPL22L1,True,4.554462816756338,False,0.5706238772489622,1.0020551212820188,0.13384123,0,False
OGG1,True,4.532324421788016,False,0.3648294687444198,1.3380596598339034,0.74520785,0,False
TUBA1B,True,9.803155908639209,False,1.559830708327422,1.1314232221155336,0.6640158,0,False
SCAND1,True,6.952384606745618,False,1.0090363038735994,1.19619325636681,0.58329844,0,False
VAPA,True,5.6064955163242916,False,0.9117250193801296,0.7695870384966674,-0.28866178,0,False
STAP1,True,5.087616380384521,True,0.3365896247079415,1.7625687379258905,1.6014105,2,True
USPL1,True,4.462568511298487,False,0.35827077486462716,1.2683224951404266,0.64308095,0,False
PFN2,True,5.373669326854628,False,0.4929463538262383,1.252815178942435,0.5369613,0,False
PPP1CC,True,6.538466298987389,False,0.8217860007303461,1.2912880900793589,0.71218354,0,False
CDCA7L,True,4.233033563441376,False,0.3036901617153671,1.3468702313682475,0.7795542,0,False
NR2C2AP,True,4.73971335793995,False,0.36270399267650755,1.3751352194387474,0.8184715,0,False
FBXW4,True,4.55876859115647,False,0.380848931209976,1.361880915622654,0.8089946,0,False
LEPROT,True,5.365681969638328,False,0.8163606676266254,0.5615881965379488,-0.64986175,0,False
DDX42,True,4.063707443270605,False,0.36762495021727404,1.1473313948992963,0.3437851,0,False
TNFRSF4,True,5.068866624037195,True,0.258976009999272,1.646336508143265,1.3877014,1,False
FBLN1,True,4.735407757139528,False,0.40253843675109013,0.8585860135883673,-0.23950896,0,False
MRRF,True,4.980592447011114,False,0.4488283222832234,1.3470592807239892,0.77638066,0,False
AFF4,True,4.508341310387617,False,0.6169352211180861,0.6798093632315751,-0.45284116,0,False
RAF1,True,5.74835250358258,False,0.6902602318833377,1.174285056581171,0.5080347,0,False
SUB1,True,6.383058317020503,False,1.1543048413156423,0.6893781115899225,-0.56303805,0,False
MRPS33,True,6.38624401823508,False,0.73213985871628,1.4063584631601742,0.91523474,0,False
SNORD47,True,4.81021603144566,False,0.3404371966289738,1.4879651412722266,1.1260399,1,False
P2RX5,True,4.716754657423845,False,0.3389016758194092,1.5491995643625192,1.1796484,0,False
NCR3,True,4.828971919530779,True,0.23299170063022753,1.8528303895671043,1.7370983,2,True
HLA-DPA1,True,9.996998978291435,True,1.5146830111743952,1.4924524945067785,1.48572,1,False
JAKMIP1,True,4.643235928502579,False,0.313968339782947,1.536109627742345,1.1659439,0,False
SNX4,True,5.073653830516085,False,0.5020970072626599,1.2575679038306709,0.61456114,0,False
CCR2,True,4.3519301355900994,True,0.20913715820119821,1.622787952981903,1.3144829,1,False
SH3KBP1,True,6.448054643363082,False,1.017199195765246,1.0207464706161775,0.24019235,0,False
TIMM10B,True,6.022730646016729,False,0.8381616570047954,0.9688917061908853,0.11243638,0,False
COPS2,True,4.83632230018626,False,0.5207913544721159,1.166830850813101,0.45820522,0,False
RTFDC1,True,7.282563850515377,False,1.0988451545126812,1.1962239106978987,0.5303027,0,False
USP30-AS1,True,4.078563961597939,False,0.22310512171428107,1.594992356133383,1.2375891,0,False
SUGT1,True,5.695934627648704,False,0.6715776946341756,1.2108771068604982,0.5283468,0,False
CALR,True,8.554828789596588,False,1.5697418858202559,0.5522778358144235,-0.6283477,0,False
SNRPD1,True,6.255453950861095,False,0.9193932650691266,1.0430095191488364,0.25297025,0,False
LTB,True,7.784429002492556,True,0.8818263492574245,1.753777980869233,1.5601486,2,True
PIP5K1A,True,5.088164086695994,False,0.5557304119675962,1.0849421333141174,0.30428597,0,False
PCNA,True,6.753244231681225,False,0.7397482461718721,1.3869777877445624,0.895825,0,False
AVPI1,True,5.172026438353724,False,0.36734451182534766,1.423961068627078,0.88296807,0,False
ATG5,True,5.036292431001522,False,0.5300615315930074,1.2560059042634875,0.602991,0,False
SGTB,True,4.644653999365462,False,0.7846089729089489,-0.1509452405889576,-1.9473909,0,False
FEM1A,True,4.237812452374022,False,0.3634908223855341,1.1725117583745757,0.41288456,0,False
GM2A,True,5.239234957437581,False,0.6855303092228358,0.8538135574552417,-0.14177682,0,False
ZCCHC7,True,5.362794224631793,False,0.6292067376275813,1.2222182539179225,0.58976,0,False
XRRA1,True,4.045747070471106,False,0.37262031471847445,1.1955154046089835,0.44923475,0,False
TMEM9B,True,6.54406099709482,False,0.8065155368600951,1.3438278427190053,0.82157844,0,False
DNAJA1,True,8.398048597587099,False,1.391531327687159,1.0525042251799386,0.3411222,0,False
CWC27,True,4.864640571072341,False,0.43149093313082054,1.3217552370941983,0.74178034,0,False
NUDT14,True,5.169221051561893,False,0.4340133948166696,1.3795514819408325,0.805487,0,False
GFM1,True,5.117559883005041,False,0.5104242759060842,1.2254493718754715,0.5665211,0,False
BABAM1,True,6.664024293635936,False,0.9033613804257795,1.309847456416748,0.77741516,0,False
SERF1B,True,5.311785326093686,False,0.7796976534063588,0.47841444242828857,-0.8029261,0,False
CYB561D2,True,6.271400202486642,False,0.6611307111511057,1.4458475528187724,0.9950199,0,False
ADAM10,True,5.401658301403445,False,0.6181327521399742,1.0059704919992094,0.199775,0,False
LIPA,True,6.300921247093318,False,0.6660929721311837,1.3901961129045006,0.86909944,0,False
NAP1L4,True,7.035987632170224,False,1.0923141611839255,1.0668674529217097,0.24100074,0,False
MRPS22,True,5.607043491583083,False,0.532963299266832,1.3680317777673754,0.8194843,0,False
SZRD1,True,5.288369095033665,False,0.7141115033143974,0.9382511758922634,0.04826888,0,False
FAM53C,True,4.066651180469857,False,0.3161518459876893,1.1477244393257795,0.382299,0,False
TPM1,True,5.3457883162183775,False,0.38645437479746986,1.4493219068891912,0.9511409,0,False
PYHIN1,True,6.664386023556461,False,0.836277442080732,1.43343820303541,0.9972809,0,False
DHTKD1,True,4.266351720017461,False,0.6132908161416455,0.24847720222275982,-1.2527741,0,False
NOC2L,True,5.762918491082761,False,0.6824506813204378,1.1817907843312492,0.47915217,0,False
CRTC2,True,4.159006742717616,False,0.4326338420076933,0.9837792057754902,0.1155367,0,False
HNRNPUL1,True,4.470538404773626,False,0.6242289559178927,0.7069802830291653,-0.3931659,0,False
SIN3A,True,4.062850098480795,False,0.4458770236544486,0.8842276117907408,-0.11334405,0,False
ECSIT,True,5.503256967892646,False,0.5123170713476033,1.4690953730278444,1.0259249,0,False
VSIG4,True,5.484473957709872,True,0.2243384863884887,1.8358140347266851,1.7085909,2,True
TXNL1,True,6.516338414999175,False,0.8360869463969366,1.28760871700787,0.70911396,0,False
RNF115,True,4.662112158196286,False,0.34084119084338615,1.355922238174648,0.77639604,0,False
GBA,True,5.906740026745157,False,0.6734626901721082,1.2109760972719301,0.54932916,0,False
ESD,True,6.978072135655258,False,0.9177067836406936,1.3610367985536942,0.8765564,0,False
PNRC1,True,5.679409771397269,False,0.6860886552238263,1.1939622561217769,0.545654,0,False
VDAC1,True,7.661807566887995,False,1.206121557361169,1.1051915578441809,0.30634397,0,False
PPIA,False,9.694211954373248,False,1.9415236028703509,0.09250807157396974,-1.4330353,0,False
CIR1,True,5.332048256284672,False,0.6369333031542241,1.199535609791436,0.4922215,0,False
NHEJ1,True,4.413819805712625,False,0.3798446034335696,1.0917472367366066,0.2517798,0,False
RPSAP58,True,5.441847444238071,False,0.8801890333701321,0.7340782228049676,-0.34763288,0,False
MANEAL,True,4.311440416971453,False,0.7336683699450608,-0.0161630263725579,-1.7348135,0,False
S100A6,True,9.916190553064137,False,1.5563961403744446,1.1688501162097906,0.8477862,0,False
TINF2,True,6.609374786868207,False,0.7999365151873521,1.4347410350390875,1.0038404,0,False
SNX20,True,5.947158034645849,False,0.6765445324699896,1.3430937320338037,0.83168113,0,False
ILF3,True,6.872364223305814,False,1.1696804286316933,0.7844771654999778,-0.44944468,0,False
FLJ31662,True,4.656991022222239,False,0.8392393278373778,-0.08902429473379041,-1.845595,0,False
B3GNT1,True,4.222327341543236,False,0.2889333436742866,1.1144940304781765,0.27731866,0,False
MIAT,True,4.764000524810795,False,0.5066286026054854,1.2514826342222873,0.61723894,0,False
C12orf57,True,7.989405865867729,False,1.245551156135801,1.2534174559423124,0.67560357,0,False
JOSD1,True,4.463791806539899,False,0.6260727838637982,0.4205166566141255,-0.9226442,0,False
SNX14,True,5.018144312071591,False,0.5442745541504841,1.0489504513213497,0.24794948,0,False
UCKL1-AS1,True,4.086333826907941,False,0.682379298967388,-0.2714879322940821,-2.211753,0,False
TBL2,True,4.255052822472546,False,0.3165879239207402,1.1804481737250199,0.42908567,0,False
TADA1,True,4.868209721494086,False,0.38869513971914804,1.396824056345186,0.8514298,0,False
TXLNA,True,5.759585938971483,False,0.7935443781128526,0.9633301103228633,0.073502466,0,False
TMEM187,True,4.115205079128019,False,0.22008943559416932,1.5006618716150686,1.017681,0,False
AIP,True,7.60540163213282,False,1.1223390026165851,1.3379359168048464,0.8253619,0,False
MCEE,True,4.278733281883577,False,0.2966830871497958,1.386359190120659,0.85987616,0,False
HSDL1,True,4.060219997222285,False,0.32254665547057526,1.0026508352962966,0.06962589,0,False
HNRNPH3,True,6.551888463422918,False,0.982542989529328,1.0461339367000217,0.29322115,0,False
DIS3L2,True,4.859289361901279,False,0.45070319054418306,1.270358393756158,0.6288508,0,False
ZNF292,True,5.178744853996276,False,0.7341708606216495,0.915731406735262,0.009505683,0,False
EMC7,True,7.236647385512065,False,1.0012939100664084,1.289091885360355,0.76357275,0,False
CTCF,True,4.398786300992243,False,0.36144656407735676,1.2519224901994912,0.6047618,0,False
CCND3,True,8.002040977474161,False,1.2251076430776453,1.2796312802526622,0.7409358,0,False
COASY,True,5.245446067204282,False,0.5449329565811628,1.2244029844386095,0.5349642,0,False
M6PR,True,7.4625304885952755,False,1.1630564926757236,1.1272929379991505,0.3642832,0,False
ZBTB8A,True,4.978610341900265,False,0.981233213339504,-0.5048387094111078,-2.6119428,0,False
SMYD2,True,4.782971506216498,False,0.3611783520079672,1.3935722164958717,0.8301702,0,False
MED30,True,5.249021946449291,False,0.48250817342688856,1.4144616799534235,0.9326818,0,False
CMAHP,True,4.3031595298053205,False,0.2852460156303446,1.4118528694957178,0.9272629,0,False
MED23,True,4.030957615159866,False,0.34030794962872124,1.1617992586541974,0.4134149,0,False
PSMD14,True,6.630676015154367,False,0.8334715706947782,1.2539951597057304,0.64412016,0,False
PDCD2,True,4.5652522766817905,False,0.3735003603918404,1.3211501384502253,0.73407704,0,False
XCL2,True,6.290082483320868,True,0.3139320006121359,1.8496573646637011,1.782553,2,True
RPF2,True,5.653954767146402,False,0.5543680883289659,1.3589847680004166,0.79337174,0,False
EIF4G1,True,5.51777969111476,False,0.7816401521531617,0.8260457809199394,-0.14775926,0,False
MTPAP,True,4.953835551042408,False,0.7972160469436435,0.1323092192852856,-1.4265295,0,False
UBE2D1,True,4.309284156068851,False,0.332065749181201,1.221823613207192,0.533674,0,False
IDH3A,True,5.402648700364587,False,0.5595175078560793,1.271030633364512,0.63598627,0,False
RANBP3,True,4.56390402995681,False,0.48495368972676356,1.0571741546466695,0.2370786,0,False
HLA-DRB6,True,6.143631209740871,False,0.92653861489741,1.1197059958333124,0.40652487,0,False
NMRAL1,True,5.687197245807852,False,0.613508105127791,1.365995742945839,0.81482583,0,False
LOC645212,True,4.178643791014963,False,0.2957046574539387,1.3976090267305623,0.8474537,0,False
BAG6,True,4.208747922641742,False,0.49108270808529797,0.8473269922584219,-0.20167959,0,False
SEC23A,True,4.884869923817606,False,0.4797185340700886,1.1282352684331252,0.39248154,0,False
MLX,True,5.891369393744525,False,0.7430335713847439,1.178878543853615,0.51204276,0,False
KATNBL1,True,4.3006545552268145,False,0.410672328355571,1.2177089215056411,0.50312144,0,False
TPD52,True,4.722514776706186,False,0.4908048482449079,1.2522808992854344,0.5673114,0,False
PSMA4,True,7.786214869117642,False,1.195884460280549,1.211888842821565,0.5376248,0,False
RILPL2,True,5.8706013952066884,False,0.6047147892555731,1.480326967121138,1.0648181,0,False
ASB16-AS1,True,5.205329165268593,False,0.7166562707700678,0.705265395929715,-0.37339982,0,False
PGM2,True,4.549641049196058,False,0.41484762811194054,1.2088554439872987,0.49392727,0,False
ROCK1,True,5.2984026598180725,False,0.7237198274007235,0.9505033547922767,0.07869145,0,False
TAGLN,True,5.738176091634292,True,0.17035810761005843,1.7566263752651494,1.5402659,2,True
TPSAB1,True,5.49366556099639,True,0.01672617616511906,2.5831913466955436,2.9444985,2,True
GPR82,True,5.084409158303362,False,0.9514835228897497,-0.1883715097938204,-2.06727,0,False
TK1,True,5.399809777506272,False,0.3477155948122085,1.473218155790208,0.98095125,0,False
SNHG3,True,5.912739025535634,False,0.8222619909426183,1.053412917271035,0.27173078,0,False
VEZF1,True,4.854479981557626,False,0.5457475018056452,1.0696356612723454,0.26603073,0,False
MSL2,True,4.314241593044982,False,0.39175256175663364,1.2036961414354403,0.5003961,0,False
ZNF394,True,5.900542075473137,False,0.8357460143989511,0.8755836768005726,-0.07838203,0,False
ODF2,True,4.512139158057322,False,0.3843311926910039,1.2071788532029561,0.49271134,0,False
EPB41,True,5.311560957471451,False,0.6602278059232087,1.0163207754838353,0.20230268,0,False
MED4,True,6.027462184295159,False,0.7885668254526867,1.2322105669811931,0.6092217,0,False
TRABD,True,5.901297397699159,False,0.764857318251809,1.1012151458994848,0.3841408,0,False
COTL1,True,8.662954644453935,False,1.4148190654853439,1.1606383974305756,0.6213069,0,False
PPP1R12B,True,4.196519654603594,False,0.4593030349740431,0.5618872577125181,-0.73623335,0,False
MARCKS,True,4.235592125997046,False,0.4218576210798175,0.9568716199443508,0.04062286,0,False
RRP8,True,4.747291186424532,False,0.3740665555110265,1.3446835829849981,0.7549696,0,False
LAYN,True,4.005786518031086,False,0.2513291465268822,1.3377050379956943,0.72442967,0,False
ATP5SL,True,5.458963467689098,False,0.49739514821216024,1.4062591821053074,0.90453726,0,False
MOSPD3,True,4.336312313641334,False,0.311339189966273,1.343354422922618,0.7344791,0,False
PSMG3,True,6.0349433193214175,False,0.6259643947450002,1.3586425634044512,0.8155102,0,False
OPTN,True,6.054850379812602,False,0.8727593755476306,1.0529912363469904,0.25143027,0,False
AFAP1L2,True,4.217114985934595,False,0.299503356391404,1.2502392509575215,0.5247372,0,False
MAP2K5,True,4.466409691828859,False,0.3768490445740489,1.2170676786477987,0.55006844,0,False
HTATSF1P2,True,4.042018796130091,False,0.6973594473620537,-0.41049927013803217,-2.4417882,0,False
NPEPPS,True,4.979439727115135,False,0.6176602510206288,0.8452739277751536,-0.11249269,0,False
PHF6,True,4.615269004680809,False,0.3666063926279862,1.2983901966194733,0.70705163,0,False
DNMT1,True,4.963016153999588,False,0.6615399466648602,0.8918347464696035,-0.038325507,0,False
SLC7A5,True,5.0556500354397516,False,0.5155856731657683,0.9857955586547751,0.08668453,0,False
CAPRIN1,True,6.151946214674223,False,0.8783393431473465,0.943972223438996,0.054280125,0,False
ATRAID,True,7.828949577828129,False,1.1438065090643517,1.339826704631811,0.8358097,0,False
NAT9,True,5.3511908975793085,False,0.5036682839589124,1.3019712395212302,0.69498456,0,False
ZC3H12D,True,4.7753376214441525,False,0.8767852140282,-0.11668206058547412,-1.9325138,0,False
KCNAB2,True,5.695018453993973,False,0.8222239721424154,0.9766341829840575,0.12052083,0,False
EIF4A1,False,9.118784666288882,False,1.6546588455106757,0.7824121977680892,-0.04002524,0,False
MXI1,True,4.086101533850544,False,0.3219181819388801,1.1156047510171256,0.26620564,0,False
SPTLC2,True,4.129977018798836,False,0.5170531124204403,0.5576969716815944,-0.69076127,0,False
ANKRD13C,True,4.011003035129625,False,0.40789502739680955,1.0136811156963896,0.12996946,0,False
CLINT1,True,5.377126164823194,False,0.6976072083422817,1.0076565461416003,0.17800434,0,False
LEPROTL1,True,7.001216682323488,False,1.0673519823621882,1.170389838176914,0.5245677,0,False
NIN,True,4.34312312367332,False,0.45233334886647925,1.0083352967421344,0.13823432,0,False
DDIT3,True,6.83863951184921,False,0.7058999775264944,1.4780164522279524,1.0560027,0,False
PTGR1,True,4.556276999563734,False,0.3615595245180491,1.2336544430077652,0.49171954,0,False
CNTRL,True,4.523378786631299,False,0.5248129696303534,1.0445314135971617,0.23820736,0,False
HSPA5,True,7.846732771137929,False,1.2668654332888762,0.9628849099371788,-0.10276534,0,False
RALA,True,5.0761631560959914,False,0.5951316778028094,1.0772245426297626,0.27638182,0,False
XPA,True,4.894188925997326,False,0.47172416974652115,1.3459280635194113,0.7683193,0,False
MGME1,True,4.981478088291377,False,0.4767613070419002,1.3142817873891923,0.70470387,0,False
APOBEC3H,True,4.342224342012961,False,0.20866177598926894,1.652409043862027,1.3528866,0,False
GNPTAB,True,4.683721768019016,False,0.5863769604845822,0.5826210276382413,-0.59925765,0,False
ABCC10,True,4.1375026110558775,False,0.35040119283627036,1.1858981540485376,0.45391542,0,False
ACAT2,True,5.51427370346745,False,0.4635870065836534,1.4273905809204144,0.94679713,0,False
SASH3,True,7.477203825822035,False,1.0787231821947842,1.4014053610001378,0.9666705,0,False
ARL14EP,True,5.203987815636004,False,0.5267683689752168,1.2992101890033476,0.7137033,0,False
RPA1,True,5.597841950488016,False,0.6843263392158492,1.184601570974014,0.5038708,0,False
TROVE2,True,6.326944675299384,False,0.8270190842106733,1.1592713812576727,0.46022826,0,False
PLEKHM1,True,4.236479835770031,False,0.4853425245075506,0.9307801605970838,0.005403484,0,False
FNDC3A,True,4.564015830703294,False,0.5380895301600916,0.9412515772556946,0.009547513,0,False
MICB,True,4.220097257960327,False,0.36868037196723213,1.0114980822240351,0.123853594,0,False
IAH1,True,6.6909649135354865,False,0.8428079295755826,1.3455399569041289,0.8210172,0,False
UBE2E1,True,4.636870757183199,False,0.3739529457156885,1.2194102975637868,0.5025094,0,False
GEMIN7,True,4.618610842452928,False,0.3951648537812855,1.31027625224998,0.7274441,0,False
PPIF,True,5.058477446130069,False,0.4961362387645139,1.2455961839131877,0.5966061,0,False
MTRF1L,True,4.07937662640457,False,0.3367509288366992,1.178235946321852,0.42138392,0,False
CSAD,True,4.032557218278874,False,0.5600952203544958,0.2951387141384467,-1.2060955,0,False
MTHFS,True,4.395743272583784,False,0.44898580177131375,1.2209023311246576,0.5206549,0,False
VPREB3,True,5.968854620268223,True,0.3601622593967156,1.973595859691322,2.0246718,2,True
JARID2,True,4.195078607574556,False,0.4737551397884556,0.8904680884444891,-0.09455753,0,False
SRPRB,True,5.529955062817076,False,0.641017426425019,1.1569663083054014,0.42679796,0,False
TTI2,True,4.003816032440687,False,0.2557568972367207,1.2873415168330755,0.62127507,0,False
PAFAH1B2,True,6.482790832423459,False,1.1304026385826988,0.5535900792323059,-0.8595872,0,False
PIGS,True,5.61040363408319,False,0.6394897422661481,1.1857168033353602,0.47746375,0,False
UBAP2L,True,6.220291847942497,False,0.9115342153201162,1.018841538904963,0.20507321,0,False
MLST8,True,5.334967447060536,False,0.5313972798666529,1.2916106248911667,0.6702982,0,False
MOB1A,True,7.073048752040515,False,1.0066690469514115,1.2069580284471717,0.5939116,0,False
GTDC1,True,4.223501230982394,False,0.3484931001593017,1.2545267570162844,0.5736228,0,False
RCE1,True,4.4668483291533905,False,0.31820081236474984,1.3140632541058448,0.69311017,0,False
CD81,True,5.910468463235134,False,0.6951833390199932,1.3067049667946877,0.7184393,0,False
TMCO1,True,5.768196924919918,False,0.8765159690932702,0.9029657418224258,-0.030891541,0,False
PTCHD4,True,4.3128588599676325,False,0.6941490454643165,0.06752846941581024,-1.5607204,0,False
AP3D1,True,4.172722786268606,False,0.4359868854572227,0.9752261861996708,0.05018978,0,False
RPL27A,True,7.57066867386914,False,1.619675551500102,-0.0206661361112771,-1.9827083,0,False
NIPAL3,True,4.890506198101749,False,0.5829547659103236,0.9275093706492052,0.030139314,0,False
DDX54,True,4.929985650668869,False,0.5276793847756531,1.1598414809899409,0.40571037,0,False
AP3S1,True,6.7888143240375705,False,0.9076931379948745,1.2700972428374757,0.7028327,0,False
FGFR1OP,True,4.0873307845246,False,0.3081698593399379,1.2576963880910919,0.5933334,0,False
MED28,True,6.2672733154985805,False,0.7944184797271626,1.2852215446321615,0.7109032,0,False
PTPRA,True,4.1897581032409335,False,0.3496731424880739,1.16104374141065,0.4155503,0,False
INMT,True,4.94000806979615,False,0.91178167513294,-0.12409058972806153,-1.9404042,0,False
ADSL,True,6.97436697362251,False,0.9206667353554511,1.3446714061152831,0.84370196,0,False
HSF1,True,5.419965981769145,False,0.6787045182131544,1.0568573860060575,0.27516216,0,False
LAS1L,True,5.535758345466967,False,0.5547601571303482,1.2924571501057653,0.6981369,0,False
DR1,True,5.741110695000792,False,0.7114825009486245,1.1344722138476926,0.43118405,0,False
BAP1,True,4.56876034445457,False,0.40945807322039235,1.2880559416380382,0.6528632,0,False
TMEM161A,True,4.945832613010358,False,0.4225204176034104,1.300650142669498,0.69396293,0,False
ITM2A,True,8.115842731953933,False,1.070381790258537,1.5756728956137256,1.2938694,0,False
POLR2H,True,5.987878413497232,False,0.596079926648558,1.4004220202798425,0.859815,0,False
SNORA70,True,5.4582395589393435,False,0.5841967651415056,1.3832149321123197,0.89645946,0,False
USF1,True,4.952145278565754,False,0.42838524820918,1.3135715861231168,0.7240253,0,False
JMJD1C,True,4.773347199121135,False,0.6291626432522648,0.8807088825031162,-0.037691474,0,False
NFKBIB,True,4.885412892520998,False,0.8214277093144055,0.13444166479355585,-1.4881939,0,False
AAGAB,True,5.151900271405338,False,0.5447666545575434,1.1994100266207277,0.4893445,0,False
PA2G4,True,6.867460602512439,False,1.127206690205523,0.9539276114333546,-0.073473945,0,False
LOC100190986,True,8.072477254833904,False,1.4492624524757174,0.5796609102420885,-0.8531241,0,False
CADM1,True,4.9939982657874245,False,0.3690252674768014,1.2645624156419095,0.6172369,0,False
ST6GALNAC6,True,5.402415003189948,False,0.5394910435594777,1.441278399846887,0.9964262,0,False
NMI,True,5.858246259345881,False,0.667186571365018,1.3628290337721554,0.8356062,0,False
RPL23,False,10.59486856237039,False,2.0094864706886084,0.3865428442775885,-0.09790648,0,False
B4GALT7,True,4.1635052311368215,False,0.2961071571431638,1.3006677626501455,0.6713149,0,False
SDHC,True,6.01889269873922,False,0.8916119580278778,0.9911371827456956,0.15218922,0,False
ATF6,True,4.428213741109783,False,0.5183346325820334,0.8086935568158462,-0.21798569,0,False
GBF1,True,4.602738640779289,False,0.558439639425888,0.9420875606877694,0.019130992,0,False
EIF2AK1,True,4.196353074257636,False,0.38027737512477894,1.0940581381355394,0.28815338,0,False
B4GALT3,True,5.767277967998375,False,0.6939661619337596,1.2261826851115964,0.5664565,0,False
GGNBP2,True,6.3364374531899434,False,0.8857683996387012,1.1676993489737653,0.5024136,0,False
VCAM1,True,5.590808514217635,False,0.3916034492296572,1.5627536611081725,1.2318289,0,False
PRPF38A,True,5.522421832898238,False,0.6265693607134235,1.275398721758514,0.6553611,0,False
ALG3,True,6.179617565056191,False,0.6981376833983554,1.3145800950440905,0.7494269,0,False
REL,True,5.682618099680155,False,0.7922587511487666,0.7161897583040711,-0.29603952,0,False
EWSR1,True,7.688954785372067,False,1.3134654810259363,0.8595718274497632,-0.28224462,0,False
CR2,True,4.36647120685216,True,0.2115291377522428,1.6960318121205618,1.4868766,1,False
OXNAD1,True,4.8909861458416755,False,0.5881716487678261,1.169888248103546,0.455073,0,False
LLPH,True,5.648006421149202,False,0.7866724040087841,0.8293215913623224,-0.13768294,0,False
PEX10,True,4.127131785350484,False,0.2724544491358583,1.2915991445336044,0.6136612,0,False
KLC1,True,5.130978087411767,False,0.5066833962007203,1.1446137757289114,0.3961574,0,False
MLEC,True,4.241298196377753,False,0.45399204477845434,0.8788364166616459,-0.15042046,0,False
GALE,True,5.408807196564222,False,0.48776232987804474,1.31179367088416,0.6674729,0,False
NT5C2,True,5.034883909331694,False,0.5929474524383935,0.923275166584875,-0.018162291,0,False
AKAP13,True,5.8863524297426215,False,0.953930271057661,0.7597642526711552,-0.2600179,0,False
ZNF337,True,4.275229914251849,False,0.2708098444750146,1.4102460252431697,0.883587,0,False
ACN9,True,4.124830604730559,False,0.3917097582953154,1.101653739695701,0.25687662,0,False
CUL2,True,4.400995249772575,False,0.4033401955014198,1.1663494997539772,0.42174414,0,False
PKM,True,8.28213683015351,False,1.478746926559913,0.563531779518254,-0.9086135,0,False
C6orf106,True,4.126475730712938,False,0.3588758215462857,1.1606114797139995,0.39671636,0,False
FCER2,True,5.55398053538922,True,0.327195988503366,1.9294395220537264,1.9272382,2,True
ARHGDIA,True,5.063953634541391,False,0.7153238666321782,0.7152032527709669,-0.3711896,0,False
GCAT,True,4.467063421579918,False,0.3731991340849244,1.0407053611385089,0.11143692,0,False
LAPTM5,False,9.76578210794966,False,1.696974938429834,1.2415240199794395,1.1422638,0,False
NOLC1,True,5.308285644915759,False,0.6311628780843753,1.1822644248729317,0.487281,0,False
IARS2,True,5.461045225560585,False,0.5980152161902532,1.1386745288398927,0.38501078,0,False
QSOX1,True,5.028214707208609,False,0.5603265623948791,0.9992946026890686,0.12940475,0,False
TMEM55A,True,4.538635619066933,False,0.4115922480718166,1.1740361958106296,0.3953517,0,False
SCAMP2,True,6.755328620745322,False,0.951396808935697,1.1990666654498585,0.5929576,0,False
RTKN,True,4.0604912741374175,False,0.2892205872094752,1.0684373878695999,0.16813712,0,False
LOC728190,True,4.603537291480946,False,0.562367563341925,0.9929725535233573,0.12557049,0,False
TMEM179B,True,7.238004268671663,False,1.0032394406132956,1.2779907432443058,0.74237424,0,False
ADCK3,True,4.819917019755905,False,0.4215103466417265,1.2650069332081055,0.6292227,0,False
CCT5,True,6.886352582496277,False,1.0271512689717857,1.0988396753695113,0.28687698,0,False
RAB27A,True,6.76434483628916,False,1.1653734081859888,0.4261620563610286,-1.3166462,0,False
ARF3,True,4.578523962093874,False,0.5710943486186968,0.8342378031891917,-0.21378767,0,False
CNP,True,5.893138801532482,False,0.8057532073415441,0.9614211538400326,0.09202533,0,False
HLA-DQB2,True,4.713406228118011,False,0.5597921901641421,1.2268557447214024,0.54097193,0,False
SEP15,True,7.543960367621948,False,1.2518423277321338,1.0259744115974105,0.07276948,0,False
MRPL16,True,6.20983674720393,False,0.7339061929926044,1.330406441405335,0.7909979,0,False
RHBDD3,True,4.434249666458274,False,0.3298494664484327,1.1833806124182855,0.43618053,0,False
LPCAT3,True,5.086514965893438,False,0.5615483148298521,1.0027400276199434,0.13455865,0,False
CENPC1,True,4.959622134028419,False,0.5382499062792105,1.2115784784402508,0.53550273,0,False
PSMC3,True,7.009956285449459,False,0.9746168239121078,1.238639745415565,0.6023302,0,False
CERS2,True,6.096862116205318,False,0.7535130122943101,1.1563422721096743,0.4507349,0,False
BLOC1S6,True,4.866549975106456,False,0.6187333781212532,0.6697473957874776,-0.4491069,0,False
BCL11A,True,5.00095288550457,False,0.45309305477670536,1.4934095550878617,1.1124483,0,False
TMEM254,True,4.673548477238025,False,0.35370096515270244,1.3775054121637393,0.81990844,0,False
C11orf31,True,7.1356374416052235,False,1.233523916300861,0.9034003779336061,-0.24507374,0,False
ZNF330,True,5.546110361014579,False,0.5536100925189649,1.3663767654672094,0.78720224,0,False
CLUAP1,True,4.262384297822208,False,0.6677691357503013,0.19471936098880221,-1.4046355,0,False
KDM5D,True,4.244921053677651,False,0.3634969644606108,1.2315701690089802,0.5634271,0,False
PLAC8,True,7.154878176501848,False,1.137132647305065,0.9955337238989734,0.16099088,0,False
BECN1,True,6.711938919572683,False,0.9305499630910007,1.1877700350904288,0.54634583,0,False
GMPS,True,5.6940657061787165,False,0.6081838134054794,1.2605518649380418,0.6241297,0,False
LGALS8,True,4.717579257147305,False,0.5326383014107265,1.077501187381801,0.30243117,0,False
FKBP9,True,5.486026167262524,False,0.6901004383543887,0.5732698453756802,-0.6812084,0,False
SNRNP40,True,6.342477001559754,False,0.7587653288120523,1.3047998321149883,0.7506274,0,False
C6orf47,True,4.545751142574987,False,0.36393081197326693,1.2947130435983278,0.66067946,0,False
DCTN5,True,4.388127399416935,False,0.5472809953906153,0.685363807377356,-0.47562483,0,False
PSME3,True,5.708547642190344,False,0.717895123145784,1.094463591642366,0.35102454,0,False
DBR1,True,4.370173116165598,False,0.45313039003133393,0.7848557562857335,-0.3199898,0,False
NME3,True,5.716340882267941,False,0.5598883420357139,1.3983086965086593,0.8863552,0,False
CHN1,True,4.430058758130399,False,0.2918886432570633,1.3529703552250973,0.7612344,0,False
TMED1,True,5.257496397865235,False,0.46250549373515704,1.3492979290797362,0.7841744,0,False
PMM2,True,4.669369508751201,False,0.44421784609531745,1.188808204314371,0.46335804,0,False
ZSCAN22,True,4.140662888040624,False,0.660736416748412,-0.03916187670611793,-1.7832123,0,False
UAP1,True,4.5272660985273125,False,0.37361736407713486,1.169958071998421,0.41214567,0,False
DHODH,True,4.1428307669422235,False,0.5242843556880256,0.4018265759995874,-1.080438,0,False
RPS14,False,11.95569914739009,False,2.251111159553566,0.33122282051491564,0.072391756,0,False
APBB1IP,True,5.542408119370846,False,0.642806794243038,1.3388435086651298,0.8120249,0,False
SGK196,True,4.144029220370544,False,0.2991025401936033,1.1818333282825026,0.41810924,0,False
CXCL16,True,5.044758055726172,False,0.575882729294434,0.8186521251770627,-0.2533783,0,False
KCNN4,True,5.145469614181764,False,0.43451842269059016,1.3697211464588772,0.817343,0,False
APOL3,True,5.866603178794036,False,0.5646092707510838,1.5365935607028272,1.1758684,0,False
FLNA,True,5.8191419312045145,False,0.9118287158511487,0.6837787466276076,-0.41033667,0,False
IL2RB,True,6.441336537139949,False,0.8220975687847356,1.3303042934237408,0.8009901,0,False
CCDC58,True,4.162283716714629,False,0.34420631432087917,1.2232871655354336,0.5108615,0,False
LRPAP1,True,5.586801049347499,False,0.9859612005995448,0.14532778094713195,-1.4638473,0,False
FKBP1A,True,8.459694524642709,False,1.4823855213325046,0.9178974501969375,0.032456905,0,False
POC1B,True,4.2076192348736425,False,0.3387251406999551,1.223952026958468,0.5299495,0,False
NDUFS7,True,7.450975924335954,False,1.104604781192064,1.2525979780254808,0.6527672,0,False
PRMT7,True,4.996587575321407,False,0.4568440720039597,1.2583359712501232,0.6153053,0,False
ZNF562,True,4.459036094214256,False,0.6358078888526826,0.35902299130477733,-1.0608318,0,False
MAT2A,True,7.147454056273809,False,1.0866411372288158,1.0304375034280473,0.258771,0,False
C2orf74,True,4.9912859408158745,False,0.37367880634072925,1.4880930702087012,1.042231,0,False
TNFAIP8L2-SCNM1,True,5.682176974596006,False,1.0452127495631838,0.3561890565318466,-1.0203817,0,False
KLRD1,True,6.651341342929053,False,1.159681044324652,0.434973255064527,-1.2945887,0,False
MARCH1,True,4.081978942928304,False,0.3446251601464201,1.2977056017970774,0.69580126,0,False
NDRG3,True,5.509870401083771,False,0.7417133734588741,0.8229305738190023,-0.17140314,0,False
RNF6,True,5.091277342273237,False,0.5314413280141159,1.176753643873781,0.48185006,0,False
VAV1,True,5.042052621048844,False,0.4658454102041574,1.460154924360276,1.0181084,0,False
PEPD,True,6.178986755493922,False,0.702253152427585,1.2981580119800755,0.6943764,0,False
RPS6KA3,True,4.358322352870131,False,0.6576520758979727,0.2868210406695513,-1.1861155,0,False
FAM49B,True,6.243447804172772,False,0.926395554595949,1.068132928310497,0.30999237,0,False
PNPLA2,True,4.219413601411947,False,0.3653321550942261,1.0717096463038889,0.24050526,0,False
CNST,True,4.9373666731446075,False,0.5283132140270841,1.103099796795286,0.34085634,0,False
EAF2,True,4.871475275933479,False,0.29518730964834516,1.672986143650577,1.4364209,0,False
VPS13B,True,5.412345230316556,False,0.6353481628676295,1.0401595138753201,0.27117735,0,False
PSMB9,True,8.488297952909596,False,1.3923256261004129,1.2600858129553276,0.8675928,0,False
HCLS1,True,8.012201883311088,False,1.301609279323762,1.2713256541824312,0.8327488,0,False
GOLGA8B,True,5.039463912383123,False,0.615881816882297,0.9973573364595165,0.1706411,0,False
RAB8A,True,6.643150893926473,False,0.9594211786243514,1.194215833766476,0.55570304,0,False
PCIF1,True,6.209978749690657,False,0.7775371922843403,1.252377616569965,0.650982,0,False
PIK3IP1,True,8.091354713650858,False,1.147408852883629,1.5398625300747473,1.3356583,0,False
SNRPD2,True,8.47332517621444,False,1.4530202633235378,1.1032758424856646,0.5379565,0,False
SLC39A6,True,5.318665946777635,False,0.5484795088361836,1.1012325626578359,0.3564986,0,False
CTSC,True,7.705381574364484,False,1.3286577196896827,0.5074675547627301,-1.0190262,0,False
